2026-05-14 13:14:36,041 [INFO] Activator:176 - 


2026-05-14 13:14:36,047 [INFO] Activator:177 - !SESSION log4j initialized
2026-05-14 13:14:40,980 [INFO] LogOutputStream:77 - [STDOUT_REDIRECT] 
2026-05-14 13:14:42,392 [INFO] ApplicationProperties:184 - Using Application install path: C:\ST\STM32CubeIDE_1.19.0\STM32CubeIDE\plugins\com.st.stm32cube.common.mx_6.15.0.202507011659
2026-05-14 13:14:42,408 [INFO] DbMcusXml:78 - Set database path to: C:\ST\STM32CubeIDE_1.19.0\STM32CubeIDE\plugins\com.st.stm32cube.common.mx_6.15.0.202507011659\\db\/mcu/
2026-05-14 13:14:42,409 [INFO] ApiDb:274 - Set plugin database path to: C:\ST\STM32CubeIDE_1.19.0\STM32CubeIDE\plugins\com.st.stm32cube.common.mx_6.15.0.202507011659\\db\/plugins/boardmanager/
2026-05-14 13:14:42,409 [WARN] ApiDb:259 - Overriding images path with different value:  => C:\ST\STM32CubeIDE_1.19.0\STM32CubeIDE\plugins\com.st.stm32cube.common.mx_6.15.0.202507011659\\db\/plugins/mcufinder/images/
2026-05-14 13:14:42,415 [INFO] ApiDb:250 - Set database path to: C:\Users\justa\.stmcufinder\plugins\mcufinder//mcu/
2026-05-14 13:14:42,416 [INFO] DbMcusAds:125 - Set database path to: C:\Users\justa\.stmcufinder\plugins\mcufinder//mcu/
2026-05-14 13:14:42,418 [INFO] CrossReferenceDbSqlite:203 - Set database path to: C:\Users\justa\.stmcufinder\plugins\mcufinder//mcu/cs/
2026-05-14 13:14:42,503 [INFO] RulesReader:64 - Compatibility file has been processed (317 Rules)
2026-05-14 13:14:42,589 [INFO] DbMcusXml:78 - Set database path to: C:\ST\STM32CubeIDE_1.19.0\STM32CubeIDE\plugins\com.st.stm32cube.common.mx_6.15.0.202507011659\\db\/mcu/
2026-05-14 13:14:42,589 [INFO] ApiDb:274 - Set plugin database path to: C:\ST\STM32CubeIDE_1.19.0\STM32CubeIDE\plugins\com.st.stm32cube.common.mx_6.15.0.202507011659\\db\/plugins/boardmanager/
2026-05-14 13:14:42,589 [INFO] ApiDb:261 - Set plugin images path to: C:\ST\STM32CubeIDE_1.19.0\STM32CubeIDE\plugins\com.st.stm32cube.common.mx_6.15.0.202507011659\\db\/plugins/mcufinder/images/
2026-05-14 13:14:42,589 [WARN] DbFile:41 - Overriding database path with different value: C:\Users\justa\.stmcufinder\plugins\mcufinder/ => C:\Users\justa\.stmcufinder\plugins\mcufinder
2026-05-14 13:14:42,589 [INFO] ApiDb:250 - Set database path to: C:\Users\justa\.stmcufinder\plugins\mcufinder//mcu/
2026-05-14 13:14:42,589 [WARN] DbFile:41 - Overriding database path with different value: C:\Users\justa\.stmcufinder\plugins\mcufinder/ => C:\Users\justa\.stmcufinder\plugins\mcufinder
2026-05-14 13:14:42,590 [INFO] DbMcusAds:125 - Set database path to: C:\Users\justa\.stmcufinder\plugins\mcufinder//mcu/
2026-05-14 13:14:42,590 [WARN] DbFile:41 - Overriding database path with different value: C:\Users\justa\.stmcufinder\plugins\mcufinder/ => C:\Users\justa\.stmcufinder\plugins\mcufinder
2026-05-14 13:14:42,590 [WARN] DbFile:41 - Overriding database path with different value: C:\Users\justa\.stmcufinder\plugins\mcufinder/ => C:\Users\justa\.stmcufinder\plugins\mcufinder
2026-05-14 13:14:42,590 [INFO] CrossReferenceDbSqlite:203 - Set database path to: C:\Users\justa\.stmcufinder\plugins\mcufinder//mcu/cs/
2026-05-14 13:14:42,663 [INFO] MainPanel:274 - HeapMemory: 268435456
2026-05-14 13:14:42,750 [INFO] DbMcusXml:78 - Set database path to: C:\ST\STM32CubeIDE_1.19.0\STM32CubeIDE\plugins\com.st.stm32cube.common.mx_6.15.0.202507011659\\db\/mcu/
2026-05-14 13:14:42,750 [INFO] ApiDb:274 - Set plugin database path to: C:\ST\STM32CubeIDE_1.19.0\STM32CubeIDE\plugins\com.st.stm32cube.common.mx_6.15.0.202507011659\\db\/plugins/boardmanager/
2026-05-14 13:14:42,750 [INFO] ApiDb:261 - Set plugin images path to: C:\ST\STM32CubeIDE_1.19.0\STM32CubeIDE\plugins\com.st.stm32cube.common.mx_6.15.0.202507011659\\db\/plugins/mcufinder/images/
2026-05-14 13:14:42,750 [WARN] DbFile:41 - Overriding database path with different value: C:\Users\justa\.stmcufinder\plugins\mcufinder/ => C:\Users\justa\.stmcufinder\plugins\mcufinder
2026-05-14 13:14:42,750 [INFO] ApiDb:250 - Set database path to: C:\Users\justa\.stmcufinder\plugins\mcufinder//mcu/
2026-05-14 13:14:42,750 [WARN] DbFile:41 - Overriding database path with different value: C:\Users\justa\.stmcufinder\plugins\mcufinder/ => C:\Users\justa\.stmcufinder\plugins\mcufinder
2026-05-14 13:14:42,750 [INFO] DbMcusAds:125 - Set database path to: C:\Users\justa\.stmcufinder\plugins\mcufinder//mcu/
2026-05-14 13:14:42,750 [WARN] DbFile:41 - Overriding database path with different value: C:\Users\justa\.stmcufinder\plugins\mcufinder/ => C:\Users\justa\.stmcufinder\plugins\mcufinder
2026-05-14 13:14:42,751 [WARN] DbFile:41 - Overriding database path with different value: C:\Users\justa\.stmcufinder\plugins\mcufinder/ => C:\Users\justa\.stmcufinder\plugins\mcufinder
2026-05-14 13:14:42,751 [INFO] CrossReferenceDbSqlite:203 - Set database path to: C:\Users\justa\.stmcufinder\plugins\mcufinder//mcu/cs/
2026-05-14 13:14:42,769 [INFO] ApplicationProperties:184 - Using Application install path: C:\ST\STM32CubeIDE_1.19.0\STM32CubeIDE\plugins\com.st.stm32cube.common.mx_6.15.0.202507011659
2026-05-14 13:14:42,770 [INFO] PluginManage:196 - Search for loadable plugins [exclusion list=, ]
2026-05-14 13:14:42,771 [INFO] PluginManage:310 - Check plugin analytics
2026-05-14 13:14:42,888 [INFO] AnalyticsPlugin:253 - Accepted Software Licenses: 
2026-05-14 13:14:42,888 [INFO] AnalyticsPlugin:255 - Accepted CMSIS Pack Licenses: 
2026-05-14 13:14:42,888 [INFO] AnalyticsPlugin:257 - Accepted Firmware Licenses: 
2026-05-14 13:14:42,890 [INFO] PluginManage:359 - Loaded plugin analytics (category:tool,tabindex:-1)
2026-05-14 13:14:42,890 [INFO] PluginManage:310 - Check plugin cadmodel
2026-05-14 13:14:42,920 [INFO] CADModel:105 - Init CAD model plugin
2026-05-14 13:14:42,920 [INFO] PluginManage:359 - Loaded plugin cadmodel (category:power,tabindex:5)
2026-05-14 13:14:42,920 [INFO] PluginManage:310 - Check plugin clock
2026-05-14 13:14:42,957 [INFO] PluginManage:359 - Loaded plugin clock (category:base,tabindex:2)
2026-05-14 13:14:42,957 [INFO] PluginManage:310 - Check plugin ddr
2026-05-14 13:14:42,959 [INFO] PluginManage:359 - Loaded plugin ddr (category:tool,tabindex:6)
2026-05-14 13:14:42,959 [INFO] PluginManage:310 - Check plugin filemanager
2026-05-14 13:14:43,075 [INFO] PluginManage:359 - Loaded plugin filemanager (category:base,tabindex:10)
2026-05-14 13:14:43,075 [INFO] PluginManage:310 - Check plugin ipmanager
2026-05-14 13:14:43,083 [INFO] PluginManage:359 - Loaded plugin ipmanager (category:base,tabindex:5)
2026-05-14 13:14:43,083 [INFO] PluginManage:310 - Check plugin lpbam
2026-05-14 13:14:43,110 [INFO] PluginManage:359 - Loaded plugin lpbam (category:base,tabindex:0)
2026-05-14 13:14:43,111 [INFO] PluginManage:310 - Check plugin memorymap
2026-05-14 13:14:43,140 [INFO] PluginManage:359 - Loaded plugin memorymap (category:base,tabindex:4)
2026-05-14 13:14:43,140 [INFO] PluginManage:310 - Check plugin pinoutandconfiguration
2026-05-14 13:14:43,178 [INFO] PluginManage:359 - Loaded plugin pinoutandconfiguration (category:base,tabindex:1)
2026-05-14 13:14:43,179 [INFO] PluginManage:310 - Check plugin pinoutconfig
2026-05-14 13:14:43,284 [WARN] SupportedApi:132 - Cannot load RTOS API schema: s4s-elt-must-match.1: The content of 'definitions' must match (annotation?, (simpleType | complexType)?, (unique | key | keyref)*)). A problem was found starting at: attribute.
2026-05-14 13:14:43,381 [INFO] PluginManage:359 - Loaded plugin pinoutconfig (category:base,tabindex:0)
2026-05-14 13:14:43,381 [INFO] PluginManage:310 - Check plugin power
2026-05-14 13:14:43,413 [INFO] PluginManage:359 - Loaded plugin power (category:power,tabindex:4)
2026-05-14 13:14:43,413 [INFO] PluginManage:310 - Check plugin projectmanager
2026-05-14 13:14:43,424 [INFO] PluginManage:359 - Loaded plugin projectmanager (category:projectmanager,tabindex:4)
2026-05-14 13:14:43,425 [INFO] PluginManage:310 - Check plugin rif
2026-05-14 13:14:43,464 [INFO] PluginManage:359 - Loaded plugin rif (category:base,tabindex:3)
2026-05-14 13:14:43,464 [INFO] PluginManage:310 - Check plugin thirdparty
2026-05-14 13:14:43,642 [INFO] PluginManage:359 - Loaded plugin thirdparty (category:base,tabindex:-1)
2026-05-14 13:14:43,642 [WARN] IntegrityCheckThread:84 - waiting for thirdparty lock release [integrity check]
2026-05-14 13:14:43,642 [INFO] PluginManage:310 - Check plugin tools
2026-05-14 13:14:43,642 [INFO] IntegrityCheckThread:86 - entering critical section [integrity check]
2026-05-14 13:14:43,642 [INFO] ThirdPartyUpdaterWithRetryManager:70 - Updater plugin not ready yet. [1/15]
2026-05-14 13:14:43,647 [INFO] PluginManage:359 - Loaded plugin tools (category:base,tabindex:7)
2026-05-14 13:14:43,648 [INFO] PluginManage:310 - Check plugin tutovideos
2026-05-14 13:14:43,841 [INFO] PluginManage:359 - Loaded plugin tutovideos (category:base,tabindex:-1)
2026-05-14 13:14:43,842 [INFO] PluginManage:310 - Check plugin updater
2026-05-14 13:14:43,859 [INFO] PluginManage:359 - Loaded plugin updater (category:base,tabindex:12)
2026-05-14 13:14:43,859 [INFO] PluginManage:310 - Check plugin userauth
2026-05-14 13:14:43,864 [INFO] UserAuth:118 - Init User Auth plugin
2026-05-14 13:14:43,865 [INFO] PluginManage:359 - Loaded plugin userauth (category:base,tabindex:14)
2026-05-14 13:14:43,865 [INFO] PluginManage:283 - PluginManage : Loaded plugins [18]
2026-05-14 13:14:44,068 [INFO] PinOutPanel:1589 - setPackage(No Configuration,No Configuration)
2026-05-14 13:14:44,156 [INFO] CADModel:165 - CPN selected for project level
2026-05-14 13:14:44,156 [INFO] CADModel:114 - Register for checkConnection events
2026-05-14 13:14:44,177 [INFO] IPUIPlugin:80 - create IPUIPlugin
2026-05-14 13:14:44,177 [INFO] PluginManager:220 - loadIPPluginJar : add adc
2026-05-14 13:14:44,184 [INFO] IPUIPlugin:80 - create IPUIPlugin
2026-05-14 13:14:44,184 [INFO] PluginManager:220 - loadIPPluginJar : add aes
2026-05-14 13:14:44,191 [INFO] IPUIPlugin:80 - create IPUIPlugin
2026-05-14 13:14:44,191 [INFO] PluginManager:220 - loadIPPluginJar : add can
2026-05-14 13:14:44,194 [INFO] IPUIPlugin:80 - create IPUIPlugin
2026-05-14 13:14:44,194 [INFO] PluginManager:220 - loadIPPluginJar : add comp
2026-05-14 13:14:44,201 [INFO] IPUIPlugin:80 - create IPUIPlugin
2026-05-14 13:14:44,201 [INFO] PluginManager:220 - loadIPPluginJar : add cryp
2026-05-14 13:14:44,211 [INFO] IPUIPlugin:80 - create IPUIPlugin
2026-05-14 13:14:44,211 [INFO] PluginManager:220 - loadIPPluginJar : add ddr_ctrl_phy
2026-05-14 13:14:44,216 [INFO] IPUIPlugin:80 - create IPUIPlugin
2026-05-14 13:14:44,216 [INFO] PluginManager:220 - loadIPPluginJar : add dfsdm
2026-05-14 13:14:44,228 [INFO] IPUIPlugin:80 - create IPUIPlugin
2026-05-14 13:14:44,229 [INFO] PluginManager:220 - loadIPPluginJar : add dma
2026-05-14 13:14:44,235 [INFO] IPUIPlugin:80 - create IPUIPlugin
2026-05-14 13:14:44,235 [INFO] PluginManager:220 - loadIPPluginJar : add dma3
2026-05-14 13:14:44,242 [INFO] IPUIPlugin:80 - create IPUIPlugin
2026-05-14 13:14:44,242 [INFO] PluginManager:220 - loadIPPluginJar : add extmemmanager
2026-05-14 13:14:44,246 [INFO] IPUIPlugin:80 - create IPUIPlugin
2026-05-14 13:14:44,246 [INFO] PluginManager:220 - loadIPPluginJar : add fatfs
2026-05-14 13:14:44,254 [INFO] IPUIPlugin:80 - create IPUIPlugin
2026-05-14 13:14:44,254 [INFO] PluginManager:220 - loadIPPluginJar : add fmc
2026-05-14 13:14:44,286 [INFO] IPUIPlugin:80 - create IPUIPlugin
2026-05-14 13:14:44,286 [INFO] PluginManager:220 - loadIPPluginJar : add freertos
2026-05-14 13:14:44,291 [INFO] IPUIPlugin:80 - create IPUIPlugin
2026-05-14 13:14:44,291 [INFO] PluginManager:220 - loadIPPluginJar : add genericplugin
2026-05-14 13:14:44,299 [INFO] IPUIPlugin:80 - create IPUIPlugin
2026-05-14 13:14:44,299 [INFO] PluginManager:220 - loadIPPluginJar : add gfxmmu
2026-05-14 13:14:44,311 [INFO] IPUIPlugin:80 - create IPUIPlugin
2026-05-14 13:14:44,311 [INFO] PluginManager:220 - loadIPPluginJar : add gic
2026-05-14 13:14:44,329 [INFO] IPUIPlugin:80 - create IPUIPlugin
2026-05-14 13:14:44,329 [INFO] PluginManager:220 - loadIPPluginJar : add gpio
2026-05-14 13:14:44,338 [INFO] IPUIPlugin:80 - create IPUIPlugin
2026-05-14 13:14:44,338 [INFO] PluginManager:220 - loadIPPluginJar : add gtzc
2026-05-14 13:14:44,343 [INFO] IPUIPlugin:80 - create IPUIPlugin
2026-05-14 13:14:44,343 [INFO] PluginManager:220 - loadIPPluginJar : add hash
2026-05-14 13:14:44,350 [INFO] IPUIPlugin:80 - create IPUIPlugin
2026-05-14 13:14:44,350 [INFO] PluginManager:220 - loadIPPluginJar : add i2c
2026-05-14 13:14:44,356 [INFO] IPUIPlugin:80 - create IPUIPlugin
2026-05-14 13:14:44,356 [INFO] PluginManager:220 - loadIPPluginJar : add i2s
2026-05-14 13:14:44,363 [INFO] IPUIPlugin:80 - create IPUIPlugin
2026-05-14 13:14:44,363 [INFO] PluginManager:220 - loadIPPluginJar : add i3c
2026-05-14 13:14:44,371 [INFO] IPUIPlugin:80 - create IPUIPlugin
2026-05-14 13:14:44,371 [INFO] PluginManager:220 - loadIPPluginJar : add ipddr
2026-05-14 13:14:44,382 [INFO] IPUIPlugin:80 - create IPUIPlugin
2026-05-14 13:14:44,383 [INFO] PluginManager:220 - loadIPPluginJar : add linkedlist
2026-05-14 13:14:44,388 [INFO] IPUIPlugin:80 - create IPUIPlugin
2026-05-14 13:14:44,388 [INFO] PluginManager:220 - loadIPPluginJar : add lorawan
2026-05-14 13:14:44,394 [INFO] IPUIPlugin:80 - create IPUIPlugin
2026-05-14 13:14:44,394 [INFO] PluginManager:220 - loadIPPluginJar : add ltdc
2026-05-14 13:14:44,410 [INFO] IPUIPlugin:80 - create IPUIPlugin
2026-05-14 13:14:44,410 [INFO] PluginManager:220 - loadIPPluginJar : add mdma
2026-05-14 13:14:44,425 [INFO] IPUIPlugin:80 - create IPUIPlugin
2026-05-14 13:14:44,426 [INFO] PluginManager:220 - loadIPPluginJar : add nvic
2026-05-14 13:14:44,431 [INFO] IPUIPlugin:80 - create IPUIPlugin
2026-05-14 13:14:44,431 [INFO] PluginManager:220 - loadIPPluginJar : add opamp
2026-05-14 13:14:44,439 [INFO] IPUIPlugin:80 - create IPUIPlugin
2026-05-14 13:14:44,439 [INFO] PluginManager:220 - loadIPPluginJar : add openamp
2026-05-14 13:14:44,446 [INFO] IPUIPlugin:80 - create IPUIPlugin
2026-05-14 13:14:44,447 [INFO] PluginManager:220 - loadIPPluginJar : add pdm2pcm
2026-05-14 13:14:44,464 [INFO] IPUIPlugin:80 - create IPUIPlugin
2026-05-14 13:14:44,466 [INFO] PluginManager:220 - loadIPPluginJar : add plateformsettings
2026-05-14 13:14:44,470 [INFO] IPUIPlugin:80 - create IPUIPlugin
2026-05-14 13:14:44,471 [INFO] PluginManager:220 - loadIPPluginJar : add quadspi
2026-05-14 13:14:44,475 [INFO] IPUIPlugin:80 - create IPUIPlugin
2026-05-14 13:14:44,476 [INFO] PluginManager:220 - loadIPPluginJar : add radio
2026-05-14 13:14:44,512 [INFO] IPUIPlugin:80 - create IPUIPlugin
2026-05-14 13:14:44,512 [INFO] PluginManager:220 - loadIPPluginJar : add resmgrutility
2026-05-14 13:14:44,520 [INFO] IPUIPlugin:80 - create IPUIPlugin
2026-05-14 13:14:44,520 [INFO] PluginManager:220 - loadIPPluginJar : add sai
2026-05-14 13:14:44,526 [INFO] IPUIPlugin:80 - create IPUIPlugin
2026-05-14 13:14:44,526 [INFO] PluginManager:220 - loadIPPluginJar : add spi
2026-05-14 13:14:44,536 [INFO] IPUIPlugin:80 - create IPUIPlugin
2026-05-14 13:14:44,536 [INFO] PluginManager:220 - loadIPPluginJar : add stm32_wpan
2026-05-14 13:14:44,540 [INFO] IPUIPlugin:80 - create IPUIPlugin
2026-05-14 13:14:44,541 [INFO] PluginManager:220 - loadIPPluginJar : add tim
2026-05-14 13:14:44,549 [INFO] IPUIPlugin:80 - create IPUIPlugin
2026-05-14 13:14:44,549 [INFO] PluginManager:220 - loadIPPluginJar : add touchsensing
2026-05-14 13:14:44,553 [INFO] IPUIPlugin:80 - create IPUIPlugin
2026-05-14 13:14:44,553 [INFO] PluginManager:220 - loadIPPluginJar : add tracer_emb
2026-05-14 13:14:44,558 [INFO] IPUIPlugin:80 - create IPUIPlugin
2026-05-14 13:14:44,558 [INFO] PluginManager:220 - loadIPPluginJar : add ts
2026-05-14 13:14:44,562 [INFO] IPUIPlugin:80 - create IPUIPlugin
2026-05-14 13:14:44,562 [INFO] PluginManager:220 - loadIPPluginJar : add tsc
2026-05-14 13:14:44,567 [INFO] IPUIPlugin:80 - create IPUIPlugin
2026-05-14 13:14:44,567 [INFO] PluginManager:220 - loadIPPluginJar : add ucpd
2026-05-14 13:14:44,574 [INFO] IPUIPlugin:80 - create IPUIPlugin
2026-05-14 13:14:44,575 [INFO] PluginManager:220 - loadIPPluginJar : add usart
2026-05-14 13:14:44,581 [INFO] IPUIPlugin:80 - create IPUIPlugin
2026-05-14 13:14:44,581 [INFO] PluginManager:220 - loadIPPluginJar : add usbx
2026-05-14 13:14:44,714 [FATAL] Updater:351 - Updater called before beeing initialized
2026-05-14 13:14:44,732 [INFO] RulesReader:64 - Compatibility file has been processed (317 Rules)
2026-05-14 13:14:44,740 [INFO] RulesReader:64 - Compatibility file has been processed (317 Rules)
2026-05-14 13:14:44,746 [INFO] CADModel:165 - CPN selected for project level
2026-05-14 13:14:44,746 [INFO] CADModel:114 - Register for checkConnection events
2026-05-14 13:14:44,746 [FATAL] Updater:351 - Updater called before beeing initialized
2026-05-14 13:14:44,746 [ERROR] CADModel:125 - Updater not yet initialized, retry later 
2026-05-14 13:14:44,877 [FATAL] Updater:351 - Updater called before beeing initialized
2026-05-14 13:14:44,878 [INFO] CADModel:165 - CPN selected for project level
2026-05-14 13:14:44,879 [INFO] CADModel:114 - Register for checkConnection events
2026-05-14 13:14:44,879 [FATAL] Updater:351 - Updater called before beeing initialized
2026-05-14 13:14:44,879 [ERROR] CADModel:125 - Updater not yet initialized, retry later 
2026-05-14 13:14:44,882 [FATAL] Updater:351 - Updater called before beeing initialized
2026-05-14 13:14:44,994 [FATAL] Updater:351 - Updater called before beeing initialized
2026-05-14 13:14:44,999 [INFO] DbMcusAds:53 - JSON generation date=Fri Apr 10 12:19:02 EEST 2026 (1775812742310)
2026-05-14 13:14:44,999 [FATAL] Updater:351 - Updater called before beeing initialized
2026-05-14 13:14:45,033 [WARN] DetailPanel:346 - Failed to get advertising image, set to default
2026-05-14 13:14:45,129 [FATAL] Updater:351 - Updater called before beeing initialized
2026-05-14 13:14:45,130 [FATAL] Updater:351 - Updater called before beeing initialized
2026-05-14 13:14:45,130 [FATAL] Updater:351 - Updater called before beeing initialized
2026-05-14 13:14:45,130 [WARN] DetailPanel:346 - Failed to get advertising image, set to default
2026-05-14 13:14:45,131 [FATAL] Updater:351 - Updater called before beeing initialized
2026-05-14 13:14:45,173 [ERROR] Updater:1198 - MainUpdater not yet initialized. External WinMGr cannot be set.
2026-05-14 13:14:45,176 [INFO] Updater:1134 - Updater Version found : 6.15.0
2026-05-14 13:14:45,188 [INFO] ApplicationProperties:184 - Using Application install path: C:\ST\STM32CubeIDE_1.19.0\STM32CubeIDE\plugins\com.st.stm32cube.common.mx_6.15.0.202507011659
2026-05-14 13:14:46,644 [INFO] ThirdPartyUpdaterWithRetryManager:70 - Updater plugin not ready yet. [2/15]
2026-05-14 13:14:46,762 [ERROR] LogOutputStream:75 - [STDERR_REDIRECT] May 14, 2026 1:14:46 PM java.util.prefs.WindowsPreferences <init>
2026-05-14 13:14:46,763 [ERROR] LogOutputStream:75 - [STDERR_REDIRECT] WARNING: Could not open/create prefs root node Software\JavaSoft\Prefs at root 0xffffffff80000002. Windows RegCreateKeyEx(...) returned error code 5.
2026-05-14 13:14:46,763 [ERROR] LogOutputStream:75 - [STDERR_REDIRECT] 
2026-05-14 13:14:47,017 [INFO] MainUpdater:2872 - connection check result : 10
2026-05-14 13:14:47,017 [INFO] MainUpdater:3604 - Updater definition file requires update
2026-05-14 13:14:47,018 [INFO] MainUpdater:289 - Updater Check For Update Now.
2026-05-14 13:14:47,018 [INFO] MicroXplorer:498 - Change Database Version : DB.6.0.150
2026-05-14 13:14:47,023 [INFO] McuFinderGlobals:63 - Set McuFinder mode to 2 (CubeIDE integrated)
2026-05-14 13:14:47,023 [INFO] UserAuth:171 - activating auth plugin
2026-05-14 13:14:47,026 [INFO] UserAuth:487 - Internet connection configuration mode: 1
2026-05-14 13:14:47,043 [INFO] JxBrowserEngine:152 - Initiate JxBrowser Engine with user profile folder
2026-05-14 13:14:47,305 [INFO] ServerAccessManage:452 - Complete download http(s) 200
2026-05-14 13:14:47,306 [INFO] ServerAccessManage:509 - Download File updaters.zip
2026-05-14 13:14:47,413 [INFO] FileExtend:248 - Unzip File : updaters.zip
2026-05-14 13:14:47,413 [INFO] FileExtend:263 - Standard Zip Deflate
2026-05-14 13:14:47,965 [INFO] WebApp:169 - Instantiating new browser for Auth
2026-05-14 13:14:48,708 [INFO] WebApp:463 - Apply proxy settings
2026-05-14 13:14:48,708 [INFO] WebApp:548 - Chromium requires no authentication
2026-05-14 13:14:48,723 [INFO] WebApp:491 - Direct internet connection detected
2026-05-14 13:14:48,745 [INFO] WebApp:900 - Register for checkConnection events
2026-05-14 13:14:48,745 [INFO] WebApp:463 - Apply proxy settings
2026-05-14 13:14:48,745 [INFO] WebApp:548 - Chromium requires no authentication
2026-05-14 13:14:48,745 [INFO] WebApp:491 - Direct internet connection detected
2026-05-14 13:14:48,896 [INFO] WebApp:225 - Starting web application
2026-05-14 13:14:48,897 [INFO] WebApp:593 - Web application path used C:\ST\STM32CubeIDE_1.19.0\STM32CubeIDE\plugins\com.st.stm32cube.common.mx_6.15.0.202507011659\db\plugins\mcufinder\reactClient1\index.html
2026-05-14 13:14:48,977 [INFO] ServerAccessManage:452 - Complete download http(s) 200
2026-05-14 13:14:48,977 [INFO] ServerAccessManage:509 - Download File PacksControlFlags.xml
2026-05-14 13:14:49,030 [INFO] WebApp:191 - Connection restablished
2026-05-14 13:14:49,126 [INFO] ServerAccessManage:452 - Complete download http(s) 200
2026-05-14 13:14:49,128 [INFO] ServerAccessManage:509 - Download File cubemx.pidx
2026-05-14 13:14:49,366 [ERROR] LogOutputStream:75 - [STDERR_REDIRECT] [Fatal Error] :1:1: Premature end of file.
2026-05-14 13:14:49,367 [ERROR] LogOutputStream:75 - [STDERR_REDIRECT] 
2026-05-14 13:14:49,644 [WARN] MainUpdater:1193 - Updater busy. Cannot search thirdparties
2026-05-14 13:14:49,644 [INFO] ThirdPartyUpdaterWithRetryManager:96 - Updater plugin is busy. [1/15]
2026-05-14 13:14:49,919 [INFO] ServerAccessManage:452 - Complete download http(s) 200
2026-05-14 13:14:49,920 [INFO] ServerAccessManage:509 - Download File STMicroelectronics.X-CUBE-GNSS1.pdsc
2026-05-14 13:14:50,132 [ERROR] LogOutputStream:75 - [STDERR_REDIRECT] [Fatal Error] :1:1: Premature end of file.
2026-05-14 13:14:50,132 [ERROR] LogOutputStream:75 - [STDERR_REDIRECT] 
2026-05-14 13:14:51,125 [ERROR] LogOutputStream:75 - [STDERR_REDIRECT] [Fatal Error] :1:1: Premature end of file.
2026-05-14 13:14:51,126 [ERROR] LogOutputStream:75 - [STDERR_REDIRECT] 
2026-05-14 13:14:51,386 [ERROR] ServerAccessManage:1212 - Problem, file not found on Server
2026-05-14 13:14:51,660 [ERROR] ServerAccessManage:1212 - Problem, file not found on Server
2026-05-14 13:14:51,832 [ERROR] ServerAccessManage:1212 - Problem, file not found on Server
2026-05-14 13:14:52,087 [ERROR] ServerAccessManage:1212 - Problem, file not found on Server
2026-05-14 13:14:52,124 [ERROR] LogOutputStream:75 - [STDERR_REDIRECT] [Fatal Error] :1:1: Premature end of file.
2026-05-14 13:14:52,126 [ERROR] LogOutputStream:75 - [STDERR_REDIRECT] 
2026-05-14 13:14:52,362 [ERROR] ServerAccessManage:1212 - Problem, file not found on Server
2026-05-14 13:14:52,610 [ERROR] ServerAccessManage:1212 - Problem, file not found on Server
2026-05-14 13:14:52,645 [WARN] MainUpdater:1193 - Updater busy. Cannot search thirdparties
2026-05-14 13:14:52,645 [INFO] ThirdPartyUpdaterWithRetryManager:96 - Updater plugin is busy. [2/15]
2026-05-14 13:14:52,836 [INFO] ServerAccessManage:452 - Complete download http(s) 200
2026-05-14 13:14:52,836 [INFO] ServerAccessManage:509 - Download File STMicroelectronics.X-CUBE-MEMS1.pdsc
2026-05-14 13:14:53,126 [ERROR] LogOutputStream:75 - [STDERR_REDIRECT] [Fatal Error] :1:1: Premature end of file.
2026-05-14 13:14:53,126 [ERROR] LogOutputStream:75 - [STDERR_REDIRECT] 
2026-05-14 13:14:54,125 [ERROR] LogOutputStream:75 - [STDERR_REDIRECT] [Fatal Error] :1:1: Premature end of file.
2026-05-14 13:14:54,125 [ERROR] LogOutputStream:75 - [STDERR_REDIRECT] 
2026-05-14 13:14:55,127 [ERROR] LogOutputStream:75 - [STDERR_REDIRECT] [Fatal Error] :1:1: Premature end of file.
2026-05-14 13:14:55,127 [ERROR] LogOutputStream:75 - [STDERR_REDIRECT] 
2026-05-14 13:14:55,646 [WARN] MainUpdater:1193 - Updater busy. Cannot search thirdparties
2026-05-14 13:14:55,646 [INFO] ThirdPartyUpdaterWithRetryManager:96 - Updater plugin is busy. [3/15]
2026-05-14 13:14:56,125 [ERROR] LogOutputStream:75 - [STDERR_REDIRECT] [Fatal Error] :1:1: Premature end of file.
2026-05-14 13:14:56,125 [ERROR] LogOutputStream:75 - [STDERR_REDIRECT] 
2026-05-14 13:14:57,130 [ERROR] LogOutputStream:75 - [STDERR_REDIRECT] [Fatal Error] :1:1: Premature end of file.
2026-05-14 13:14:57,130 [ERROR] LogOutputStream:75 - [STDERR_REDIRECT] 
2026-05-14 13:14:58,129 [ERROR] LogOutputStream:75 - [STDERR_REDIRECT] [Fatal Error] :1:1: Premature end of file.
2026-05-14 13:14:58,129 [ERROR] LogOutputStream:75 - [STDERR_REDIRECT] 
2026-05-14 13:14:58,647 [WARN] MainUpdater:1193 - Updater busy. Cannot search thirdparties
2026-05-14 13:14:58,647 [INFO] ThirdPartyUpdaterWithRetryManager:96 - Updater plugin is busy. [4/15]
2026-05-14 13:14:58,652 [INFO] ServerAccessManage:452 - Complete download http(s) 200
2026-05-14 13:14:58,652 [INFO] ServerAccessManage:509 - Download File Cesanta.I-CUBE-Mongoose.pdsc
2026-05-14 13:14:59,125 [ERROR] LogOutputStream:75 - [STDERR_REDIRECT] [Fatal Error] :1:1: Premature end of file.
2026-05-14 13:14:59,125 [ERROR] LogOutputStream:75 - [STDERR_REDIRECT] 
2026-05-14 13:15:00,125 [ERROR] LogOutputStream:75 - [STDERR_REDIRECT] [Fatal Error] :1:1: Premature end of file.
2026-05-14 13:15:00,125 [ERROR] LogOutputStream:75 - [STDERR_REDIRECT] 
2026-05-14 13:15:01,126 [ERROR] LogOutputStream:75 - [STDERR_REDIRECT] [Fatal Error] :1:1: Premature end of file.
2026-05-14 13:15:01,126 [ERROR] LogOutputStream:75 - [STDERR_REDIRECT] 
2026-05-14 13:15:01,648 [WARN] MainUpdater:1193 - Updater busy. Cannot search thirdparties
2026-05-14 13:15:01,648 [INFO] ThirdPartyUpdaterWithRetryManager:96 - Updater plugin is busy. [5/15]
2026-05-14 13:15:02,124 [ERROR] LogOutputStream:75 - [STDERR_REDIRECT] [Fatal Error] :1:1: Premature end of file.
2026-05-14 13:15:02,124 [ERROR] LogOutputStream:75 - [STDERR_REDIRECT] 
2026-05-14 13:15:02,324 [WARN] PackLoader:240 - Cannot read IP mode file for STMicroelectronics.X-CUBE-GNSS1.7.1.1
2026-05-14 13:15:02,379 [WARN] PackLoader:240 - Cannot read IP mode file for STMicroelectronics.X-CUBE-MEMS1.12.1.0
2026-05-14 13:15:02,449 [INFO] CheckServerUpdateThread:120 - End of CheckServer Thread
2026-05-14 13:15:02,458 [WARN] PackLoader:240 - Cannot read IP mode file for Cesanta.I-CUBE-Mongoose.7.21.7
2026-05-14 13:15:02,459 [INFO] PopulateThirdPartyThread:66 - Ending populate Thread
2026-05-14 13:15:02,460 [INFO] ThirdParty:1030 - CMSIS Pack Vendor :STMicroelectronics X-CUBE-MEMS1 12.1.0
2026-05-14 13:15:02,460 [INFO] ThirdParty:1030 - CMSIS Pack Vendor :STMicroelectronics X-CUBE-GNSS1 7.1.1
2026-05-14 13:15:02,460 [INFO] ThirdParty:1030 - CMSIS Pack Vendor :Cesanta I-CUBE-Mongoose 7.21.7
2026-05-14 13:15:02,462 [INFO] LoadServerUpdatesThread:375 - End of LoadServerUpdate Thread
2026-05-14 13:15:03,127 [ERROR] LogOutputStream:75 - [STDERR_REDIRECT] [Fatal Error] :1:1: Premature end of file.
2026-05-14 13:15:03,127 [ERROR] LogOutputStream:75 - [STDERR_REDIRECT] 
2026-05-14 13:15:04,124 [ERROR] LogOutputStream:75 - [STDERR_REDIRECT] [Fatal Error] :1:1: Premature end of file.
2026-05-14 13:15:04,124 [ERROR] LogOutputStream:75 - [STDERR_REDIRECT] 
2026-05-14 13:15:04,889 [WARN] PackLoader:240 - Cannot read IP mode file for STMicroelectronics.X-CUBE-AZRTOS-H7.3.5.0
2026-05-14 13:15:04,898 [WARN] PackLoader:240 - Cannot read IP mode file for STMicroelectronics.FP-ATR-ASTRA1.2.0.2
2026-05-14 13:15:04,905 [WARN] PackLoader:240 - Cannot read IP mode file for STMicroelectronics.X-CUBE-SMBUS.2.1.0
2026-05-14 13:15:04,925 [WARN] PackLoader:240 - Cannot read IP mode file for STMicroelectronics.X-CUBE-AZRTOS-F7.1.1.0
2026-05-14 13:15:04,933 [WARN] PackLoader:240 - Cannot read IP mode file for STMicroelectronics.FP-SNS-MOTENV1.5.1.0
2026-05-14 13:15:04,942 [WARN] PackLoader:240 - Cannot read IP mode file for WES.I-CUBE-Cesium.1.4.0
2026-05-14 13:15:04,951 [WARN] PackLoader:240 - Cannot read IP mode file for STMicroelectronics.X-CUBE-DISPLAY.3.0.0
2026-05-14 13:15:04,957 [WARN] PackLoader:240 - Cannot read IP mode file for STMicroelectronics.X-CUBE-GNSS1.7.1.1
2026-05-14 13:15:04,964 [WARN] PackLoader:240 - Cannot read IP mode file for STMicroelectronics.FP-SNS-MOTENVWB1.1.5.0
2026-05-14 13:15:04,971 [WARN] PackLoader:240 - Cannot read IP mode file for wolfSSL.I-CUBE-wolfSSL.5.9.1
2026-05-14 13:15:04,978 [WARN] PackLoader:240 - Cannot read IP mode file for STMicroelectronics.X-CUBE-NFC10.1.0.0
2026-05-14 13:15:04,985 [WARN] PackLoader:240 - Cannot read IP mode file for STMicroelectronics.X-CUBE-ST60.1.1.0
2026-05-14 13:15:04,993 [WARN] PackLoader:240 - Cannot read IP mode file for emotas.I-CUBE-CANOPEN.1.3.0
2026-05-14 13:15:05,000 [WARN] PackLoader:240 - Cannot read IP mode file for STMicroelectronics.X-CUBE-GNSS1.7.1.0
2026-05-14 13:15:05,008 [WARN] PackLoader:240 - Cannot read IP mode file for STMicroelectronics.FP-SNS-STBOX1.2.1.0
2026-05-14 13:15:05,015 [WARN] PackLoader:240 - Cannot read IP mode file for STMicroelectronics.FP-SNS-SMARTAG2.1.2.0
2026-05-14 13:15:05,020 [WARN] PackLoader:240 - Cannot read IP mode file for STMicroelectronics.FP-SNS-FLIGHT1.5.1.0
2026-05-14 13:15:05,034 [INFO] LogOutputStream:77 - [STDOUT_REDIRECT] 1 : Invalid condition id : UX_CORESTACK_Condition cause : null
2026-05-14 13:15:05,035 [INFO] LogOutputStream:77 - [STDOUT_REDIRECT] 1 : Invalid condition id : UX_CORESTACK_Condition cause : null
2026-05-14 13:15:05,036 [INFO] LogOutputStream:77 - [STDOUT_REDIRECT] 1 : Invalid condition id : UX_CORESTACK_Condition cause : null
2026-05-14 13:15:05,037 [INFO] LogOutputStream:77 - [STDOUT_REDIRECT] 1 : Invalid condition id : UX_CORESTACK_Condition cause : null
2026-05-14 13:15:05,037 [INFO] LogOutputStream:77 - [STDOUT_REDIRECT] 1 : Invalid condition id : UX_CORESTACK_Condition cause : null
2026-05-14 13:15:05,039 [WARN] PackLoader:240 - Cannot read IP mode file for STMicroelectronics.X-CUBE-AZRTOS-WL.2.0.0
2026-05-14 13:15:05,059 [WARN] PackLoader:240 - Cannot read IP mode file for STMicroelectronics.X-CUBE-AZRTOS-H7RS.1.2.0
2026-05-14 13:15:05,069 [WARN] PackLoader:240 - Cannot read IP mode file for STMicroelectronics.X-CUBE-BLE2.3.3.0
2026-05-14 13:15:05,106 [WARN] PackLoader:240 - Cannot read IP mode file for Infineon.AIROC-Wi-Fi-Bluetooth-STM32.1.8.0
2026-05-14 13:15:05,116 [WARN] PackLoader:240 - Cannot read IP mode file for STMicroelectronics.X-CUBE-NFC9.1.0.0
2026-05-14 13:15:05,124 [WARN] PackLoader:240 - Cannot read IP mode file for STMicroelectronics.X-CUBE-BLE1.7.1.0
2026-05-14 13:15:05,130 [WARN] PackLoader:240 - Cannot read IP mode file for wolfSSL.I-CUBE-wolfMQTT.1.19.2
2026-05-14 13:15:05,136 [WARN] PackLoader:240 - Cannot read IP mode file for STMicroelectronics.X-CUBE-EEPRMA1.5.2.0
2026-05-14 13:15:05,138 [ERROR] LogOutputStream:75 - [STDERR_REDIRECT] [Fatal Error] :1:1: Premature end of file.
2026-05-14 13:15:05,138 [ERROR] LogOutputStream:75 - [STDERR_REDIRECT] 
2026-05-14 13:15:05,144 [WARN] PackLoader:240 - Cannot read IP mode file for STMicroelectronics.FP-SNS-STAIOTCFT.1.1.0
2026-05-14 13:15:05,180 [WARN] PackLoader:240 - Cannot read IP mode file for STMicroelectronics.X-CUBE-MEMS1.12.0.0
2026-05-14 13:15:05,230 [WARN] PackLoader:240 - Cannot read IP mode file for STMicroelectronics.X-CUBE-AZRTOS-G0.1.1.0
2026-05-14 13:15:05,239 [WARN] PackLoader:240 - Cannot read IP mode file for STMicroelectronics.X-CUBE-NFC4.3.0.0
2026-05-14 13:15:05,248 [WARN] PackLoader:240 - Cannot read IP mode file for EmbeddedOffice.I-CUBE-FS-RTOS.1.0.1
2026-05-14 13:15:05,252 [WARN] PackLoader:240 - Cannot read IP mode file for wolfSSL.I-CUBE-wolfTPM.3.8.0
2026-05-14 13:15:05,261 [WARN] PackLoader:240 - Cannot read IP mode file for STMicroelectronics.X-CUBE-TCPP.4.2.0
2026-05-14 13:15:05,268 [WARN] PackLoader:240 - Cannot read IP mode file for RealThread.X-CUBE-RT-Thread_Nano.4.1.1
2026-05-14 13:15:05,274 [WARN] PackLoader:240 - Cannot read IP mode file for STMicroelectronics.FP-ATR-SIGFOX1.3.2.0
2026-05-14 13:15:05,282 [WARN] PackLoader:240 - Cannot read IP mode file for STMicroelectronics.X-CUBE-FREERTOS.1.5.0
2026-05-14 13:15:05,291 [WARN] PackLoader:240 - Cannot read IP mode file for ITTIA_DB.I-CUBE-ITTIADB.8.9.0
2026-05-14 13:15:05,295 [WARN] PackLoader:240 - Cannot read IP mode file for Cesanta.I-CUBE-Mongoose.7.21.7
2026-05-14 13:15:05,302 [WARN] PackLoader:240 - Cannot read IP mode file for STMicroelectronics.X-CUBE-NFC6.3.2.0
2026-05-14 13:15:05,310 [WARN] PackLoader:240 - Cannot read IP mode file for STMicroelectronics.X-CUBE-AI.10.2.0
2026-05-14 13:15:05,329 [WARN] PackLoader:240 - Cannot read IP mode file for STMicroelectronics.X-CUBE-MEMS1.12.1.0
2026-05-14 13:15:05,383 [WARN] PackLoader:240 - Cannot read IP mode file for SEGGER.I-CUBE-embOS.1.3.1
2026-05-14 13:15:05,412 [WARN] PackLoader:240 - Cannot read IP mode file for STMicroelectronics.X-CUBE-ALGOBUILD.1.4.0
2026-05-14 13:15:05,420 [WARN] PackLoader:240 - Cannot read IP mode file for STMicroelectronics.X-CUBE-PM33A1.1.0.0
2026-05-14 13:15:05,454 [WARN] PackLoader:240 - Cannot read IP mode file for STMicroelectronics.X-CUBE-AZRTOS-F4.1.1.0
2026-05-14 13:15:05,463 [WARN] PackLoader:240 - Cannot read IP mode file for STMicroelectronics.X-CUBE-ISPU.2.1.0
2026-05-14 13:15:05,477 [WARN] PackLoader:240 - Cannot read IP mode file for STMicroelectronics.X-CUBE-IPS.3.2.0
2026-05-14 13:15:05,487 [WARN] PackLoader:240 - Cannot read IP mode file for STMicroelectronics.eDS-WB_DPC_TT-BIDIR.2.1.1
2026-05-14 13:15:05,494 [WARN] PackLoader:240 - Cannot read IP mode file for STMicroelectronics.X-CUBE-NFC12.1.0.0
2026-05-14 13:15:05,514 [WARN] PackLoader:240 - Cannot read IP mode file for STMicroelectronics.X-CUBE-AZRTOS-L5.2.0.0
2026-05-14 13:15:05,520 [WARN] PackLoader:240 - Cannot read IP mode file for STMicroelectronics.eDS-WB_DPC_VIENNA.1.2.0
2026-05-14 13:15:05,526 [WARN] PackLoader:240 - Cannot read IP mode file for STMicroelectronics.eDS-WB_DPC_3PH2L-BIDIR.1.1.1
2026-05-14 13:15:05,533 [ERROR] Engine:466 - C:\Users\justa\.stm32cubemx\thirdparties\pdsc\STMicroelectronics.X-CUBE-ST67W61.1.3.0.pdsc: PDSC version is not supported
2026-05-14 13:15:05,541 [WARN] PackLoader:240 - Cannot read IP mode file for STMicroelectronics.X-CUBE-TOUCHGFX.4.26.1
2026-05-14 13:15:05,548 [WARN] PackLoader:240 - Cannot read IP mode file for STMicroelectronics.X-CUBE-DPower.1.3.0
2026-05-14 13:15:05,568 [WARN] ConditionMgr:438 - getConditionDescription Invalid condition id : LAN8742 Phy interface Condition cause : null
2026-05-14 13:15:05,568 [WARN] PackLoader:240 - Cannot read IP mode file for STMicroelectronics.X-CUBE-AZRTOS-L4.2.0.0
2026-05-14 13:15:05,570 [WARN] ConditionMgr:1044 - genDependencies : Invalid condition id : LAN8742 Phy interface Condition cause : null
2026-05-14 13:15:05,570 [WARN] ConditionMgr:1044 - genDependencies : Invalid condition id : LAN8742 Phy interface Condition cause : null
2026-05-14 13:15:05,570 [WARN] ConditionMgr:1044 - genDependencies : Invalid condition id : LAN8742 Phy interface Condition cause : null
2026-05-14 13:15:05,578 [WARN] PackLoader:240 - Cannot read IP mode file for STMicroelectronics.X-CUBE-SFXS2LP1.4.0.0
2026-05-14 13:15:05,586 [WARN] PackLoader:240 - Cannot read IP mode file for STMicroelectronics.X-CUBE-WB05N.2.1.0
2026-05-14 13:15:05,597 [WARN] PackLoader:240 - Cannot read IP mode file for STMicroelectronics.X-CUBE-BLEMGR.4.1.0
2026-05-14 13:15:05,616 [WARN] ConditionMgr:438 - getConditionDescription Invalid condition id : UX DEVICE CLASS RTOS Condition cause : null
2026-05-14 13:15:05,616 [WARN] ConditionMgr:438 - getConditionDescription Invalid condition id : UX DEVICE CLASS RTOS Condition cause : null
2026-05-14 13:15:05,617 [WARN] PackLoader:240 - Cannot read IP mode file for STMicroelectronics.X-CUBE-AZRTOS-WB.2.0.0
2026-05-14 13:15:05,617 [WARN] ConditionMgr:1044 - genDependencies : Invalid condition id : UX DEVICE CLASS RTOS Condition cause : null
2026-05-14 13:15:05,617 [WARN] ConditionMgr:1044 - genDependencies : Invalid condition id : UX DEVICE CLASS RTOS Condition cause : null
2026-05-14 13:15:05,617 [WARN] ConditionMgr:1044 - genDependencies : Invalid condition id : UX DEVICE CLASS RTOS Condition cause : null
2026-05-14 13:15:05,617 [WARN] ConditionMgr:1044 - genDependencies : Invalid condition id : UX DEVICE CLASS RTOS Condition cause : null
2026-05-14 13:15:05,617 [WARN] ConditionMgr:1044 - genDependencies : Invalid condition id : UX DEVICE CLASS RTOS Condition cause : null
2026-05-14 13:15:05,624 [WARN] ConditionMgr:438 - getConditionDescription Invalid condition id : Cortex-A Device cause : null
2026-05-14 13:15:05,633 [WARN] ConditionMgr:1044 - genDependencies : Invalid condition id : Cortex-A Device cause : null
2026-05-14 13:15:05,633 [WARN] ConditionMgr:1044 - genDependencies : Invalid condition id : Cortex-A Device cause : null
2026-05-14 13:15:05,633 [WARN] ConditionMgr:1044 - genDependencies : Invalid condition id : Cortex-A Device cause : null
2026-05-14 13:15:05,643 [WARN] PackLoader:240 - Cannot read IP mode file for STMicroelectronics.X-CUBE-STSE01.2.0.0
2026-05-14 13:15:05,654 [WARN] PackLoader:240 - Cannot read IP mode file for STMicroelectronics.X-CUBE-SUBG2.5.0.0
2026-05-14 13:15:05,673 [WARN] PackLoader:240 - Cannot read IP mode file for STMicroelectronics.X-CUBE-AZRTOS-G4.2.0.0
2026-05-14 13:15:05,679 [WARN] PackLoader:240 - Cannot read IP mode file for wolfSSL.I-CUBE-wolfSSH.1.4.20
2026-05-14 13:15:05,686 [WARN] PackLoader:240 - Cannot read IP mode file for STMicroelectronics.X-CUBE-NFC7.2.0.0
2026-05-14 13:15:05,693 [WARN] PackLoader:240 - Cannot read IP mode file for STMicroelectronics.X-CUBE-ALS.1.0.2
2026-05-14 13:15:05,704 [WARN] PackLoader:240 - Cannot read IP mode file for STMicroelectronics.X-CUBE-TOF1.3.4.3
2026-05-14 13:15:05,708 [INFO] ThirdParty:978 - Integrity check success = true
2026-05-14 13:15:05,708 [INFO] IntegrityCheckThread:100 - exiting critical section [integrity check]
2026-05-14 13:15:05,708 [INFO] IntegrityCheckThread:103 - End integrity checks thread
2026-05-14 13:15:06,126 [ERROR] LogOutputStream:75 - [STDERR_REDIRECT] [Fatal Error] :1:1: Premature end of file.
2026-05-14 13:15:06,126 [ERROR] LogOutputStream:75 - [STDERR_REDIRECT] 
2026-05-14 13:15:07,125 [ERROR] LogOutputStream:75 - [STDERR_REDIRECT] [Fatal Error] :1:1: Premature end of file.
2026-05-14 13:15:07,127 [ERROR] LogOutputStream:75 - [STDERR_REDIRECT] 
2026-05-14 13:15:08,125 [ERROR] LogOutputStream:75 - [STDERR_REDIRECT] [Fatal Error] :1:1: Premature end of file.
2026-05-14 13:15:08,125 [ERROR] LogOutputStream:75 - [STDERR_REDIRECT] 
2026-05-14 13:15:09,123 [ERROR] LogOutputStream:75 - [STDERR_REDIRECT] [Fatal Error] :1:1: Premature end of file.
2026-05-14 13:15:09,123 [ERROR] LogOutputStream:75 - [STDERR_REDIRECT] 
2026-05-14 13:15:10,129 [ERROR] LogOutputStream:75 - [STDERR_REDIRECT] [Fatal Error] :1:1: Premature end of file.
2026-05-14 13:15:10,129 [ERROR] LogOutputStream:75 - [STDERR_REDIRECT] 
2026-05-14 13:15:11,128 [ERROR] LogOutputStream:75 - [STDERR_REDIRECT] [Fatal Error] :1:1: Premature end of file.
2026-05-14 13:15:11,129 [ERROR] LogOutputStream:75 - [STDERR_REDIRECT] 
2026-05-14 13:15:12,126 [ERROR] LogOutputStream:75 - [STDERR_REDIRECT] [Fatal Error] :1:1: Premature end of file.
2026-05-14 13:15:12,126 [ERROR] LogOutputStream:75 - [STDERR_REDIRECT] 
2026-05-14 13:15:13,132 [ERROR] LogOutputStream:75 - [STDERR_REDIRECT] [Fatal Error] :1:1: Premature end of file.
2026-05-14 13:15:13,132 [ERROR] LogOutputStream:75 - [STDERR_REDIRECT] 
2026-05-14 13:15:14,130 [ERROR] LogOutputStream:75 - [STDERR_REDIRECT] [Fatal Error] :1:1: Premature end of file.
2026-05-14 13:15:14,130 [ERROR] LogOutputStream:75 - [STDERR_REDIRECT] 
2026-05-14 13:15:15,128 [ERROR] LogOutputStream:75 - [STDERR_REDIRECT] [Fatal Error] :1:1: Premature end of file.
2026-05-14 13:15:15,129 [ERROR] LogOutputStream:75 - [STDERR_REDIRECT] 
2026-05-14 13:15:16,130 [ERROR] LogOutputStream:75 - [STDERR_REDIRECT] [Fatal Error] :1:1: Premature end of file.
2026-05-14 13:15:16,130 [ERROR] LogOutputStream:75 - [STDERR_REDIRECT] 
2026-05-14 13:15:17,131 [ERROR] LogOutputStream:75 - [STDERR_REDIRECT] [Fatal Error] :1:1: Premature end of file.
2026-05-14 13:15:17,131 [ERROR] LogOutputStream:75 - [STDERR_REDIRECT] 
2026-05-14 13:15:18,127 [ERROR] LogOutputStream:75 - [STDERR_REDIRECT] [Fatal Error] :1:1: Premature end of file.
2026-05-14 13:15:18,128 [ERROR] LogOutputStream:75 - [STDERR_REDIRECT] 
2026-05-14 13:15:19,130 [ERROR] LogOutputStream:75 - [STDERR_REDIRECT] [Fatal Error] :1:1: Premature end of file.
2026-05-14 13:15:19,130 [ERROR] LogOutputStream:75 - [STDERR_REDIRECT] 
2026-05-14 13:15:20,135 [ERROR] LogOutputStream:75 - [STDERR_REDIRECT] [Fatal Error] :1:1: Premature end of file.
2026-05-14 13:15:20,135 [ERROR] LogOutputStream:75 - [STDERR_REDIRECT] 
2026-05-14 13:15:21,131 [ERROR] LogOutputStream:75 - [STDERR_REDIRECT] [Fatal Error] :1:1: Premature end of file.
2026-05-14 13:15:21,131 [ERROR] LogOutputStream:75 - [STDERR_REDIRECT] 
2026-05-14 13:15:22,204 [ERROR] LogOutputStream:75 - [STDERR_REDIRECT] [Fatal Error] :1:1: Premature end of file.
2026-05-14 13:15:22,204 [ERROR] LogOutputStream:75 - [STDERR_REDIRECT] 
2026-05-14 13:15:23,126 [ERROR] LogOutputStream:75 - [STDERR_REDIRECT] [Fatal Error] :1:1: Premature end of file.
2026-05-14 13:15:23,126 [ERROR] LogOutputStream:75 - [STDERR_REDIRECT] 
2026-05-14 13:15:24,127 [ERROR] LogOutputStream:75 - [STDERR_REDIRECT] [Fatal Error] :1:1: Premature end of file.
2026-05-14 13:15:24,128 [ERROR] LogOutputStream:75 - [STDERR_REDIRECT] 
2026-05-14 13:15:25,134 [ERROR] LogOutputStream:75 - [STDERR_REDIRECT] [Fatal Error] :1:1: Premature end of file.
2026-05-14 13:15:25,136 [ERROR] LogOutputStream:75 - [STDERR_REDIRECT] 
2026-05-14 13:15:26,134 [ERROR] LogOutputStream:75 - [STDERR_REDIRECT] [Fatal Error] :1:1: Premature end of file.
2026-05-14 13:15:26,134 [ERROR] LogOutputStream:75 - [STDERR_REDIRECT] 
2026-05-14 13:15:27,132 [ERROR] LogOutputStream:75 - [STDERR_REDIRECT] [Fatal Error] :1:1: Premature end of file.
2026-05-14 13:15:27,134 [ERROR] LogOutputStream:75 - [STDERR_REDIRECT] 
2026-05-14 13:15:28,130 [ERROR] LogOutputStream:75 - [STDERR_REDIRECT] [Fatal Error] :1:1: Premature end of file.
2026-05-14 13:15:28,130 [ERROR] LogOutputStream:75 - [STDERR_REDIRECT] 
2026-05-14 13:15:29,132 [ERROR] LogOutputStream:75 - [STDERR_REDIRECT] [Fatal Error] :1:1: Premature end of file.
2026-05-14 13:15:29,133 [ERROR] LogOutputStream:75 - [STDERR_REDIRECT] 
2026-05-14 13:15:30,133 [ERROR] LogOutputStream:75 - [STDERR_REDIRECT] [Fatal Error] :1:1: Premature end of file.
2026-05-14 13:15:30,133 [ERROR] LogOutputStream:75 - [STDERR_REDIRECT] 
2026-05-14 13:15:31,141 [ERROR] LogOutputStream:75 - [STDERR_REDIRECT] [Fatal Error] :1:1: Premature end of file.
2026-05-14 13:15:31,141 [ERROR] LogOutputStream:75 - [STDERR_REDIRECT] 
2026-05-14 13:15:32,135 [ERROR] LogOutputStream:75 - [STDERR_REDIRECT] [Fatal Error] :1:1: Premature end of file.
2026-05-14 13:15:32,135 [ERROR] LogOutputStream:75 - [STDERR_REDIRECT] 
2026-05-14 13:15:33,134 [ERROR] LogOutputStream:75 - [STDERR_REDIRECT] [Fatal Error] :1:1: Premature end of file.
2026-05-14 13:15:33,134 [ERROR] LogOutputStream:75 - [STDERR_REDIRECT] 
2026-05-14 13:15:34,156 [ERROR] LogOutputStream:75 - [STDERR_REDIRECT] [Fatal Error] :1:1: Premature end of file.
2026-05-14 13:15:34,156 [ERROR] LogOutputStream:75 - [STDERR_REDIRECT] 
2026-05-14 13:15:35,129 [ERROR] LogOutputStream:75 - [STDERR_REDIRECT] [Fatal Error] :1:1: Premature end of file.
2026-05-14 13:15:35,129 [ERROR] LogOutputStream:75 - [STDERR_REDIRECT] 
2026-05-14 13:15:36,132 [ERROR] LogOutputStream:75 - [STDERR_REDIRECT] [Fatal Error] :1:1: Premature end of file.
2026-05-14 13:15:36,132 [ERROR] LogOutputStream:75 - [STDERR_REDIRECT] 
2026-05-14 13:15:37,133 [ERROR] LogOutputStream:75 - [STDERR_REDIRECT] [Fatal Error] :1:1: Premature end of file.
2026-05-14 13:15:37,133 [ERROR] LogOutputStream:75 - [STDERR_REDIRECT] 
2026-05-14 13:15:38,137 [ERROR] LogOutputStream:75 - [STDERR_REDIRECT] [Fatal Error] :1:1: Premature end of file.
2026-05-14 13:15:38,137 [ERROR] LogOutputStream:75 - [STDERR_REDIRECT] 
2026-05-14 13:15:39,224 [ERROR] LogOutputStream:75 - [STDERR_REDIRECT] [Fatal Error] :1:1: Premature end of file.
2026-05-14 13:15:39,224 [ERROR] LogOutputStream:75 - [STDERR_REDIRECT] 
2026-05-14 13:15:40,130 [ERROR] LogOutputStream:75 - [STDERR_REDIRECT] [Fatal Error] :1:1: Premature end of file.
2026-05-14 13:15:40,130 [ERROR] LogOutputStream:75 - [STDERR_REDIRECT] 
2026-05-14 13:15:41,131 [ERROR] LogOutputStream:75 - [STDERR_REDIRECT] [Fatal Error] :1:1: Premature end of file.
2026-05-14 13:15:41,131 [ERROR] LogOutputStream:75 - [STDERR_REDIRECT] 
2026-05-14 13:15:42,130 [ERROR] LogOutputStream:75 - [STDERR_REDIRECT] [Fatal Error] :1:1: Premature end of file.
2026-05-14 13:15:42,130 [ERROR] LogOutputStream:75 - [STDERR_REDIRECT] 
2026-05-14 13:15:43,133 [ERROR] LogOutputStream:75 - [STDERR_REDIRECT] [Fatal Error] :1:1: Premature end of file.
2026-05-14 13:15:43,133 [ERROR] LogOutputStream:75 - [STDERR_REDIRECT] 
2026-05-14 13:15:44,170 [ERROR] LogOutputStream:75 - [STDERR_REDIRECT] [Fatal Error] :1:1: Premature end of file.
2026-05-14 13:15:44,170 [ERROR] LogOutputStream:75 - [STDERR_REDIRECT] 
2026-05-14 13:15:45,129 [ERROR] LogOutputStream:75 - [STDERR_REDIRECT] [Fatal Error] :1:1: Premature end of file.
2026-05-14 13:15:45,129 [ERROR] LogOutputStream:75 - [STDERR_REDIRECT] 
2026-05-14 13:15:46,128 [ERROR] LogOutputStream:75 - [STDERR_REDIRECT] [Fatal Error] :1:1: Premature end of file.
2026-05-14 13:15:46,129 [ERROR] LogOutputStream:75 - [STDERR_REDIRECT] 
2026-05-14 13:15:47,126 [ERROR] LogOutputStream:75 - [STDERR_REDIRECT] [Fatal Error] :1:1: Premature end of file.
2026-05-14 13:15:47,126 [ERROR] LogOutputStream:75 - [STDERR_REDIRECT] 
2026-05-14 13:15:48,127 [ERROR] LogOutputStream:75 - [STDERR_REDIRECT] [Fatal Error] :1:1: Premature end of file.
2026-05-14 13:15:48,127 [ERROR] LogOutputStream:75 - [STDERR_REDIRECT] 
2026-05-14 13:15:49,126 [ERROR] LogOutputStream:75 - [STDERR_REDIRECT] [Fatal Error] :1:1: Premature end of file.
2026-05-14 13:15:49,126 [ERROR] LogOutputStream:75 - [STDERR_REDIRECT] 
2026-05-14 13:15:50,126 [ERROR] LogOutputStream:75 - [STDERR_REDIRECT] [Fatal Error] :1:1: Premature end of file.
2026-05-14 13:15:50,126 [ERROR] LogOutputStream:75 - [STDERR_REDIRECT] 
2026-05-14 13:15:51,133 [ERROR] LogOutputStream:75 - [STDERR_REDIRECT] [Fatal Error] :1:1: Premature end of file.
2026-05-14 13:15:51,133 [ERROR] LogOutputStream:75 - [STDERR_REDIRECT] 
2026-05-14 13:15:52,133 [ERROR] LogOutputStream:75 - [STDERR_REDIRECT] [Fatal Error] :1:1: Premature end of file.
2026-05-14 13:15:52,133 [ERROR] LogOutputStream:75 - [STDERR_REDIRECT] 
2026-05-14 13:15:53,126 [ERROR] LogOutputStream:75 - [STDERR_REDIRECT] [Fatal Error] :1:1: Premature end of file.
2026-05-14 13:15:53,127 [ERROR] LogOutputStream:75 - [STDERR_REDIRECT] 
2026-05-14 13:15:54,130 [ERROR] LogOutputStream:75 - [STDERR_REDIRECT] [Fatal Error] :1:1: Premature end of file.
2026-05-14 13:15:54,130 [ERROR] LogOutputStream:75 - [STDERR_REDIRECT] 
2026-05-14 13:15:55,126 [ERROR] LogOutputStream:75 - [STDERR_REDIRECT] [Fatal Error] :1:1: Premature end of file.
2026-05-14 13:15:55,127 [ERROR] LogOutputStream:75 - [STDERR_REDIRECT] 
2026-05-14 13:15:56,125 [ERROR] LogOutputStream:75 - [STDERR_REDIRECT] [Fatal Error] :1:1: Premature end of file.
2026-05-14 13:15:56,125 [ERROR] LogOutputStream:75 - [STDERR_REDIRECT] 
2026-05-14 13:15:57,144 [ERROR] LogOutputStream:75 - [STDERR_REDIRECT] [Fatal Error] :1:1: Premature end of file.
2026-05-14 13:15:57,145 [ERROR] LogOutputStream:75 - [STDERR_REDIRECT] 
2026-05-14 13:15:58,127 [ERROR] LogOutputStream:75 - [STDERR_REDIRECT] [Fatal Error] :1:1: Premature end of file.
2026-05-14 13:15:58,128 [ERROR] LogOutputStream:75 - [STDERR_REDIRECT] 
2026-05-14 13:15:59,127 [ERROR] LogOutputStream:75 - [STDERR_REDIRECT] [Fatal Error] :1:1: Premature end of file.
2026-05-14 13:15:59,127 [ERROR] LogOutputStream:75 - [STDERR_REDIRECT] 
2026-05-14 13:16:00,126 [ERROR] LogOutputStream:75 - [STDERR_REDIRECT] [Fatal Error] :1:1: Premature end of file.
2026-05-14 13:16:00,126 [ERROR] LogOutputStream:75 - [STDERR_REDIRECT] 
2026-05-14 13:16:01,125 [ERROR] LogOutputStream:75 - [STDERR_REDIRECT] [Fatal Error] :1:1: Premature end of file.
2026-05-14 13:16:01,127 [ERROR] LogOutputStream:75 - [STDERR_REDIRECT] 
2026-05-14 13:16:02,132 [ERROR] LogOutputStream:75 - [STDERR_REDIRECT] [Fatal Error] :1:1: Premature end of file.
2026-05-14 13:16:02,132 [ERROR] LogOutputStream:75 - [STDERR_REDIRECT] 
2026-05-14 13:16:03,132 [ERROR] LogOutputStream:75 - [STDERR_REDIRECT] [Fatal Error] :1:1: Premature end of file.
2026-05-14 13:16:03,132 [ERROR] LogOutputStream:75 - [STDERR_REDIRECT] 
2026-05-14 13:16:04,130 [ERROR] LogOutputStream:75 - [STDERR_REDIRECT] [Fatal Error] :1:1: Premature end of file.
2026-05-14 13:16:04,130 [ERROR] LogOutputStream:75 - [STDERR_REDIRECT] 
2026-05-14 13:16:05,128 [ERROR] LogOutputStream:75 - [STDERR_REDIRECT] [Fatal Error] :1:1: Premature end of file.
2026-05-14 13:16:05,128 [ERROR] LogOutputStream:75 - [STDERR_REDIRECT] 
2026-05-14 13:16:06,126 [ERROR] LogOutputStream:75 - [STDERR_REDIRECT] [Fatal Error] :1:1: Premature end of file.
2026-05-14 13:16:06,126 [ERROR] LogOutputStream:75 - [STDERR_REDIRECT] 
2026-05-14 13:16:07,129 [ERROR] LogOutputStream:75 - [STDERR_REDIRECT] [Fatal Error] :1:1: Premature end of file.
2026-05-14 13:16:07,130 [ERROR] LogOutputStream:75 - [STDERR_REDIRECT] 
2026-05-14 13:16:08,132 [ERROR] LogOutputStream:75 - [STDERR_REDIRECT] [Fatal Error] :1:1: Premature end of file.
2026-05-14 13:16:08,132 [ERROR] LogOutputStream:75 - [STDERR_REDIRECT] 
2026-05-14 13:16:09,131 [ERROR] LogOutputStream:75 - [STDERR_REDIRECT] [Fatal Error] :1:1: Premature end of file.
2026-05-14 13:16:09,131 [ERROR] LogOutputStream:75 - [STDERR_REDIRECT] 
2026-05-14 13:16:10,134 [ERROR] LogOutputStream:75 - [STDERR_REDIRECT] [Fatal Error] :1:1: Premature end of file.
2026-05-14 13:16:10,134 [ERROR] LogOutputStream:75 - [STDERR_REDIRECT] 
2026-05-14 13:16:11,132 [ERROR] LogOutputStream:75 - [STDERR_REDIRECT] [Fatal Error] :1:1: Premature end of file.
2026-05-14 13:16:11,132 [ERROR] LogOutputStream:75 - [STDERR_REDIRECT] 
2026-05-14 13:16:12,127 [ERROR] LogOutputStream:75 - [STDERR_REDIRECT] [Fatal Error] :1:1: Premature end of file.
2026-05-14 13:16:12,127 [ERROR] LogOutputStream:75 - [STDERR_REDIRECT] 
2026-05-14 13:16:13,124 [ERROR] LogOutputStream:75 - [STDERR_REDIRECT] [Fatal Error] :1:1: Premature end of file.
2026-05-14 13:16:13,124 [ERROR] LogOutputStream:75 - [STDERR_REDIRECT] 
2026-05-14 13:16:14,130 [ERROR] LogOutputStream:75 - [STDERR_REDIRECT] [Fatal Error] :1:1: Premature end of file.
2026-05-14 13:16:14,130 [ERROR] LogOutputStream:75 - [STDERR_REDIRECT] 
2026-05-14 13:16:15,127 [ERROR] LogOutputStream:75 - [STDERR_REDIRECT] [Fatal Error] :1:1: Premature end of file.
2026-05-14 13:16:15,127 [ERROR] LogOutputStream:75 - [STDERR_REDIRECT] 
2026-05-14 13:16:16,132 [ERROR] LogOutputStream:75 - [STDERR_REDIRECT] [Fatal Error] :1:1: Premature end of file.
2026-05-14 13:16:16,132 [ERROR] LogOutputStream:75 - [STDERR_REDIRECT] 
2026-05-14 13:16:17,128 [ERROR] LogOutputStream:75 - [STDERR_REDIRECT] [Fatal Error] :1:1: Premature end of file.
2026-05-14 13:16:17,128 [ERROR] LogOutputStream:75 - [STDERR_REDIRECT] 
2026-05-14 13:16:18,132 [ERROR] LogOutputStream:75 - [STDERR_REDIRECT] [Fatal Error] :1:1: Premature end of file.
2026-05-14 13:16:18,132 [ERROR] LogOutputStream:75 - [STDERR_REDIRECT] 
2026-05-14 13:16:19,130 [ERROR] LogOutputStream:75 - [STDERR_REDIRECT] [Fatal Error] :1:1: Premature end of file.
2026-05-14 13:16:19,131 [ERROR] LogOutputStream:75 - [STDERR_REDIRECT] 
2026-05-14 13:16:20,130 [ERROR] LogOutputStream:75 - [STDERR_REDIRECT] [Fatal Error] :1:1: Premature end of file.
2026-05-14 13:16:20,130 [ERROR] LogOutputStream:75 - [STDERR_REDIRECT] 
2026-05-14 13:16:21,125 [ERROR] LogOutputStream:75 - [STDERR_REDIRECT] [Fatal Error] :1:1: Premature end of file.
2026-05-14 13:16:21,126 [ERROR] LogOutputStream:75 - [STDERR_REDIRECT] 
2026-05-14 13:16:22,128 [ERROR] LogOutputStream:75 - [STDERR_REDIRECT] [Fatal Error] :1:1: Premature end of file.
2026-05-14 13:16:22,128 [ERROR] LogOutputStream:75 - [STDERR_REDIRECT] 
2026-05-14 13:16:23,125 [ERROR] LogOutputStream:75 - [STDERR_REDIRECT] [Fatal Error] :1:1: Premature end of file.
2026-05-14 13:16:23,127 [ERROR] LogOutputStream:75 - [STDERR_REDIRECT] 
2026-05-14 13:16:24,124 [ERROR] LogOutputStream:75 - [STDERR_REDIRECT] [Fatal Error] :1:1: Premature end of file.
2026-05-14 13:16:24,124 [ERROR] LogOutputStream:75 - [STDERR_REDIRECT] 
2026-05-14 13:16:25,132 [ERROR] LogOutputStream:75 - [STDERR_REDIRECT] [Fatal Error] :1:1: Premature end of file.
2026-05-14 13:16:25,132 [ERROR] LogOutputStream:75 - [STDERR_REDIRECT] 
2026-05-14 13:16:26,133 [ERROR] LogOutputStream:75 - [STDERR_REDIRECT] [Fatal Error] :1:1: Premature end of file.
2026-05-14 13:16:26,133 [ERROR] LogOutputStream:75 - [STDERR_REDIRECT] 
2026-05-14 13:16:27,130 [ERROR] LogOutputStream:75 - [STDERR_REDIRECT] [Fatal Error] :1:1: Premature end of file.
2026-05-14 13:16:27,132 [ERROR] LogOutputStream:75 - [STDERR_REDIRECT] 
2026-05-14 13:16:28,129 [ERROR] LogOutputStream:75 - [STDERR_REDIRECT] [Fatal Error] :1:1: Premature end of file.
2026-05-14 13:16:28,129 [ERROR] LogOutputStream:75 - [STDERR_REDIRECT] 
2026-05-14 13:16:29,130 [ERROR] LogOutputStream:75 - [STDERR_REDIRECT] [Fatal Error] :1:1: Premature end of file.
2026-05-14 13:16:29,130 [ERROR] LogOutputStream:75 - [STDERR_REDIRECT] 
2026-05-14 13:16:30,130 [ERROR] LogOutputStream:75 - [STDERR_REDIRECT] [Fatal Error] :1:1: Premature end of file.
2026-05-14 13:16:30,130 [ERROR] LogOutputStream:75 - [STDERR_REDIRECT] 
2026-05-14 13:16:31,129 [ERROR] LogOutputStream:75 - [STDERR_REDIRECT] [Fatal Error] :1:1: Premature end of file.
2026-05-14 13:16:31,129 [ERROR] LogOutputStream:75 - [STDERR_REDIRECT] 
2026-05-14 13:16:32,129 [ERROR] LogOutputStream:75 - [STDERR_REDIRECT] [Fatal Error] :1:1: Premature end of file.
2026-05-14 13:16:32,129 [ERROR] LogOutputStream:75 - [STDERR_REDIRECT] 
2026-05-14 13:16:33,139 [ERROR] LogOutputStream:75 - [STDERR_REDIRECT] [Fatal Error] :1:1: Premature end of file.
2026-05-14 13:16:33,139 [ERROR] LogOutputStream:75 - [STDERR_REDIRECT] 
2026-05-14 13:16:34,140 [ERROR] LogOutputStream:75 - [STDERR_REDIRECT] [Fatal Error] :1:1: Premature end of file.
2026-05-14 13:16:34,140 [ERROR] LogOutputStream:75 - [STDERR_REDIRECT] 
2026-05-14 13:16:35,163 [ERROR] LogOutputStream:75 - [STDERR_REDIRECT] [Fatal Error] :1:1: Premature end of file.
2026-05-14 13:16:35,163 [ERROR] LogOutputStream:75 - [STDERR_REDIRECT] 
2026-05-14 13:16:36,129 [ERROR] LogOutputStream:75 - [STDERR_REDIRECT] [Fatal Error] :1:1: Premature end of file.
2026-05-14 13:16:36,129 [ERROR] LogOutputStream:75 - [STDERR_REDIRECT] 
2026-05-14 13:16:37,126 [ERROR] LogOutputStream:75 - [STDERR_REDIRECT] [Fatal Error] :1:1: Premature end of file.
2026-05-14 13:16:37,126 [ERROR] LogOutputStream:75 - [STDERR_REDIRECT] 
2026-05-14 13:16:38,139 [ERROR] LogOutputStream:75 - [STDERR_REDIRECT] [Fatal Error] :1:1: Premature end of file.
2026-05-14 13:16:38,139 [ERROR] LogOutputStream:75 - [STDERR_REDIRECT] 
2026-05-14 13:16:39,130 [ERROR] LogOutputStream:75 - [STDERR_REDIRECT] [Fatal Error] :1:1: Premature end of file.
2026-05-14 13:16:39,130 [ERROR] LogOutputStream:75 - [STDERR_REDIRECT] 
2026-05-14 13:16:40,127 [ERROR] LogOutputStream:75 - [STDERR_REDIRECT] [Fatal Error] :1:1: Premature end of file.
2026-05-14 13:16:40,127 [ERROR] LogOutputStream:75 - [STDERR_REDIRECT] 
2026-05-14 13:16:41,123 [ERROR] LogOutputStream:75 - [STDERR_REDIRECT] [Fatal Error] :1:1: Premature end of file.
2026-05-14 13:16:41,123 [ERROR] LogOutputStream:75 - [STDERR_REDIRECT] 
2026-05-14 13:16:42,125 [ERROR] LogOutputStream:75 - [STDERR_REDIRECT] [Fatal Error] :1:1: Premature end of file.
2026-05-14 13:16:42,125 [ERROR] LogOutputStream:75 - [STDERR_REDIRECT] 
2026-05-14 13:16:43,129 [ERROR] LogOutputStream:75 - [STDERR_REDIRECT] [Fatal Error] :1:1: Premature end of file.
2026-05-14 13:16:43,129 [ERROR] LogOutputStream:75 - [STDERR_REDIRECT] 
2026-05-14 13:16:44,126 [ERROR] LogOutputStream:75 - [STDERR_REDIRECT] [Fatal Error] :1:1: Premature end of file.
2026-05-14 13:16:44,126 [ERROR] LogOutputStream:75 - [STDERR_REDIRECT] 
2026-05-14 13:16:45,127 [ERROR] LogOutputStream:75 - [STDERR_REDIRECT] [Fatal Error] :1:1: Premature end of file.
2026-05-14 13:16:45,127 [ERROR] LogOutputStream:75 - [STDERR_REDIRECT] 
2026-05-14 13:16:46,124 [ERROR] LogOutputStream:75 - [STDERR_REDIRECT] [Fatal Error] :1:1: Premature end of file.
2026-05-14 13:16:46,124 [ERROR] LogOutputStream:75 - [STDERR_REDIRECT] 
2026-05-14 13:16:47,145 [ERROR] LogOutputStream:75 - [STDERR_REDIRECT] [Fatal Error] :1:1: Premature end of file.
2026-05-14 13:16:47,145 [ERROR] LogOutputStream:75 - [STDERR_REDIRECT] 
2026-05-14 13:16:48,129 [ERROR] LogOutputStream:75 - [STDERR_REDIRECT] [Fatal Error] :1:1: Premature end of file.
2026-05-14 13:16:48,131 [ERROR] LogOutputStream:75 - [STDERR_REDIRECT] 
2026-05-14 13:16:49,128 [ERROR] LogOutputStream:75 - [STDERR_REDIRECT] [Fatal Error] :1:1: Premature end of file.
2026-05-14 13:16:49,128 [ERROR] LogOutputStream:75 - [STDERR_REDIRECT] 
2026-05-14 13:16:50,146 [ERROR] LogOutputStream:75 - [STDERR_REDIRECT] [Fatal Error] :1:1: Premature end of file.
2026-05-14 13:16:50,146 [ERROR] LogOutputStream:75 - [STDERR_REDIRECT] 
2026-05-14 13:16:51,128 [ERROR] LogOutputStream:75 - [STDERR_REDIRECT] [Fatal Error] :1:1: Premature end of file.
2026-05-14 13:16:51,128 [ERROR] LogOutputStream:75 - [STDERR_REDIRECT] 
2026-05-14 13:16:52,138 [ERROR] LogOutputStream:75 - [STDERR_REDIRECT] [Fatal Error] :1:1: Premature end of file.
2026-05-14 13:16:52,138 [ERROR] LogOutputStream:75 - [STDERR_REDIRECT] 
2026-05-14 13:16:53,128 [ERROR] LogOutputStream:75 - [STDERR_REDIRECT] [Fatal Error] :1:1: Premature end of file.
2026-05-14 13:16:53,128 [ERROR] LogOutputStream:75 - [STDERR_REDIRECT] 
2026-05-14 13:16:54,134 [ERROR] LogOutputStream:75 - [STDERR_REDIRECT] [Fatal Error] :1:1: Premature end of file.
2026-05-14 13:16:54,134 [ERROR] LogOutputStream:75 - [STDERR_REDIRECT] 
2026-05-14 13:16:55,128 [ERROR] LogOutputStream:75 - [STDERR_REDIRECT] [Fatal Error] :1:1: Premature end of file.
2026-05-14 13:16:55,128 [ERROR] LogOutputStream:75 - [STDERR_REDIRECT] 
2026-05-14 13:16:56,128 [ERROR] LogOutputStream:75 - [STDERR_REDIRECT] [Fatal Error] :1:1: Premature end of file.
2026-05-14 13:16:56,128 [ERROR] LogOutputStream:75 - [STDERR_REDIRECT] 
2026-05-14 13:16:57,130 [ERROR] LogOutputStream:75 - [STDERR_REDIRECT] [Fatal Error] :1:1: Premature end of file.
2026-05-14 13:16:57,130 [ERROR] LogOutputStream:75 - [STDERR_REDIRECT] 
2026-05-14 13:16:58,126 [ERROR] LogOutputStream:75 - [STDERR_REDIRECT] [Fatal Error] :1:1: Premature end of file.
2026-05-14 13:16:58,126 [ERROR] LogOutputStream:75 - [STDERR_REDIRECT] 
2026-05-14 13:16:59,127 [ERROR] LogOutputStream:75 - [STDERR_REDIRECT] [Fatal Error] :1:1: Premature end of file.
2026-05-14 13:16:59,128 [ERROR] LogOutputStream:75 - [STDERR_REDIRECT] 
2026-05-14 13:17:00,126 [ERROR] LogOutputStream:75 - [STDERR_REDIRECT] [Fatal Error] :1:1: Premature end of file.
2026-05-14 13:17:00,126 [ERROR] LogOutputStream:75 - [STDERR_REDIRECT] 
2026-05-14 13:17:01,126 [ERROR] LogOutputStream:75 - [STDERR_REDIRECT] [Fatal Error] :1:1: Premature end of file.
2026-05-14 13:17:01,126 [ERROR] LogOutputStream:75 - [STDERR_REDIRECT] 
2026-05-14 13:17:02,125 [ERROR] LogOutputStream:75 - [STDERR_REDIRECT] [Fatal Error] :1:1: Premature end of file.
2026-05-14 13:17:02,125 [ERROR] LogOutputStream:75 - [STDERR_REDIRECT] 
2026-05-14 13:17:03,127 [ERROR] LogOutputStream:75 - [STDERR_REDIRECT] [Fatal Error] :1:1: Premature end of file.
2026-05-14 13:17:03,127 [ERROR] LogOutputStream:75 - [STDERR_REDIRECT] 
2026-05-14 13:17:04,131 [ERROR] LogOutputStream:75 - [STDERR_REDIRECT] [Fatal Error] :1:1: Premature end of file.
2026-05-14 13:17:04,131 [ERROR] LogOutputStream:75 - [STDERR_REDIRECT] 
2026-05-14 13:17:05,134 [ERROR] LogOutputStream:75 - [STDERR_REDIRECT] [Fatal Error] :1:1: Premature end of file.
2026-05-14 13:17:05,134 [ERROR] LogOutputStream:75 - [STDERR_REDIRECT] 
2026-05-14 13:17:06,127 [ERROR] LogOutputStream:75 - [STDERR_REDIRECT] [Fatal Error] :1:1: Premature end of file.
2026-05-14 13:17:06,127 [ERROR] LogOutputStream:75 - [STDERR_REDIRECT] 
2026-05-14 13:17:07,126 [ERROR] LogOutputStream:75 - [STDERR_REDIRECT] [Fatal Error] :1:1: Premature end of file.
2026-05-14 13:17:07,126 [ERROR] LogOutputStream:75 - [STDERR_REDIRECT] 
2026-05-14 13:17:08,126 [ERROR] LogOutputStream:75 - [STDERR_REDIRECT] [Fatal Error] :1:1: Premature end of file.
2026-05-14 13:17:08,126 [ERROR] LogOutputStream:75 - [STDERR_REDIRECT] 
2026-05-14 13:17:09,128 [ERROR] LogOutputStream:75 - [STDERR_REDIRECT] [Fatal Error] :1:1: Premature end of file.
2026-05-14 13:17:09,128 [ERROR] LogOutputStream:75 - [STDERR_REDIRECT] 
2026-05-14 13:17:10,126 [ERROR] LogOutputStream:75 - [STDERR_REDIRECT] [Fatal Error] :1:1: Premature end of file.
2026-05-14 13:17:10,126 [ERROR] LogOutputStream:75 - [STDERR_REDIRECT] 
2026-05-14 13:17:11,126 [ERROR] LogOutputStream:75 - [STDERR_REDIRECT] [Fatal Error] :1:1: Premature end of file.
2026-05-14 13:17:11,126 [ERROR] LogOutputStream:75 - [STDERR_REDIRECT] 
2026-05-14 13:17:12,126 [ERROR] LogOutputStream:75 - [STDERR_REDIRECT] [Fatal Error] :1:1: Premature end of file.
2026-05-14 13:17:12,126 [ERROR] LogOutputStream:75 - [STDERR_REDIRECT] 
2026-05-14 13:17:13,127 [ERROR] LogOutputStream:75 - [STDERR_REDIRECT] [Fatal Error] :1:1: Premature end of file.
2026-05-14 13:17:13,128 [ERROR] LogOutputStream:75 - [STDERR_REDIRECT] 
2026-05-14 13:17:14,130 [ERROR] LogOutputStream:75 - [STDERR_REDIRECT] [Fatal Error] :1:1: Premature end of file.
2026-05-14 13:17:14,130 [ERROR] LogOutputStream:75 - [STDERR_REDIRECT] 
2026-05-14 13:17:15,132 [ERROR] LogOutputStream:75 - [STDERR_REDIRECT] [Fatal Error] :1:1: Premature end of file.
2026-05-14 13:17:15,132 [ERROR] LogOutputStream:75 - [STDERR_REDIRECT] 
2026-05-14 13:17:16,132 [ERROR] LogOutputStream:75 - [STDERR_REDIRECT] [Fatal Error] :1:1: Premature end of file.
2026-05-14 13:17:16,132 [ERROR] LogOutputStream:75 - [STDERR_REDIRECT] 
2026-05-14 13:17:17,130 [ERROR] LogOutputStream:75 - [STDERR_REDIRECT] [Fatal Error] :1:1: Premature end of file.
2026-05-14 13:17:17,131 [ERROR] LogOutputStream:75 - [STDERR_REDIRECT] 
2026-05-14 13:17:18,132 [ERROR] LogOutputStream:75 - [STDERR_REDIRECT] [Fatal Error] :1:1: Premature end of file.
2026-05-14 13:17:18,132 [ERROR] LogOutputStream:75 - [STDERR_REDIRECT] 
2026-05-14 13:17:19,133 [ERROR] LogOutputStream:75 - [STDERR_REDIRECT] [Fatal Error] :1:1: Premature end of file.
2026-05-14 13:17:19,133 [ERROR] LogOutputStream:75 - [STDERR_REDIRECT] 
2026-05-14 13:17:20,135 [ERROR] LogOutputStream:75 - [STDERR_REDIRECT] [Fatal Error] :1:1: Premature end of file.
2026-05-14 13:17:20,135 [ERROR] LogOutputStream:75 - [STDERR_REDIRECT] 
2026-05-14 13:17:21,142 [ERROR] LogOutputStream:75 - [STDERR_REDIRECT] [Fatal Error] :1:1: Premature end of file.
2026-05-14 13:17:21,142 [ERROR] LogOutputStream:75 - [STDERR_REDIRECT] 
2026-05-14 13:17:22,130 [ERROR] LogOutputStream:75 - [STDERR_REDIRECT] [Fatal Error] :1:1: Premature end of file.
2026-05-14 13:17:22,130 [ERROR] LogOutputStream:75 - [STDERR_REDIRECT] 
2026-05-14 13:17:23,148 [ERROR] LogOutputStream:75 - [STDERR_REDIRECT] [Fatal Error] :1:1: Premature end of file.
2026-05-14 13:17:23,148 [ERROR] LogOutputStream:75 - [STDERR_REDIRECT] 
2026-05-14 13:17:24,127 [ERROR] LogOutputStream:75 - [STDERR_REDIRECT] [Fatal Error] :1:1: Premature end of file.
2026-05-14 13:17:24,127 [ERROR] LogOutputStream:75 - [STDERR_REDIRECT] 
2026-05-14 13:17:25,126 [ERROR] LogOutputStream:75 - [STDERR_REDIRECT] [Fatal Error] :1:1: Premature end of file.
2026-05-14 13:17:25,126 [ERROR] LogOutputStream:75 - [STDERR_REDIRECT] 
2026-05-14 13:17:26,128 [ERROR] LogOutputStream:75 - [STDERR_REDIRECT] [Fatal Error] :1:1: Premature end of file.
2026-05-14 13:17:26,128 [ERROR] LogOutputStream:75 - [STDERR_REDIRECT] 
2026-05-14 13:17:27,125 [ERROR] LogOutputStream:75 - [STDERR_REDIRECT] [Fatal Error] :1:1: Premature end of file.
2026-05-14 13:17:27,125 [ERROR] LogOutputStream:75 - [STDERR_REDIRECT] 
2026-05-14 13:17:28,133 [ERROR] LogOutputStream:75 - [STDERR_REDIRECT] [Fatal Error] :1:1: Premature end of file.
2026-05-14 13:17:28,133 [ERROR] LogOutputStream:75 - [STDERR_REDIRECT] 
2026-05-14 13:17:29,130 [ERROR] LogOutputStream:75 - [STDERR_REDIRECT] [Fatal Error] :1:1: Premature end of file.
2026-05-14 13:17:29,130 [ERROR] LogOutputStream:75 - [STDERR_REDIRECT] 
2026-05-14 13:17:30,135 [ERROR] LogOutputStream:75 - [STDERR_REDIRECT] [Fatal Error] :1:1: Premature end of file.
2026-05-14 13:17:30,135 [ERROR] LogOutputStream:75 - [STDERR_REDIRECT] 
2026-05-14 13:17:31,142 [ERROR] LogOutputStream:75 - [STDERR_REDIRECT] [Fatal Error] :1:1: Premature end of file.
2026-05-14 13:17:31,142 [ERROR] LogOutputStream:75 - [STDERR_REDIRECT] 
2026-05-14 13:17:32,129 [ERROR] LogOutputStream:75 - [STDERR_REDIRECT] [Fatal Error] :1:1: Premature end of file.
2026-05-14 13:17:32,129 [ERROR] LogOutputStream:75 - [STDERR_REDIRECT] 
2026-05-14 13:17:33,132 [ERROR] LogOutputStream:75 - [STDERR_REDIRECT] [Fatal Error] :1:1: Premature end of file.
2026-05-14 13:17:33,132 [ERROR] LogOutputStream:75 - [STDERR_REDIRECT] 
2026-05-14 13:17:34,134 [ERROR] LogOutputStream:75 - [STDERR_REDIRECT] [Fatal Error] :1:1: Premature end of file.
2026-05-14 13:17:34,134 [ERROR] LogOutputStream:75 - [STDERR_REDIRECT] 
2026-05-14 13:17:35,134 [ERROR] LogOutputStream:75 - [STDERR_REDIRECT] [Fatal Error] :1:1: Premature end of file.
2026-05-14 13:17:35,134 [ERROR] LogOutputStream:75 - [STDERR_REDIRECT] 
2026-05-14 13:17:36,134 [ERROR] LogOutputStream:75 - [STDERR_REDIRECT] [Fatal Error] :1:1: Premature end of file.
2026-05-14 13:17:36,134 [ERROR] LogOutputStream:75 - [STDERR_REDIRECT] 
2026-05-14 13:17:37,128 [ERROR] LogOutputStream:75 - [STDERR_REDIRECT] [Fatal Error] :1:1: Premature end of file.
2026-05-14 13:17:37,128 [ERROR] LogOutputStream:75 - [STDERR_REDIRECT] 
2026-05-14 13:17:38,139 [ERROR] LogOutputStream:75 - [STDERR_REDIRECT] [Fatal Error] :1:1: Premature end of file.
2026-05-14 13:17:38,139 [ERROR] LogOutputStream:75 - [STDERR_REDIRECT] 
2026-05-14 13:17:39,138 [ERROR] LogOutputStream:75 - [STDERR_REDIRECT] [Fatal Error] :1:1: Premature end of file.
2026-05-14 13:17:39,138 [ERROR] LogOutputStream:75 - [STDERR_REDIRECT] 
2026-05-14 13:17:40,138 [ERROR] LogOutputStream:75 - [STDERR_REDIRECT] [Fatal Error] :1:1: Premature end of file.
2026-05-14 13:17:40,138 [ERROR] LogOutputStream:75 - [STDERR_REDIRECT] 
2026-05-14 13:17:41,128 [ERROR] LogOutputStream:75 - [STDERR_REDIRECT] [Fatal Error] :1:1: Premature end of file.
2026-05-14 13:17:41,138 [ERROR] LogOutputStream:75 - [STDERR_REDIRECT] 
2026-05-14 13:17:42,138 [ERROR] LogOutputStream:75 - [STDERR_REDIRECT] [Fatal Error] :1:1: Premature end of file.
2026-05-14 13:17:42,138 [ERROR] LogOutputStream:75 - [STDERR_REDIRECT] 
2026-05-14 13:17:43,127 [ERROR] LogOutputStream:75 - [STDERR_REDIRECT] [Fatal Error] :1:1: Premature end of file.
2026-05-14 13:17:43,127 [ERROR] LogOutputStream:75 - [STDERR_REDIRECT] 
2026-05-14 13:17:44,118 [ERROR] LogOutputStream:75 - [STDERR_REDIRECT] [Fatal Error] :1:1: Premature end of file.
2026-05-14 13:17:44,118 [ERROR] LogOutputStream:75 - [STDERR_REDIRECT] 
2026-05-14 13:17:45,138 [ERROR] LogOutputStream:75 - [STDERR_REDIRECT] [Fatal Error] :1:1: Premature end of file.
2026-05-14 13:17:45,138 [ERROR] LogOutputStream:75 - [STDERR_REDIRECT] 
2026-05-14 13:17:46,131 [ERROR] LogOutputStream:75 - [STDERR_REDIRECT] [Fatal Error] :1:1: Premature end of file.
2026-05-14 13:17:46,131 [ERROR] LogOutputStream:75 - [STDERR_REDIRECT] 
2026-05-14 13:17:47,129 [ERROR] LogOutputStream:75 - [STDERR_REDIRECT] [Fatal Error] :1:1: Premature end of file.
2026-05-14 13:17:47,129 [ERROR] LogOutputStream:75 - [STDERR_REDIRECT] 
2026-05-14 13:17:48,130 [ERROR] LogOutputStream:75 - [STDERR_REDIRECT] [Fatal Error] :1:1: Premature end of file.
2026-05-14 13:17:48,130 [ERROR] LogOutputStream:75 - [STDERR_REDIRECT] 
2026-05-14 13:17:49,128 [ERROR] LogOutputStream:75 - [STDERR_REDIRECT] [Fatal Error] :1:1: Premature end of file.
2026-05-14 13:17:49,128 [ERROR] LogOutputStream:75 - [STDERR_REDIRECT] 
2026-05-14 13:17:50,140 [ERROR] LogOutputStream:75 - [STDERR_REDIRECT] [Fatal Error] :1:1: Premature end of file.
2026-05-14 13:17:50,140 [ERROR] LogOutputStream:75 - [STDERR_REDIRECT] 
2026-05-14 13:17:51,123 [ERROR] LogOutputStream:75 - [STDERR_REDIRECT] [Fatal Error] :1:1: Premature end of file.
2026-05-14 13:17:51,123 [ERROR] LogOutputStream:75 - [STDERR_REDIRECT] 
2026-05-14 13:17:52,127 [ERROR] LogOutputStream:75 - [STDERR_REDIRECT] [Fatal Error] :1:1: Premature end of file.
2026-05-14 13:17:52,127 [ERROR] LogOutputStream:75 - [STDERR_REDIRECT] 
2026-05-14 13:17:53,127 [ERROR] LogOutputStream:75 - [STDERR_REDIRECT] [Fatal Error] :1:1: Premature end of file.
2026-05-14 13:17:53,132 [ERROR] LogOutputStream:75 - [STDERR_REDIRECT] 
2026-05-14 13:17:54,135 [ERROR] LogOutputStream:75 - [STDERR_REDIRECT] [Fatal Error] :1:1: Premature end of file.
2026-05-14 13:17:54,135 [ERROR] LogOutputStream:75 - [STDERR_REDIRECT] 
2026-05-14 13:17:55,137 [ERROR] LogOutputStream:75 - [STDERR_REDIRECT] [Fatal Error] :1:1: Premature end of file.
2026-05-14 13:17:55,139 [ERROR] LogOutputStream:75 - [STDERR_REDIRECT] 
2026-05-14 13:17:56,126 [ERROR] LogOutputStream:75 - [STDERR_REDIRECT] [Fatal Error] :1:1: Premature end of file.
2026-05-14 13:17:56,127 [ERROR] LogOutputStream:75 - [STDERR_REDIRECT] 
2026-05-14 13:17:57,139 [ERROR] LogOutputStream:75 - [STDERR_REDIRECT] [Fatal Error] :1:1: Premature end of file.
2026-05-14 13:17:57,139 [ERROR] LogOutputStream:75 - [STDERR_REDIRECT] 
2026-05-14 13:17:58,133 [ERROR] LogOutputStream:75 - [STDERR_REDIRECT] [Fatal Error] :1:1: Premature end of file.
2026-05-14 13:17:58,133 [ERROR] LogOutputStream:75 - [STDERR_REDIRECT] 
2026-05-14 13:17:59,127 [ERROR] LogOutputStream:75 - [STDERR_REDIRECT] [Fatal Error] :1:1: Premature end of file.
2026-05-14 13:17:59,127 [ERROR] LogOutputStream:75 - [STDERR_REDIRECT] 
2026-05-14 13:18:00,137 [ERROR] LogOutputStream:75 - [STDERR_REDIRECT] [Fatal Error] :1:1: Premature end of file.
2026-05-14 13:18:00,137 [ERROR] LogOutputStream:75 - [STDERR_REDIRECT] 
2026-05-14 13:18:01,134 [ERROR] LogOutputStream:75 - [STDERR_REDIRECT] [Fatal Error] :1:1: Premature end of file.
2026-05-14 13:18:01,134 [ERROR] LogOutputStream:75 - [STDERR_REDIRECT] 
2026-05-14 13:18:02,127 [ERROR] LogOutputStream:75 - [STDERR_REDIRECT] [Fatal Error] :1:1: Premature end of file.
2026-05-14 13:18:02,127 [ERROR] LogOutputStream:75 - [STDERR_REDIRECT] 
2026-05-14 13:18:03,128 [ERROR] LogOutputStream:75 - [STDERR_REDIRECT] [Fatal Error] :1:1: Premature end of file.
2026-05-14 13:18:03,128 [ERROR] LogOutputStream:75 - [STDERR_REDIRECT] 
2026-05-14 13:18:04,144 [ERROR] LogOutputStream:75 - [STDERR_REDIRECT] [Fatal Error] :1:1: Premature end of file.
2026-05-14 13:18:04,144 [ERROR] LogOutputStream:75 - [STDERR_REDIRECT] 
2026-05-14 13:18:05,127 [ERROR] LogOutputStream:75 - [STDERR_REDIRECT] [Fatal Error] :1:1: Premature end of file.
2026-05-14 13:18:05,127 [ERROR] LogOutputStream:75 - [STDERR_REDIRECT] 
2026-05-14 13:18:06,137 [ERROR] LogOutputStream:75 - [STDERR_REDIRECT] [Fatal Error] :1:1: Premature end of file.
2026-05-14 13:18:06,137 [ERROR] LogOutputStream:75 - [STDERR_REDIRECT] 
2026-05-14 13:18:07,127 [ERROR] LogOutputStream:75 - [STDERR_REDIRECT] [Fatal Error] :1:1: Premature end of file.
2026-05-14 13:18:07,127 [ERROR] LogOutputStream:75 - [STDERR_REDIRECT] 
2026-05-14 13:18:08,137 [ERROR] LogOutputStream:75 - [STDERR_REDIRECT] [Fatal Error] :1:1: Premature end of file.
2026-05-14 13:18:08,137 [ERROR] LogOutputStream:75 - [STDERR_REDIRECT] 
2026-05-14 13:18:09,137 [ERROR] LogOutputStream:75 - [STDERR_REDIRECT] [Fatal Error] :1:1: Premature end of file.
2026-05-14 13:18:09,140 [ERROR] LogOutputStream:75 - [STDERR_REDIRECT] 
2026-05-14 13:18:10,147 [ERROR] LogOutputStream:75 - [STDERR_REDIRECT] [Fatal Error] :1:1: Premature end of file.
2026-05-14 13:18:10,147 [ERROR] LogOutputStream:75 - [STDERR_REDIRECT] 
2026-05-14 13:18:11,127 [ERROR] LogOutputStream:75 - [STDERR_REDIRECT] [Fatal Error] :1:1: Premature end of file.
2026-05-14 13:18:11,127 [ERROR] LogOutputStream:75 - [STDERR_REDIRECT] 
2026-05-14 13:18:12,137 [ERROR] LogOutputStream:75 - [STDERR_REDIRECT] [Fatal Error] :1:1: Premature end of file.
2026-05-14 13:18:12,137 [ERROR] LogOutputStream:75 - [STDERR_REDIRECT] 
2026-05-14 13:18:13,127 [ERROR] LogOutputStream:75 - [STDERR_REDIRECT] [Fatal Error] :1:1: Premature end of file.
2026-05-14 13:18:13,127 [ERROR] LogOutputStream:75 - [STDERR_REDIRECT] 
2026-05-14 13:18:14,137 [ERROR] LogOutputStream:75 - [STDERR_REDIRECT] [Fatal Error] :1:1: Premature end of file.
2026-05-14 13:18:14,137 [ERROR] LogOutputStream:75 - [STDERR_REDIRECT] 
2026-05-14 13:18:15,137 [ERROR] LogOutputStream:75 - [STDERR_REDIRECT] [Fatal Error] :1:1: Premature end of file.
2026-05-14 13:18:15,139 [ERROR] LogOutputStream:75 - [STDERR_REDIRECT] 
2026-05-14 13:18:16,133 [ERROR] LogOutputStream:75 - [STDERR_REDIRECT] [Fatal Error] :1:1: Premature end of file.
2026-05-14 13:18:16,133 [ERROR] LogOutputStream:75 - [STDERR_REDIRECT] 
2026-05-14 13:18:17,142 [ERROR] LogOutputStream:75 - [STDERR_REDIRECT] [Fatal Error] :1:1: Premature end of file.
2026-05-14 13:18:17,142 [ERROR] LogOutputStream:75 - [STDERR_REDIRECT] 
2026-05-14 13:18:18,126 [ERROR] LogOutputStream:75 - [STDERR_REDIRECT] [Fatal Error] :1:1: Premature end of file.
2026-05-14 13:18:18,127 [ERROR] LogOutputStream:75 - [STDERR_REDIRECT] 
2026-05-14 13:18:19,127 [ERROR] LogOutputStream:75 - [STDERR_REDIRECT] [Fatal Error] :1:1: Premature end of file.
2026-05-14 13:18:19,127 [ERROR] LogOutputStream:75 - [STDERR_REDIRECT] 
2026-05-14 13:18:20,126 [ERROR] LogOutputStream:75 - [STDERR_REDIRECT] [Fatal Error] :1:1: Premature end of file.
2026-05-14 13:18:20,127 [ERROR] LogOutputStream:75 - [STDERR_REDIRECT] 
2026-05-14 13:18:21,130 [ERROR] LogOutputStream:75 - [STDERR_REDIRECT] [Fatal Error] :1:1: Premature end of file.
2026-05-14 13:18:21,130 [ERROR] LogOutputStream:75 - [STDERR_REDIRECT] 
2026-05-14 13:18:22,125 [ERROR] LogOutputStream:75 - [STDERR_REDIRECT] [Fatal Error] :1:1: Premature end of file.
2026-05-14 13:18:22,126 [ERROR] LogOutputStream:75 - [STDERR_REDIRECT] 
2026-05-14 13:18:23,126 [ERROR] LogOutputStream:75 - [STDERR_REDIRECT] [Fatal Error] :1:1: Premature end of file.
2026-05-14 13:18:23,126 [ERROR] LogOutputStream:75 - [STDERR_REDIRECT] 
2026-05-14 13:18:24,126 [ERROR] LogOutputStream:75 - [STDERR_REDIRECT] [Fatal Error] :1:1: Premature end of file.
2026-05-14 13:18:24,126 [ERROR] LogOutputStream:75 - [STDERR_REDIRECT] 
2026-05-14 13:18:25,126 [ERROR] LogOutputStream:75 - [STDERR_REDIRECT] [Fatal Error] :1:1: Premature end of file.
2026-05-14 13:18:25,126 [ERROR] LogOutputStream:75 - [STDERR_REDIRECT] 
2026-05-14 13:18:26,126 [ERROR] LogOutputStream:75 - [STDERR_REDIRECT] [Fatal Error] :1:1: Premature end of file.
2026-05-14 13:18:26,126 [ERROR] LogOutputStream:75 - [STDERR_REDIRECT] 
2026-05-14 13:18:27,125 [ERROR] LogOutputStream:75 - [STDERR_REDIRECT] [Fatal Error] :1:1: Premature end of file.
2026-05-14 13:18:27,125 [ERROR] LogOutputStream:75 - [STDERR_REDIRECT] 
2026-05-14 13:18:28,125 [ERROR] LogOutputStream:75 - [STDERR_REDIRECT] [Fatal Error] :1:1: Premature end of file.
2026-05-14 13:18:28,126 [ERROR] LogOutputStream:75 - [STDERR_REDIRECT] 
2026-05-14 13:18:29,130 [ERROR] LogOutputStream:75 - [STDERR_REDIRECT] [Fatal Error] :1:1: Premature end of file.
2026-05-14 13:18:29,130 [ERROR] LogOutputStream:75 - [STDERR_REDIRECT] 
2026-05-14 13:18:30,131 [ERROR] LogOutputStream:75 - [STDERR_REDIRECT] [Fatal Error] :1:1: Premature end of file.
2026-05-14 13:18:30,131 [ERROR] LogOutputStream:75 - [STDERR_REDIRECT] 
2026-05-14 13:18:31,124 [ERROR] LogOutputStream:75 - [STDERR_REDIRECT] [Fatal Error] :1:1: Premature end of file.
2026-05-14 13:18:31,125 [ERROR] LogOutputStream:75 - [STDERR_REDIRECT] 
2026-05-14 13:18:32,125 [ERROR] LogOutputStream:75 - [STDERR_REDIRECT] [Fatal Error] :1:1: Premature end of file.
2026-05-14 13:18:32,125 [ERROR] LogOutputStream:75 - [STDERR_REDIRECT] 
2026-05-14 13:18:33,133 [ERROR] LogOutputStream:75 - [STDERR_REDIRECT] [Fatal Error] :1:1: Premature end of file.
2026-05-14 13:18:33,133 [ERROR] LogOutputStream:75 - [STDERR_REDIRECT] 
2026-05-14 13:18:34,126 [ERROR] LogOutputStream:75 - [STDERR_REDIRECT] [Fatal Error] :1:1: Premature end of file.
2026-05-14 13:18:34,126 [ERROR] LogOutputStream:75 - [STDERR_REDIRECT] 
2026-05-14 13:18:35,127 [ERROR] LogOutputStream:75 - [STDERR_REDIRECT] [Fatal Error] :1:1: Premature end of file.
2026-05-14 13:18:35,127 [ERROR] LogOutputStream:75 - [STDERR_REDIRECT] 
2026-05-14 13:18:36,136 [ERROR] LogOutputStream:75 - [STDERR_REDIRECT] [Fatal Error] :1:1: Premature end of file.
2026-05-14 13:18:36,136 [ERROR] LogOutputStream:75 - [STDERR_REDIRECT] 
2026-05-14 13:18:37,136 [ERROR] LogOutputStream:75 - [STDERR_REDIRECT] [Fatal Error] :1:1: Premature end of file.
2026-05-14 13:18:37,136 [ERROR] LogOutputStream:75 - [STDERR_REDIRECT] 
2026-05-14 13:18:38,136 [ERROR] LogOutputStream:75 - [STDERR_REDIRECT] [Fatal Error] :1:1: Premature end of file.
2026-05-14 13:18:38,136 [ERROR] LogOutputStream:75 - [STDERR_REDIRECT] 
2026-05-14 13:18:39,142 [ERROR] LogOutputStream:75 - [STDERR_REDIRECT] [Fatal Error] :1:1: Premature end of file.
2026-05-14 13:18:39,142 [ERROR] LogOutputStream:75 - [STDERR_REDIRECT] 
2026-05-14 13:18:40,128 [ERROR] LogOutputStream:75 - [STDERR_REDIRECT] [Fatal Error] :1:1: Premature end of file.
2026-05-14 13:18:40,128 [ERROR] LogOutputStream:75 - [STDERR_REDIRECT] 
2026-05-14 13:18:41,130 [ERROR] LogOutputStream:75 - [STDERR_REDIRECT] [Fatal Error] :1:1: Premature end of file.
2026-05-14 13:18:41,130 [ERROR] LogOutputStream:75 - [STDERR_REDIRECT] 
2026-05-14 13:18:42,129 [ERROR] LogOutputStream:75 - [STDERR_REDIRECT] [Fatal Error] :1:1: Premature end of file.
2026-05-14 13:18:42,136 [ERROR] LogOutputStream:75 - [STDERR_REDIRECT] 
2026-05-14 13:18:43,127 [ERROR] LogOutputStream:75 - [STDERR_REDIRECT] [Fatal Error] :1:1: Premature end of file.
2026-05-14 13:18:43,127 [ERROR] LogOutputStream:75 - [STDERR_REDIRECT] 
2026-05-14 13:18:44,136 [ERROR] LogOutputStream:75 - [STDERR_REDIRECT] [Fatal Error] :1:1: Premature end of file.
2026-05-14 13:18:44,136 [ERROR] LogOutputStream:75 - [STDERR_REDIRECT] 
2026-05-14 13:18:45,126 [ERROR] LogOutputStream:75 - [STDERR_REDIRECT] [Fatal Error] :1:1: Premature end of file.
2026-05-14 13:18:45,126 [ERROR] LogOutputStream:75 - [STDERR_REDIRECT] 
2026-05-14 13:18:46,129 [ERROR] LogOutputStream:75 - [STDERR_REDIRECT] [Fatal Error] :1:1: Premature end of file.
2026-05-14 13:18:46,129 [ERROR] LogOutputStream:75 - [STDERR_REDIRECT] 
2026-05-14 13:18:47,127 [ERROR] LogOutputStream:75 - [STDERR_REDIRECT] [Fatal Error] :1:1: Premature end of file.
2026-05-14 13:18:47,127 [ERROR] LogOutputStream:75 - [STDERR_REDIRECT] 
2026-05-14 13:18:48,128 [ERROR] LogOutputStream:75 - [STDERR_REDIRECT] [Fatal Error] :1:1: Premature end of file.
2026-05-14 13:18:48,128 [ERROR] LogOutputStream:75 - [STDERR_REDIRECT] 
2026-05-14 13:18:49,129 [ERROR] LogOutputStream:75 - [STDERR_REDIRECT] [Fatal Error] :1:1: Premature end of file.
2026-05-14 13:18:49,131 [ERROR] LogOutputStream:75 - [STDERR_REDIRECT] 
2026-05-14 13:18:50,131 [ERROR] LogOutputStream:75 - [STDERR_REDIRECT] [Fatal Error] :1:1: Premature end of file.
2026-05-14 13:18:50,132 [ERROR] LogOutputStream:75 - [STDERR_REDIRECT] 
2026-05-14 13:18:51,130 [ERROR] LogOutputStream:75 - [STDERR_REDIRECT] [Fatal Error] :1:1: Premature end of file.
2026-05-14 13:18:51,131 [ERROR] LogOutputStream:75 - [STDERR_REDIRECT] 
2026-05-14 13:18:52,127 [ERROR] LogOutputStream:75 - [STDERR_REDIRECT] [Fatal Error] :1:1: Premature end of file.
2026-05-14 13:18:52,127 [ERROR] LogOutputStream:75 - [STDERR_REDIRECT] 
2026-05-14 13:18:53,133 [ERROR] LogOutputStream:75 - [STDERR_REDIRECT] [Fatal Error] :1:1: Premature end of file.
2026-05-14 13:18:53,133 [ERROR] LogOutputStream:75 - [STDERR_REDIRECT] 
2026-05-14 13:18:54,171 [ERROR] LogOutputStream:75 - [STDERR_REDIRECT] [Fatal Error] :1:1: Premature end of file.
2026-05-14 13:18:54,171 [ERROR] LogOutputStream:75 - [STDERR_REDIRECT] 
2026-05-14 13:18:55,128 [ERROR] LogOutputStream:75 - [STDERR_REDIRECT] [Fatal Error] :1:1: Premature end of file.
2026-05-14 13:18:55,128 [ERROR] LogOutputStream:75 - [STDERR_REDIRECT] 
2026-05-14 13:18:56,129 [ERROR] LogOutputStream:75 - [STDERR_REDIRECT] [Fatal Error] :1:1: Premature end of file.
2026-05-14 13:18:56,129 [ERROR] LogOutputStream:75 - [STDERR_REDIRECT] 
2026-05-14 13:18:57,125 [ERROR] LogOutputStream:75 - [STDERR_REDIRECT] [Fatal Error] :1:1: Premature end of file.
2026-05-14 13:18:57,125 [ERROR] LogOutputStream:75 - [STDERR_REDIRECT] 
2026-05-14 13:18:58,133 [ERROR] LogOutputStream:75 - [STDERR_REDIRECT] [Fatal Error] :1:1: Premature end of file.
2026-05-14 13:18:58,133 [ERROR] LogOutputStream:75 - [STDERR_REDIRECT] 
2026-05-14 13:18:59,124 [ERROR] LogOutputStream:75 - [STDERR_REDIRECT] [Fatal Error] :1:1: Premature end of file.
2026-05-14 13:18:59,125 [ERROR] LogOutputStream:75 - [STDERR_REDIRECT] 
2026-05-14 13:19:00,129 [ERROR] LogOutputStream:75 - [STDERR_REDIRECT] [Fatal Error] :1:1: Premature end of file.
2026-05-14 13:19:00,129 [ERROR] LogOutputStream:75 - [STDERR_REDIRECT] 
2026-05-14 13:19:01,133 [ERROR] LogOutputStream:75 - [STDERR_REDIRECT] [Fatal Error] :1:1: Premature end of file.
2026-05-14 13:19:01,133 [ERROR] LogOutputStream:75 - [STDERR_REDIRECT] 
2026-05-14 13:19:02,131 [ERROR] LogOutputStream:75 - [STDERR_REDIRECT] [Fatal Error] :1:1: Premature end of file.
2026-05-14 13:19:02,131 [ERROR] LogOutputStream:75 - [STDERR_REDIRECT] 
2026-05-14 13:19:03,132 [ERROR] LogOutputStream:75 - [STDERR_REDIRECT] [Fatal Error] :1:1: Premature end of file.
2026-05-14 13:19:03,132 [ERROR] LogOutputStream:75 - [STDERR_REDIRECT] 
2026-05-14 13:19:04,127 [ERROR] LogOutputStream:75 - [STDERR_REDIRECT] [Fatal Error] :1:1: Premature end of file.
2026-05-14 13:19:04,127 [ERROR] LogOutputStream:75 - [STDERR_REDIRECT] 
2026-05-14 13:19:05,132 [ERROR] LogOutputStream:75 - [STDERR_REDIRECT] [Fatal Error] :1:1: Premature end of file.
2026-05-14 13:19:05,132 [ERROR] LogOutputStream:75 - [STDERR_REDIRECT] 
2026-05-14 13:19:06,131 [ERROR] LogOutputStream:75 - [STDERR_REDIRECT] [Fatal Error] :1:1: Premature end of file.
2026-05-14 13:19:06,131 [ERROR] LogOutputStream:75 - [STDERR_REDIRECT] 
2026-05-14 13:19:07,137 [ERROR] LogOutputStream:75 - [STDERR_REDIRECT] [Fatal Error] :1:1: Premature end of file.
2026-05-14 13:19:07,137 [ERROR] LogOutputStream:75 - [STDERR_REDIRECT] 
2026-05-14 13:19:08,128 [ERROR] LogOutputStream:75 - [STDERR_REDIRECT] [Fatal Error] :1:1: Premature end of file.
2026-05-14 13:19:08,128 [ERROR] LogOutputStream:75 - [STDERR_REDIRECT] 
2026-05-14 13:19:09,128 [ERROR] LogOutputStream:75 - [STDERR_REDIRECT] [Fatal Error] :1:1: Premature end of file.
2026-05-14 13:19:09,128 [ERROR] LogOutputStream:75 - [STDERR_REDIRECT] 
2026-05-14 13:19:10,133 [ERROR] LogOutputStream:75 - [STDERR_REDIRECT] [Fatal Error] :1:1: Premature end of file.
2026-05-14 13:19:10,133 [ERROR] LogOutputStream:75 - [STDERR_REDIRECT] 
2026-05-14 13:19:11,130 [ERROR] LogOutputStream:75 - [STDERR_REDIRECT] [Fatal Error] :1:1: Premature end of file.
2026-05-14 13:19:11,130 [ERROR] LogOutputStream:75 - [STDERR_REDIRECT] 
2026-05-14 13:19:12,135 [ERROR] LogOutputStream:75 - [STDERR_REDIRECT] [Fatal Error] :1:1: Premature end of file.
2026-05-14 13:19:12,135 [ERROR] LogOutputStream:75 - [STDERR_REDIRECT] 
2026-05-14 13:19:13,128 [ERROR] LogOutputStream:75 - [STDERR_REDIRECT] [Fatal Error] :1:1: Premature end of file.
2026-05-14 13:19:13,128 [ERROR] LogOutputStream:75 - [STDERR_REDIRECT] 
2026-05-14 13:19:14,127 [ERROR] LogOutputStream:75 - [STDERR_REDIRECT] [Fatal Error] :1:1: Premature end of file.
2026-05-14 13:19:14,127 [ERROR] LogOutputStream:75 - [STDERR_REDIRECT] 
2026-05-14 13:19:15,125 [ERROR] LogOutputStream:75 - [STDERR_REDIRECT] [Fatal Error] :1:1: Premature end of file.
2026-05-14 13:19:15,125 [ERROR] LogOutputStream:75 - [STDERR_REDIRECT] 
2026-05-14 13:19:16,137 [ERROR] LogOutputStream:75 - [STDERR_REDIRECT] [Fatal Error] :1:1: Premature end of file.
2026-05-14 13:19:16,138 [ERROR] LogOutputStream:75 - [STDERR_REDIRECT] 
2026-05-14 13:19:17,125 [ERROR] LogOutputStream:75 - [STDERR_REDIRECT] [Fatal Error] :1:1: Premature end of file.
2026-05-14 13:19:17,126 [ERROR] LogOutputStream:75 - [STDERR_REDIRECT] 
2026-05-14 13:19:18,133 [ERROR] LogOutputStream:75 - [STDERR_REDIRECT] [Fatal Error] :1:1: Premature end of file.
2026-05-14 13:19:18,133 [ERROR] LogOutputStream:75 - [STDERR_REDIRECT] 
2026-05-14 13:19:19,130 [ERROR] LogOutputStream:75 - [STDERR_REDIRECT] [Fatal Error] :1:1: Premature end of file.
2026-05-14 13:19:19,131 [ERROR] LogOutputStream:75 - [STDERR_REDIRECT] 
2026-05-14 13:19:20,127 [ERROR] LogOutputStream:75 - [STDERR_REDIRECT] [Fatal Error] :1:1: Premature end of file.
2026-05-14 13:19:20,129 [ERROR] LogOutputStream:75 - [STDERR_REDIRECT] 
2026-05-14 13:19:21,124 [ERROR] LogOutputStream:75 - [STDERR_REDIRECT] [Fatal Error] :1:1: Premature end of file.
2026-05-14 13:19:21,124 [ERROR] LogOutputStream:75 - [STDERR_REDIRECT] 
2026-05-14 13:19:22,128 [ERROR] LogOutputStream:75 - [STDERR_REDIRECT] [Fatal Error] :1:1: Premature end of file.
2026-05-14 13:19:22,128 [ERROR] LogOutputStream:75 - [STDERR_REDIRECT] 
2026-05-14 13:19:23,130 [ERROR] LogOutputStream:75 - [STDERR_REDIRECT] [Fatal Error] :1:1: Premature end of file.
2026-05-14 13:19:23,131 [ERROR] LogOutputStream:75 - [STDERR_REDIRECT] 
2026-05-14 13:19:24,124 [ERROR] LogOutputStream:75 - [STDERR_REDIRECT] [Fatal Error] :1:1: Premature end of file.
2026-05-14 13:19:24,124 [ERROR] LogOutputStream:75 - [STDERR_REDIRECT] 
2026-05-14 13:19:25,126 [ERROR] LogOutputStream:75 - [STDERR_REDIRECT] [Fatal Error] :1:1: Premature end of file.
2026-05-14 13:19:25,126 [ERROR] LogOutputStream:75 - [STDERR_REDIRECT] 
2026-05-14 13:19:26,128 [ERROR] LogOutputStream:75 - [STDERR_REDIRECT] [Fatal Error] :1:1: Premature end of file.
2026-05-14 13:19:26,128 [ERROR] LogOutputStream:75 - [STDERR_REDIRECT] 
2026-05-14 13:19:27,130 [ERROR] LogOutputStream:75 - [STDERR_REDIRECT] [Fatal Error] :1:1: Premature end of file.
2026-05-14 13:19:27,131 [ERROR] LogOutputStream:75 - [STDERR_REDIRECT] 
2026-05-14 13:19:28,151 [ERROR] LogOutputStream:75 - [STDERR_REDIRECT] [Fatal Error] :1:1: Premature end of file.
2026-05-14 13:19:28,152 [ERROR] LogOutputStream:75 - [STDERR_REDIRECT] 
2026-05-14 13:19:29,126 [ERROR] LogOutputStream:75 - [STDERR_REDIRECT] [Fatal Error] :1:1: Premature end of file.
2026-05-14 13:19:29,127 [ERROR] LogOutputStream:75 - [STDERR_REDIRECT] 
2026-05-14 13:19:30,123 [ERROR] LogOutputStream:75 - [STDERR_REDIRECT] [Fatal Error] :1:1: Premature end of file.
2026-05-14 13:19:30,124 [ERROR] LogOutputStream:75 - [STDERR_REDIRECT] 
2026-05-14 13:19:31,133 [ERROR] LogOutputStream:75 - [STDERR_REDIRECT] [Fatal Error] :1:1: Premature end of file.
2026-05-14 13:19:31,133 [ERROR] LogOutputStream:75 - [STDERR_REDIRECT] 
2026-05-14 13:19:32,127 [ERROR] LogOutputStream:75 - [STDERR_REDIRECT] [Fatal Error] :1:1: Premature end of file.
2026-05-14 13:19:32,127 [ERROR] LogOutputStream:75 - [STDERR_REDIRECT] 
2026-05-14 13:19:33,125 [ERROR] LogOutputStream:75 - [STDERR_REDIRECT] [Fatal Error] :1:1: Premature end of file.
2026-05-14 13:19:33,127 [ERROR] LogOutputStream:75 - [STDERR_REDIRECT] 
2026-05-14 13:19:34,126 [ERROR] LogOutputStream:75 - [STDERR_REDIRECT] [Fatal Error] :1:1: Premature end of file.
2026-05-14 13:19:34,126 [ERROR] LogOutputStream:75 - [STDERR_REDIRECT] 
2026-05-14 13:19:35,127 [ERROR] LogOutputStream:75 - [STDERR_REDIRECT] [Fatal Error] :1:1: Premature end of file.
2026-05-14 13:19:35,127 [ERROR] LogOutputStream:75 - [STDERR_REDIRECT] 
2026-05-14 13:19:36,126 [ERROR] LogOutputStream:75 - [STDERR_REDIRECT] [Fatal Error] :1:1: Premature end of file.
2026-05-14 13:19:36,126 [ERROR] LogOutputStream:75 - [STDERR_REDIRECT] 
2026-05-14 13:19:37,128 [ERROR] LogOutputStream:75 - [STDERR_REDIRECT] [Fatal Error] :1:1: Premature end of file.
2026-05-14 13:19:37,128 [ERROR] LogOutputStream:75 - [STDERR_REDIRECT] 
2026-05-14 13:19:38,124 [ERROR] LogOutputStream:75 - [STDERR_REDIRECT] [Fatal Error] :1:1: Premature end of file.
2026-05-14 13:19:38,125 [ERROR] LogOutputStream:75 - [STDERR_REDIRECT] 
2026-05-14 13:19:39,128 [ERROR] LogOutputStream:75 - [STDERR_REDIRECT] [Fatal Error] :1:1: Premature end of file.
2026-05-14 13:19:39,128 [ERROR] LogOutputStream:75 - [STDERR_REDIRECT] 
2026-05-14 13:19:40,127 [ERROR] LogOutputStream:75 - [STDERR_REDIRECT] [Fatal Error] :1:1: Premature end of file.
2026-05-14 13:19:40,127 [ERROR] LogOutputStream:75 - [STDERR_REDIRECT] 
2026-05-14 13:19:41,126 [ERROR] LogOutputStream:75 - [STDERR_REDIRECT] [Fatal Error] :1:1: Premature end of file.
2026-05-14 13:19:41,126 [ERROR] LogOutputStream:75 - [STDERR_REDIRECT] 
2026-05-14 13:19:42,131 [ERROR] LogOutputStream:75 - [STDERR_REDIRECT] [Fatal Error] :1:1: Premature end of file.
2026-05-14 13:19:42,131 [ERROR] LogOutputStream:75 - [STDERR_REDIRECT] 
2026-05-14 13:19:43,132 [ERROR] LogOutputStream:75 - [STDERR_REDIRECT] [Fatal Error] :1:1: Premature end of file.
2026-05-14 13:19:43,132 [ERROR] LogOutputStream:75 - [STDERR_REDIRECT] 
2026-05-14 13:19:44,125 [ERROR] LogOutputStream:75 - [STDERR_REDIRECT] [Fatal Error] :1:1: Premature end of file.
2026-05-14 13:19:44,125 [ERROR] LogOutputStream:75 - [STDERR_REDIRECT] 
2026-05-14 13:19:45,125 [ERROR] LogOutputStream:75 - [STDERR_REDIRECT] [Fatal Error] :1:1: Premature end of file.
2026-05-14 13:19:45,126 [ERROR] LogOutputStream:75 - [STDERR_REDIRECT] 
2026-05-14 13:19:46,126 [ERROR] LogOutputStream:75 - [STDERR_REDIRECT] [Fatal Error] :1:1: Premature end of file.
2026-05-14 13:19:46,126 [ERROR] LogOutputStream:75 - [STDERR_REDIRECT] 
2026-05-14 13:19:47,128 [ERROR] LogOutputStream:75 - [STDERR_REDIRECT] [Fatal Error] :1:1: Premature end of file.
2026-05-14 13:19:47,128 [ERROR] LogOutputStream:75 - [STDERR_REDIRECT] 
2026-05-14 13:19:48,127 [ERROR] LogOutputStream:75 - [STDERR_REDIRECT] [Fatal Error] :1:1: Premature end of file.
2026-05-14 13:19:48,127 [ERROR] LogOutputStream:75 - [STDERR_REDIRECT] 
2026-05-14 13:19:49,132 [ERROR] LogOutputStream:75 - [STDERR_REDIRECT] [Fatal Error] :1:1: Premature end of file.
2026-05-14 13:19:49,133 [ERROR] LogOutputStream:75 - [STDERR_REDIRECT] 
2026-05-14 13:19:50,132 [ERROR] LogOutputStream:75 - [STDERR_REDIRECT] [Fatal Error] :1:1: Premature end of file.
2026-05-14 13:19:50,132 [ERROR] LogOutputStream:75 - [STDERR_REDIRECT] 
2026-05-14 13:19:51,133 [ERROR] LogOutputStream:75 - [STDERR_REDIRECT] [Fatal Error] :1:1: Premature end of file.
2026-05-14 13:19:51,133 [ERROR] LogOutputStream:75 - [STDERR_REDIRECT] 
2026-05-14 13:19:52,131 [ERROR] LogOutputStream:75 - [STDERR_REDIRECT] [Fatal Error] :1:1: Premature end of file.
2026-05-14 13:19:52,131 [ERROR] LogOutputStream:75 - [STDERR_REDIRECT] 
2026-05-14 13:19:53,133 [ERROR] LogOutputStream:75 - [STDERR_REDIRECT] [Fatal Error] :1:1: Premature end of file.
2026-05-14 13:19:53,134 [ERROR] LogOutputStream:75 - [STDERR_REDIRECT] 
2026-05-14 13:19:54,132 [ERROR] LogOutputStream:75 - [STDERR_REDIRECT] [Fatal Error] :1:1: Premature end of file.
2026-05-14 13:19:54,133 [ERROR] LogOutputStream:75 - [STDERR_REDIRECT] 
2026-05-14 13:19:55,132 [ERROR] LogOutputStream:75 - [STDERR_REDIRECT] [Fatal Error] :1:1: Premature end of file.
2026-05-14 13:19:55,132 [ERROR] LogOutputStream:75 - [STDERR_REDIRECT] 
2026-05-14 13:19:56,132 [ERROR] LogOutputStream:75 - [STDERR_REDIRECT] [Fatal Error] :1:1: Premature end of file.
2026-05-14 13:19:56,132 [ERROR] LogOutputStream:75 - [STDERR_REDIRECT] 
2026-05-14 13:19:57,133 [ERROR] LogOutputStream:75 - [STDERR_REDIRECT] [Fatal Error] :1:1: Premature end of file.
2026-05-14 13:19:57,133 [ERROR] LogOutputStream:75 - [STDERR_REDIRECT] 
2026-05-14 13:19:58,131 [ERROR] LogOutputStream:75 - [STDERR_REDIRECT] [Fatal Error] :1:1: Premature end of file.
2026-05-14 13:19:58,132 [ERROR] LogOutputStream:75 - [STDERR_REDIRECT] 
2026-05-14 13:19:59,125 [ERROR] LogOutputStream:75 - [STDERR_REDIRECT] [Fatal Error] :1:1: Premature end of file.
2026-05-14 13:19:59,125 [ERROR] LogOutputStream:75 - [STDERR_REDIRECT] 
2026-05-14 13:20:00,123 [ERROR] LogOutputStream:75 - [STDERR_REDIRECT] [Fatal Error] :1:1: Premature end of file.
2026-05-14 13:20:00,125 [ERROR] LogOutputStream:75 - [STDERR_REDIRECT] 
2026-05-14 13:20:01,128 [ERROR] LogOutputStream:75 - [STDERR_REDIRECT] [Fatal Error] :1:1: Premature end of file.
2026-05-14 13:20:01,128 [ERROR] LogOutputStream:75 - [STDERR_REDIRECT] 
2026-05-14 13:20:02,131 [ERROR] LogOutputStream:75 - [STDERR_REDIRECT] [Fatal Error] :1:1: Premature end of file.
2026-05-14 13:20:02,131 [ERROR] LogOutputStream:75 - [STDERR_REDIRECT] 
2026-05-14 13:20:03,126 [ERROR] LogOutputStream:75 - [STDERR_REDIRECT] [Fatal Error] :1:1: Premature end of file.
2026-05-14 13:20:03,126 [ERROR] LogOutputStream:75 - [STDERR_REDIRECT] 
2026-05-14 13:20:04,126 [ERROR] LogOutputStream:75 - [STDERR_REDIRECT] [Fatal Error] :1:1: Premature end of file.
2026-05-14 13:20:04,127 [ERROR] LogOutputStream:75 - [STDERR_REDIRECT] 
2026-05-14 13:20:05,128 [ERROR] LogOutputStream:75 - [STDERR_REDIRECT] [Fatal Error] :1:1: Premature end of file.
2026-05-14 13:20:05,128 [ERROR] LogOutputStream:75 - [STDERR_REDIRECT] 
2026-05-14 13:20:06,128 [ERROR] LogOutputStream:75 - [STDERR_REDIRECT] [Fatal Error] :1:1: Premature end of file.
2026-05-14 13:20:06,128 [ERROR] LogOutputStream:75 - [STDERR_REDIRECT] 
2026-05-14 13:20:07,130 [ERROR] LogOutputStream:75 - [STDERR_REDIRECT] [Fatal Error] :1:1: Premature end of file.
2026-05-14 13:20:07,130 [ERROR] LogOutputStream:75 - [STDERR_REDIRECT] 
2026-05-14 13:20:08,126 [ERROR] LogOutputStream:75 - [STDERR_REDIRECT] [Fatal Error] :1:1: Premature end of file.
2026-05-14 13:20:08,126 [ERROR] LogOutputStream:75 - [STDERR_REDIRECT] 
2026-05-14 13:20:09,126 [ERROR] LogOutputStream:75 - [STDERR_REDIRECT] [Fatal Error] :1:1: Premature end of file.
2026-05-14 13:20:09,126 [ERROR] LogOutputStream:75 - [STDERR_REDIRECT] 
2026-05-14 13:20:10,127 [ERROR] LogOutputStream:75 - [STDERR_REDIRECT] [Fatal Error] :1:1: Premature end of file.
2026-05-14 13:20:10,127 [ERROR] LogOutputStream:75 - [STDERR_REDIRECT] 
2026-05-14 13:20:11,129 [ERROR] LogOutputStream:75 - [STDERR_REDIRECT] [Fatal Error] :1:1: Premature end of file.
2026-05-14 13:20:11,129 [ERROR] LogOutputStream:75 - [STDERR_REDIRECT] 
2026-05-14 13:20:12,128 [ERROR] LogOutputStream:75 - [STDERR_REDIRECT] [Fatal Error] :1:1: Premature end of file.
2026-05-14 13:20:12,128 [ERROR] LogOutputStream:75 - [STDERR_REDIRECT] 
2026-05-14 13:20:13,124 [ERROR] LogOutputStream:75 - [STDERR_REDIRECT] [Fatal Error] :1:1: Premature end of file.
2026-05-14 13:20:13,124 [ERROR] LogOutputStream:75 - [STDERR_REDIRECT] 
2026-05-14 13:20:14,128 [ERROR] LogOutputStream:75 - [STDERR_REDIRECT] [Fatal Error] :1:1: Premature end of file.
2026-05-14 13:20:14,128 [ERROR] LogOutputStream:75 - [STDERR_REDIRECT] 
2026-05-14 13:20:15,129 [ERROR] LogOutputStream:75 - [STDERR_REDIRECT] [Fatal Error] :1:1: Premature end of file.
2026-05-14 13:20:15,129 [ERROR] LogOutputStream:75 - [STDERR_REDIRECT] 
2026-05-14 13:20:16,131 [ERROR] LogOutputStream:75 - [STDERR_REDIRECT] [Fatal Error] :1:1: Premature end of file.
2026-05-14 13:20:16,131 [ERROR] LogOutputStream:75 - [STDERR_REDIRECT] 
2026-05-14 13:20:17,132 [ERROR] LogOutputStream:75 - [STDERR_REDIRECT] [Fatal Error] :1:1: Premature end of file.
2026-05-14 13:20:17,132 [ERROR] LogOutputStream:75 - [STDERR_REDIRECT] 
2026-05-14 13:20:18,133 [ERROR] LogOutputStream:75 - [STDERR_REDIRECT] [Fatal Error] :1:1: Premature end of file.
2026-05-14 13:20:18,133 [ERROR] LogOutputStream:75 - [STDERR_REDIRECT] 
2026-05-14 13:20:19,126 [ERROR] LogOutputStream:75 - [STDERR_REDIRECT] [Fatal Error] :1:1: Premature end of file.
2026-05-14 13:20:19,126 [ERROR] LogOutputStream:75 - [STDERR_REDIRECT] 
2026-05-14 13:20:20,126 [ERROR] LogOutputStream:75 - [STDERR_REDIRECT] [Fatal Error] :1:1: Premature end of file.
2026-05-14 13:20:20,126 [ERROR] LogOutputStream:75 - [STDERR_REDIRECT] 
2026-05-14 13:20:21,138 [ERROR] LogOutputStream:75 - [STDERR_REDIRECT] [Fatal Error] :1:1: Premature end of file.
2026-05-14 13:20:21,138 [ERROR] LogOutputStream:75 - [STDERR_REDIRECT] 
2026-05-14 13:20:22,122 [ERROR] LogOutputStream:75 - [STDERR_REDIRECT] [Fatal Error] :1:1: Premature end of file.
2026-05-14 13:20:22,122 [ERROR] LogOutputStream:75 - [STDERR_REDIRECT] 
2026-05-14 13:20:23,122 [ERROR] LogOutputStream:75 - [STDERR_REDIRECT] [Fatal Error] :1:1: Premature end of file.
2026-05-14 13:20:23,122 [ERROR] LogOutputStream:75 - [STDERR_REDIRECT] 
2026-05-14 13:20:24,127 [ERROR] LogOutputStream:75 - [STDERR_REDIRECT] [Fatal Error] :1:1: Premature end of file.
2026-05-14 13:20:24,127 [ERROR] LogOutputStream:75 - [STDERR_REDIRECT] 
2026-05-14 13:20:25,133 [ERROR] LogOutputStream:75 - [STDERR_REDIRECT] [Fatal Error] :1:1: Premature end of file.
2026-05-14 13:20:25,133 [ERROR] LogOutputStream:75 - [STDERR_REDIRECT] 
2026-05-14 13:20:26,130 [ERROR] LogOutputStream:75 - [STDERR_REDIRECT] [Fatal Error] :1:1: Premature end of file.
2026-05-14 13:20:26,130 [ERROR] LogOutputStream:75 - [STDERR_REDIRECT] 
2026-05-14 13:20:27,132 [ERROR] LogOutputStream:75 - [STDERR_REDIRECT] [Fatal Error] :1:1: Premature end of file.
2026-05-14 13:20:27,132 [ERROR] LogOutputStream:75 - [STDERR_REDIRECT] 
2026-05-14 13:20:28,142 [ERROR] LogOutputStream:75 - [STDERR_REDIRECT] [Fatal Error] :1:1: Premature end of file.
2026-05-14 13:20:28,142 [ERROR] LogOutputStream:75 - [STDERR_REDIRECT] 
2026-05-14 13:20:29,134 [ERROR] LogOutputStream:75 - [STDERR_REDIRECT] [Fatal Error] :1:1: Premature end of file.
2026-05-14 13:20:29,134 [ERROR] LogOutputStream:75 - [STDERR_REDIRECT] 
2026-05-14 13:20:30,137 [ERROR] LogOutputStream:75 - [STDERR_REDIRECT] [Fatal Error] :1:1: Premature end of file.
2026-05-14 13:20:30,137 [ERROR] LogOutputStream:75 - [STDERR_REDIRECT] 
2026-05-14 13:20:31,152 [ERROR] LogOutputStream:75 - [STDERR_REDIRECT] [Fatal Error] :1:1: Premature end of file.
2026-05-14 13:20:31,152 [ERROR] LogOutputStream:75 - [STDERR_REDIRECT] 
2026-05-14 13:20:32,132 [ERROR] LogOutputStream:75 - [STDERR_REDIRECT] [Fatal Error] :1:1: Premature end of file.
2026-05-14 13:20:32,132 [ERROR] LogOutputStream:75 - [STDERR_REDIRECT] 
2026-05-14 13:20:33,139 [ERROR] LogOutputStream:75 - [STDERR_REDIRECT] [Fatal Error] :1:1: Premature end of file.
2026-05-14 13:20:33,139 [ERROR] LogOutputStream:75 - [STDERR_REDIRECT] 
2026-05-14 13:20:34,129 [ERROR] LogOutputStream:75 - [STDERR_REDIRECT] [Fatal Error] :1:1: Premature end of file.
2026-05-14 13:20:34,129 [ERROR] LogOutputStream:75 - [STDERR_REDIRECT] 
2026-05-14 13:20:35,127 [ERROR] LogOutputStream:75 - [STDERR_REDIRECT] [Fatal Error] :1:1: Premature end of file.
2026-05-14 13:20:35,127 [ERROR] LogOutputStream:75 - [STDERR_REDIRECT] 
2026-05-14 13:20:36,126 [ERROR] LogOutputStream:75 - [STDERR_REDIRECT] [Fatal Error] :1:1: Premature end of file.
2026-05-14 13:20:36,126 [ERROR] LogOutputStream:75 - [STDERR_REDIRECT] 
2026-05-14 13:20:37,127 [ERROR] LogOutputStream:75 - [STDERR_REDIRECT] [Fatal Error] :1:1: Premature end of file.
2026-05-14 13:20:37,128 [ERROR] LogOutputStream:75 - [STDERR_REDIRECT] 
2026-05-14 13:20:38,129 [ERROR] LogOutputStream:75 - [STDERR_REDIRECT] [Fatal Error] :1:1: Premature end of file.
2026-05-14 13:20:38,129 [ERROR] LogOutputStream:75 - [STDERR_REDIRECT] 
2026-05-14 13:20:39,129 [ERROR] LogOutputStream:75 - [STDERR_REDIRECT] [Fatal Error] :1:1: Premature end of file.
2026-05-14 13:20:39,129 [ERROR] LogOutputStream:75 - [STDERR_REDIRECT] 
2026-05-14 13:20:40,133 [ERROR] LogOutputStream:75 - [STDERR_REDIRECT] [Fatal Error] :1:1: Premature end of file.
2026-05-14 13:20:40,133 [ERROR] LogOutputStream:75 - [STDERR_REDIRECT] 
2026-05-14 13:20:41,133 [ERROR] LogOutputStream:75 - [STDERR_REDIRECT] [Fatal Error] :1:1: Premature end of file.
2026-05-14 13:20:41,133 [ERROR] LogOutputStream:75 - [STDERR_REDIRECT] 
2026-05-14 13:20:42,132 [ERROR] LogOutputStream:75 - [STDERR_REDIRECT] [Fatal Error] :1:1: Premature end of file.
2026-05-14 13:20:42,132 [ERROR] LogOutputStream:75 - [STDERR_REDIRECT] 
2026-05-14 13:20:43,126 [ERROR] LogOutputStream:75 - [STDERR_REDIRECT] [Fatal Error] :1:1: Premature end of file.
2026-05-14 13:20:43,126 [ERROR] LogOutputStream:75 - [STDERR_REDIRECT] 
2026-05-14 13:20:44,124 [ERROR] LogOutputStream:75 - [STDERR_REDIRECT] [Fatal Error] :1:1: Premature end of file.
2026-05-14 13:20:44,124 [ERROR] LogOutputStream:75 - [STDERR_REDIRECT] 
2026-05-14 13:20:45,128 [ERROR] LogOutputStream:75 - [STDERR_REDIRECT] [Fatal Error] :1:1: Premature end of file.
2026-05-14 13:20:45,128 [ERROR] LogOutputStream:75 - [STDERR_REDIRECT] 
2026-05-14 13:20:46,130 [ERROR] LogOutputStream:75 - [STDERR_REDIRECT] [Fatal Error] :1:1: Premature end of file.
2026-05-14 13:20:46,130 [ERROR] LogOutputStream:75 - [STDERR_REDIRECT] 
2026-05-14 13:20:47,127 [ERROR] LogOutputStream:75 - [STDERR_REDIRECT] [Fatal Error] :1:1: Premature end of file.
2026-05-14 13:20:47,127 [ERROR] LogOutputStream:75 - [STDERR_REDIRECT] 
2026-05-14 13:20:48,125 [ERROR] LogOutputStream:75 - [STDERR_REDIRECT] [Fatal Error] :1:1: Premature end of file.
2026-05-14 13:20:48,125 [ERROR] LogOutputStream:75 - [STDERR_REDIRECT] 
2026-05-14 13:20:49,137 [ERROR] LogOutputStream:75 - [STDERR_REDIRECT] [Fatal Error] :1:1: Premature end of file.
2026-05-14 13:20:49,137 [ERROR] LogOutputStream:75 - [STDERR_REDIRECT] 
2026-05-14 13:20:50,122 [ERROR] LogOutputStream:75 - [STDERR_REDIRECT] [Fatal Error] :1:1: Premature end of file.
2026-05-14 13:20:50,122 [ERROR] LogOutputStream:75 - [STDERR_REDIRECT] 
2026-05-14 13:20:51,130 [ERROR] LogOutputStream:75 - [STDERR_REDIRECT] [Fatal Error] :1:1: Premature end of file.
2026-05-14 13:20:51,130 [ERROR] LogOutputStream:75 - [STDERR_REDIRECT] 
2026-05-14 13:20:52,134 [ERROR] LogOutputStream:75 - [STDERR_REDIRECT] [Fatal Error] :1:1: Premature end of file.
2026-05-14 13:20:52,134 [ERROR] LogOutputStream:75 - [STDERR_REDIRECT] 
2026-05-14 13:20:53,130 [ERROR] LogOutputStream:75 - [STDERR_REDIRECT] [Fatal Error] :1:1: Premature end of file.
2026-05-14 13:20:53,130 [ERROR] LogOutputStream:75 - [STDERR_REDIRECT] 
2026-05-14 13:20:54,130 [ERROR] LogOutputStream:75 - [STDERR_REDIRECT] [Fatal Error] :1:1: Premature end of file.
2026-05-14 13:20:54,130 [ERROR] LogOutputStream:75 - [STDERR_REDIRECT] 
2026-05-14 13:20:55,132 [ERROR] LogOutputStream:75 - [STDERR_REDIRECT] [Fatal Error] :1:1: Premature end of file.
2026-05-14 13:20:55,133 [ERROR] LogOutputStream:75 - [STDERR_REDIRECT] 
2026-05-14 13:20:56,133 [ERROR] LogOutputStream:75 - [STDERR_REDIRECT] [Fatal Error] :1:1: Premature end of file.
2026-05-14 13:20:56,133 [ERROR] LogOutputStream:75 - [STDERR_REDIRECT] 
2026-05-14 13:20:57,131 [ERROR] LogOutputStream:75 - [STDERR_REDIRECT] [Fatal Error] :1:1: Premature end of file.
2026-05-14 13:20:57,131 [ERROR] LogOutputStream:75 - [STDERR_REDIRECT] 
2026-05-14 13:20:58,135 [ERROR] LogOutputStream:75 - [STDERR_REDIRECT] [Fatal Error] :1:1: Premature end of file.
2026-05-14 13:20:58,135 [ERROR] LogOutputStream:75 - [STDERR_REDIRECT] 
2026-05-14 13:20:59,127 [ERROR] LogOutputStream:75 - [STDERR_REDIRECT] [Fatal Error] :1:1: Premature end of file.
2026-05-14 13:20:59,127 [ERROR] LogOutputStream:75 - [STDERR_REDIRECT] 
2026-05-14 13:21:00,127 [ERROR] LogOutputStream:75 - [STDERR_REDIRECT] [Fatal Error] :1:1: Premature end of file.
2026-05-14 13:21:00,127 [ERROR] LogOutputStream:75 - [STDERR_REDIRECT] 
2026-05-14 13:21:01,126 [ERROR] LogOutputStream:75 - [STDERR_REDIRECT] [Fatal Error] :1:1: Premature end of file.
2026-05-14 13:21:01,126 [ERROR] LogOutputStream:75 - [STDERR_REDIRECT] 
2026-05-14 13:21:02,128 [ERROR] LogOutputStream:75 - [STDERR_REDIRECT] [Fatal Error] :1:1: Premature end of file.
2026-05-14 13:21:02,128 [ERROR] LogOutputStream:75 - [STDERR_REDIRECT] 
2026-05-14 13:21:03,128 [ERROR] LogOutputStream:75 - [STDERR_REDIRECT] [Fatal Error] :1:1: Premature end of file.
2026-05-14 13:21:03,128 [ERROR] LogOutputStream:75 - [STDERR_REDIRECT] 
2026-05-14 13:21:04,133 [ERROR] LogOutputStream:75 - [STDERR_REDIRECT] [Fatal Error] :1:1: Premature end of file.
2026-05-14 13:21:04,134 [ERROR] LogOutputStream:75 - [STDERR_REDIRECT] 
2026-05-14 13:21:05,130 [ERROR] LogOutputStream:75 - [STDERR_REDIRECT] [Fatal Error] :1:1: Premature end of file.
2026-05-14 13:21:05,131 [ERROR] LogOutputStream:75 - [STDERR_REDIRECT] 
2026-05-14 13:21:06,160 [ERROR] LogOutputStream:75 - [STDERR_REDIRECT] [Fatal Error] :1:1: Premature end of file.
2026-05-14 13:21:06,160 [ERROR] LogOutputStream:75 - [STDERR_REDIRECT] 
2026-05-14 13:21:07,156 [ERROR] LogOutputStream:75 - [STDERR_REDIRECT] [Fatal Error] :1:1: Premature end of file.
2026-05-14 13:21:07,156 [ERROR] LogOutputStream:75 - [STDERR_REDIRECT] 
2026-05-14 13:21:08,127 [ERROR] LogOutputStream:75 - [STDERR_REDIRECT] [Fatal Error] :1:1: Premature end of file.
2026-05-14 13:21:08,127 [ERROR] LogOutputStream:75 - [STDERR_REDIRECT] 
2026-05-14 13:21:09,127 [ERROR] LogOutputStream:75 - [STDERR_REDIRECT] [Fatal Error] :1:1: Premature end of file.
2026-05-14 13:21:09,127 [ERROR] LogOutputStream:75 - [STDERR_REDIRECT] 
2026-05-14 13:21:10,124 [ERROR] LogOutputStream:75 - [STDERR_REDIRECT] [Fatal Error] :1:1: Premature end of file.
2026-05-14 13:21:10,124 [ERROR] LogOutputStream:75 - [STDERR_REDIRECT] 
2026-05-14 13:21:11,121 [ERROR] LogOutputStream:75 - [STDERR_REDIRECT] [Fatal Error] :1:1: Premature end of file.
2026-05-14 13:21:11,121 [ERROR] LogOutputStream:75 - [STDERR_REDIRECT] 
2026-05-14 13:21:12,122 [ERROR] LogOutputStream:75 - [STDERR_REDIRECT] [Fatal Error] :1:1: Premature end of file.
2026-05-14 13:21:12,122 [ERROR] LogOutputStream:75 - [STDERR_REDIRECT] 
2026-05-14 13:21:13,137 [ERROR] LogOutputStream:75 - [STDERR_REDIRECT] [Fatal Error] :1:1: Premature end of file.
2026-05-14 13:21:13,137 [ERROR] LogOutputStream:75 - [STDERR_REDIRECT] 
2026-05-14 13:21:14,129 [ERROR] LogOutputStream:75 - [STDERR_REDIRECT] [Fatal Error] :1:1: Premature end of file.
2026-05-14 13:21:14,129 [ERROR] LogOutputStream:75 - [STDERR_REDIRECT] 
2026-05-14 13:21:15,121 [ERROR] LogOutputStream:75 - [STDERR_REDIRECT] [Fatal Error] :1:1: Premature end of file.
2026-05-14 13:21:15,121 [ERROR] LogOutputStream:75 - [STDERR_REDIRECT] 
2026-05-14 13:21:16,131 [ERROR] LogOutputStream:75 - [STDERR_REDIRECT] [Fatal Error] :1:1: Premature end of file.
2026-05-14 13:21:16,131 [ERROR] LogOutputStream:75 - [STDERR_REDIRECT] 
2026-05-14 13:21:17,131 [ERROR] LogOutputStream:75 - [STDERR_REDIRECT] [Fatal Error] :1:1: Premature end of file.
2026-05-14 13:21:17,131 [ERROR] LogOutputStream:75 - [STDERR_REDIRECT] 
2026-05-14 13:21:18,131 [ERROR] LogOutputStream:75 - [STDERR_REDIRECT] [Fatal Error] :1:1: Premature end of file.
2026-05-14 13:21:18,131 [ERROR] LogOutputStream:75 - [STDERR_REDIRECT] 
2026-05-14 13:21:19,121 [ERROR] LogOutputStream:75 - [STDERR_REDIRECT] [Fatal Error] :1:1: Premature end of file.
2026-05-14 13:21:19,121 [ERROR] LogOutputStream:75 - [STDERR_REDIRECT] 
2026-05-14 13:21:20,121 [ERROR] LogOutputStream:75 - [STDERR_REDIRECT] [Fatal Error] :1:1: Premature end of file.
2026-05-14 13:21:20,121 [ERROR] LogOutputStream:75 - [STDERR_REDIRECT] 
2026-05-14 13:21:21,121 [ERROR] LogOutputStream:75 - [STDERR_REDIRECT] [Fatal Error] :1:1: Premature end of file.
2026-05-14 13:21:21,121 [ERROR] LogOutputStream:75 - [STDERR_REDIRECT] 
2026-05-14 13:21:22,131 [ERROR] LogOutputStream:75 - [STDERR_REDIRECT] [Fatal Error] :1:1: Premature end of file.
2026-05-14 13:21:22,131 [ERROR] LogOutputStream:75 - [STDERR_REDIRECT] 
2026-05-14 13:21:23,131 [ERROR] LogOutputStream:75 - [STDERR_REDIRECT] [Fatal Error] :1:1: Premature end of file.
2026-05-14 13:21:23,131 [ERROR] LogOutputStream:75 - [STDERR_REDIRECT] 
2026-05-14 13:21:24,133 [ERROR] LogOutputStream:75 - [STDERR_REDIRECT] [Fatal Error] :1:1: Premature end of file.
2026-05-14 13:21:24,133 [ERROR] LogOutputStream:75 - [STDERR_REDIRECT] 
2026-05-14 13:21:25,130 [ERROR] LogOutputStream:75 - [STDERR_REDIRECT] [Fatal Error] :1:1: Premature end of file.
2026-05-14 13:21:25,130 [ERROR] LogOutputStream:75 - [STDERR_REDIRECT] 
2026-05-14 13:21:26,132 [ERROR] LogOutputStream:75 - [STDERR_REDIRECT] [Fatal Error] :1:1: Premature end of file.
2026-05-14 13:21:26,133 [ERROR] LogOutputStream:75 - [STDERR_REDIRECT] 
2026-05-14 13:21:26,518 [INFO] McuFinderGlobals:63 - Set McuFinder mode to 2 (CubeIDE integrated)
2026-05-14 13:21:26,525 [INFO] MainUpdater:2872 - connection check result : 10
2026-05-14 13:21:26,527 [INFO] MainUpdater:2872 - connection check result : 10
2026-05-14 13:21:26,569 [INFO] MicroXplorer:468 - Change Database Path : 
2026-05-14 13:21:26,569 [INFO] MicroXplorer:498 - Change Database Version : DB.6.0.150
2026-05-14 13:21:26,574 [WARN] ThirdParty:871 - waiting for thirdparty lock release [close project]
2026-05-14 13:21:26,574 [INFO] ThirdParty:873 - entering critical section [close project]
2026-05-14 13:21:26,575 [INFO] ThirdParty:883 - exiting critical section [close project]
2026-05-14 13:21:26,576 [INFO] PinOutPanel:1589 - setPackage(No Configuration,No Configuration)
2026-05-14 13:21:26,577 [INFO] UtilMem:75 - Begin LoadConfig() Used Memory: 800786872 Bytes (1073741824)
2026-05-14 13:21:26,578 [INFO] MicroXplorer:468 - Change Database Path : 
2026-05-14 13:21:26,578 [INFO] MicroXplorer:498 - Change Database Version : DB.6.0.150
2026-05-14 13:21:26,578 [INFO] OpenFileManager:355 - Change cursor
2026-05-14 13:21:26,611 [INFO] Mcu:2029 - Initializing MCU STM32F407V(E-G)Tx STM32F407VGTx STM32F407VGT6
2026-05-14 13:21:27,145 [ERROR] LogOutputStream:75 - [STDERR_REDIRECT] [Fatal Error] :1:1: Premature end of file.
2026-05-14 13:21:27,145 [ERROR] LogOutputStream:75 - [STDERR_REDIRECT] 
2026-05-14 13:21:27,899 [INFO] Context:786 - Trying to add GPIOservice into a context  which must be forbidden
2026-05-14 13:21:28,144 [ERROR] LogOutputStream:75 - [STDERR_REDIRECT] [Fatal Error] :1:1: Premature end of file.
2026-05-14 13:21:28,144 [ERROR] LogOutputStream:75 - [STDERR_REDIRECT] 
2026-05-14 13:21:28,232 [INFO] ImportTextPane:234 - (OptionalMessage_ERROR) Pin12 (VP_RIF_VS_RIF1) cannot be retrieved for this MCU
2026-05-14 13:21:28,358 [INFO] RtosManager:558 - Registered RTOS mode: class=CMSIS, group=RTOS, mode=CMSIS_V1, owner=FREERTOS
2026-05-14 13:21:28,358 [INFO] RtosManager:558 - Registered RTOS mode: class=CMSIS, group=RTOS2, mode=CMSIS_V2, owner=FREERTOS
2026-05-14 13:21:28,358 [INFO] RtosManager:558 - Registered RTOS mode: class=RTOS, group=Core, mode=CMSIS_V1, owner=FREERTOS
2026-05-14 13:21:28,358 [INFO] RtosManager:558 - Registered RTOS mode: class=RTOS, group=Core, mode=CMSIS_V2, owner=FREERTOS
2026-05-14 13:21:28,358 [WARN] ModelIntegratedComponent:184 - Missing modes for component STMicroelectronics:FreeRTOS:0.0.1:STMicroelectronics:RTOS:FreeRTOS:Core:::10.2.0:
2026-05-14 13:21:28,377 [WARN] ModelIntegratedComponent:63 - No mode defined for component null
2026-05-14 13:21:28,377 [WARN] ModelIntegratedComponent:63 - No mode defined for component null
2026-05-14 13:21:28,377 [WARN] ModelIntegratedComponent:63 - No mode defined for component null
2026-05-14 13:21:28,377 [WARN] ModelIntegratedComponent:63 - No mode defined for component null
2026-05-14 13:21:28,377 [WARN] ModelIntegratedComponent:63 - No mode defined for component null
2026-05-14 13:21:28,377 [WARN] ModelIntegratedComponent:63 - No mode defined for component null
2026-05-14 13:21:28,377 [WARN] ModelIntegratedComponent:63 - No mode defined for component null
2026-05-14 13:21:28,377 [WARN] ModelIntegratedComponent:63 - No mode defined for component null
2026-05-14 13:21:28,377 [WARN] ModelIntegratedComponent:63 - No mode defined for component null
2026-05-14 13:21:28,377 [WARN] ModelIntegratedComponent:63 - No mode defined for component null
2026-05-14 13:21:28,377 [WARN] ModelIntegratedComponent:63 - No mode defined for component null
2026-05-14 13:21:28,377 [WARN] ModelIntegratedComponent:63 - No mode defined for component null
2026-05-14 13:21:28,377 [WARN] ModelIntegratedComponent:63 - No mode defined for component null
2026-05-14 13:21:28,377 [WARN] ModelIntegratedComponent:63 - No mode defined for component null
2026-05-14 13:21:28,377 [WARN] ModelIntegratedComponent:63 - No mode defined for component null
2026-05-14 13:21:28,377 [WARN] ModelIntegratedComponent:63 - No mode defined for component null
2026-05-14 13:21:28,378 [WARN] ModelIntegratedComponent:63 - No mode defined for component null
2026-05-14 13:21:28,378 [WARN] ModelIntegratedComponent:63 - No mode defined for component null
2026-05-14 13:21:28,378 [WARN] ModelIntegratedComponent:63 - No mode defined for component null
2026-05-14 13:21:28,378 [WARN] ModelIntegratedComponent:63 - No mode defined for component null
2026-05-14 13:21:28,378 [WARN] ModelIntegratedComponent:63 - No mode defined for component null
2026-05-14 13:21:28,378 [WARN] ModelIntegratedComponent:63 - No mode defined for component null
2026-05-14 13:21:28,378 [WARN] ModelIntegratedComponent:63 - No mode defined for component null
2026-05-14 13:21:28,378 [WARN] ModelIntegratedComponent:63 - No mode defined for component null
2026-05-14 13:21:28,378 [WARN] ModelIntegratedComponent:63 - No mode defined for component null
2026-05-14 13:21:28,378 [WARN] ModelIntegratedComponent:63 - No mode defined for component null
2026-05-14 13:21:28,378 [WARN] ModelIntegratedComponent:63 - No mode defined for component null
2026-05-14 13:21:28,378 [WARN] ModelIntegratedComponent:63 - No mode defined for component null
2026-05-14 13:21:28,378 [WARN] ModelIntegratedComponent:63 - No mode defined for component null
2026-05-14 13:21:28,379 [WARN] ModelIntegratedComponent:63 - No mode defined for component null
2026-05-14 13:21:28,379 [WARN] ModelIntegratedComponent:63 - No mode defined for component null
2026-05-14 13:21:28,379 [WARN] ModelIntegratedComponent:63 - No mode defined for component null
2026-05-14 13:21:28,379 [WARN] ModelIntegratedComponent:63 - No mode defined for component null
2026-05-14 13:21:28,379 [WARN] ModelIntegratedComponent:63 - No mode defined for component null
2026-05-14 13:21:28,379 [WARN] ModelIntegratedComponent:63 - No mode defined for component null
2026-05-14 13:21:28,379 [WARN] ModelPack:524 - Component already loaded: STMicroelectronics:HAL Drivers:0.0.0:STMicroelectronics:Device:STMicro_Driver:XSPI:HAL::0.0.1:HAL_XSPI
2026-05-14 13:21:28,459 [INFO] ThirdPartyModel:298 - Start build external matchings
2026-05-14 13:21:28,803 [INFO] ThirdPartyModel:316 - End build external matchings
2026-05-14 13:21:28,821 [INFO] ImportTextPane:234 - (OptionalMessage_ERROR) IP (DMA) : Parameter (Instance) has Id (SPI3_TX) currently not set
2026-05-14 13:21:28,821 [INFO] ImportTextPane:234 - (OptionalMessage_ERROR) IP (DMA) : Parameter (Channel) has Id (SPI3_TX) currently not set
2026-05-14 13:21:28,821 [INFO] ImportTextPane:234 - (OptionalMessage_ERROR) IP (DMA) : Parameter (Direction) has Id (SPI3_TX) currently not set
2026-05-14 13:21:28,821 [INFO] ImportTextPane:234 - (OptionalMessage_ERROR) IP (DMA) : Parameter (PeriphInc) has Id (SPI3_TX) currently not set
2026-05-14 13:21:28,821 [INFO] ImportTextPane:234 - (OptionalMessage_ERROR) IP (DMA) : Parameter (MemInc) has Id (SPI3_TX) currently not set
2026-05-14 13:21:28,821 [INFO] ImportTextPane:234 - (OptionalMessage_ERROR) IP (DMA) : Parameter (PeriphDataAlignment) has Id (SPI3_TX) currently not set
2026-05-14 13:21:28,821 [INFO] ImportTextPane:234 - (OptionalMessage_ERROR) IP (DMA) : Parameter (MemDataAlignment) has Id (SPI3_TX) currently not set
2026-05-14 13:21:28,821 [INFO] ImportTextPane:234 - (OptionalMessage_ERROR) IP (DMA) : Parameter (Mode) has Id (SPI3_TX) currently not set
2026-05-14 13:21:28,821 [INFO] ImportTextPane:234 - (OptionalMessage_ERROR) IP (DMA) : Parameter (Priority) has Id (SPI3_TX) currently not set
2026-05-14 13:21:28,821 [INFO] ImportTextPane:234 - (OptionalMessage_ERROR) IP (DMA) : Parameter (FIFOMode) has Id (SPI3_TX) currently not set
2026-05-14 13:21:28,821 [INFO] ImportTextPane:234 - (OptionalMessage_ERROR) IP (DMA) : Parameter (FIFOThreshold) has Id (SPI3_TX) currently not set
2026-05-14 13:21:28,821 [INFO] ImportTextPane:234 - (OptionalMessage_ERROR) IP (DMA) : Parameter (FIFOThreshold) has invalid value (null)
2026-05-14 13:21:28,823 [INFO] ImportTextPane:234 - (OptionalMessage_ERROR) IP (DMA) : Parameter (MemBurst) has Id (SPI3_TX) currently not set
2026-05-14 13:21:28,823 [INFO] ImportTextPane:234 - (OptionalMessage_ERROR) IP (DMA) : Parameter (MemBurst) has invalid value (null)
2026-05-14 13:21:28,823 [INFO] ImportTextPane:234 - (OptionalMessage_ERROR) IP (DMA) : Parameter (PeriphBurst) has Id (SPI3_TX) currently not set
2026-05-14 13:21:28,823 [INFO] ImportTextPane:234 - (OptionalMessage_ERROR) IP (DMA) : Parameter (PeriphBurst) has invalid value (null)
2026-05-14 13:21:29,152 [ERROR] LogOutputStream:75 - [STDERR_REDIRECT] [Fatal Error] :1:1: Premature end of file.
2026-05-14 13:21:29,153 [ERROR] LogOutputStream:75 - [STDERR_REDIRECT] 
2026-05-14 13:21:29,205 [INFO] ApiDb:581 - Connected to CubeFinder SQLite database (C:\Users\justa\.stmcufinder\plugins\mcufinder\mcu\cube-finder-db.db)
2026-05-14 13:21:29,395 [INFO] ApiDb:668 - CubeFinder database Data Model version=2.1
2026-05-14 13:21:29,395 [INFO] ApiDb:669 - CubeFinder database Configuration version=3.0.42
2026-05-14 13:21:29,396 [INFO] ApiDb:670 - CubeFinder database generation date=2026-03-11 (1773229989)
2026-05-14 13:21:29,396 [INFO] ApiDb:671 - CubeFinder database FW Pack versions=[FP-ATR-ASTRA1_V2.0.0, FP-SNS-FLIGHT1_V5.1.0, FP-SNS-MOTENV1_V5.1.0, FP-SNS-MOTENVWB1_V1.5.0, FP-SNS-SMARTAG2_V1.2.0, FP-SNS-STBOX1_V2.1.0, STM32Cube_FW_C0_V1.4.0, STM32Cube_FW_F4_V1.28.3, STM32Cube_FW_F7_V1.17.4, STM32Cube_FW_G0_V1.6.3, STM32Cube_FW_G4_V1.6.2, STM32Cube_FW_H5_V1.6.0, STM32Cube_FW_H7RS_V1.3.0, STM32Cube_FW_H7_V1.13.0, STM32Cube_FW_L0_V1.12.2, STM32Cube_FW_L4_V1.18.2, STM32Cube_FW_L5_V1.6.0, STM32Cube_FW_N6_V1.3.0, STM32Cube_FW_U0_V1.3.0, STM32Cube_FW_U3_V1.3.0, STM32Cube_FW_U5_V1.8.0, STM32Cube_FW_WB0_V1.4.0, STM32Cube_FW_WBA_V1.9.0, STM32Cube_FW_WB_V1.24.0, STM32Cube_FW_WL3_V1.4.0, STM32Cube_FW_WL_V1.5.0, X-CUBE-ALGOBUILD_V1.4.0, X-CUBE-ALS_V1.0.2, X-CUBE-AZRTOS-F4_V1.1.0, X-CUBE-AZRTOS-F7_V1.1.0, X-CUBE-AZRTOS-G0_V1.1.0, X-CUBE-AZRTOS-G4_V2.0.0, X-CUBE-AZRTOS-H7RS_V1.1.0, X-CUBE-AZRTOS-H7_V3.4.0, X-CUBE-AZRTOS-L4_V2.0.0, X-CUBE-AZRTOS-L5_V2.0.0, X-CUBE-AZRTOS-WB_V2.0.0, X-CUBE-AZRTOS-WL_V2.0.0, X-CUBE-BLE1_V7.1.0, X-CUBE-BLE2_V3.3.0, X-CUBE-BLEMGR_V4.1.0, X-CUBE-EEPRMA1_V5.2.0, X-CUBE-FREERTOS_V1.5.0, X-CUBE-GNSS1_V6.0.0, X-CUBE-MEMS1_V12.0.0, X-CUBE-NFC4_V3.0.0, X-CUBE-NFC7_V2.0.0, X-CUBE-SFXS2LP1_V4.0.0, X-CUBE-ST67W61_V1.2.0, X-CUBE-SUBG2_V5.0.0, X-CUBE-TOF1_V3.4.3]
2026-05-14 13:21:29,516 [INFO] DbBoardsSqlite:226 - include board P-NUCLEO-WB55-NUCLEO as a kit item of type 'Nucleo-64'
2026-05-14 13:21:29,516 [INFO] DbBoardsSqlite:226 - include board P-NUCLEO-WB55-USBDONGLE as a kit item of type 'Nucleo USB Dongle'
2026-05-14 13:21:29,517 [INFO] DbBoardsSqlite:226 - include board STEVAL-IDP005V1 as a kit item of type 'Evaluation Board'
2026-05-14 13:21:29,518 [INFO] DbBoardsSqlite:226 - include board STEVAL-IDP005V2 as a kit item of type 'Evaluation Board'
2026-05-14 13:21:30,141 [ERROR] LogOutputStream:75 - [STDERR_REDIRECT] [Fatal Error] :1:1: Premature end of file.
2026-05-14 13:21:30,141 [ERROR] LogOutputStream:75 - [STDERR_REDIRECT] 
2026-05-14 13:21:30,186 [INFO] ApiDb:240 - Found 880 in-development CPN: [B-G473E-ZEST1S, B-WB1M-WPAN1, B-WBA5M-WPAN, B-WL5M-SUBG1, NUCLEO-C031C6, NUCLEO-C051C8, NUCLEO-C071RB, NUCLEO-C092RC, NUCLEO-H503RB, NUCLEO-H533RE, NUCLEO-H563ZI, NUCLEO-H7S3L8, NUCLEO-N657X0-Q, NUCLEO-U031R8, NUCLEO-U083RC, NUCLEO-U385RG-Q, NUCLEO-U545RE-Q, NUCLEO-U5A5ZJ-Q, NUCLEO-WB05KZ, NUCLEO-WB07CC, NUCLEO-WB09KE, NUCLEO-WBA52CG, NUCLEO-WBA55CG, NUCLEO-WL33CC1, NUCLEO-WL33CC2, STEVAL-PROTEUS1, STEVAL-SMARTAG2, STEVAL-STWINBX1, STM320518-EVAL, STM32C0116-DK, STM32C011D6Y3TR, STM32C011D6Y6TR, STM32C011F4P3, STM32C011F4P6, STM32C011F4U3, STM32C011F4U6TR, STM32C011F6P3, STM32C011F6P6, STM32C011F6U3, STM32C011F6U6TR, STM32C011J4M3, STM32C011J4M6, STM32C011J6M3, STM32C011J6M6, STM32C0316-DK, STM32C031C4T3, STM32C031C4T6, STM32C031C4U3, STM32C031C4U6, STM32C031C6T3, STM32C031C6T6, STM32C031C6U3, STM32C031C6U6, STM32C031F4P3, STM32C031F4P6, STM32C031F6P3, STM32C031F6P6, STM32C031G4U3, STM32C031G4U6, STM32C031G6U3, STM32C031G6U6, STM32C031K4T3, STM32C031K4T6, STM32C031K4U3, STM32C031K4U6, STM32C031K6T3, STM32C031K6T6, STM32C031K6U3, STM32C031K6U6, STM32C051C6T6, STM32C051C6U6, STM32C051C8T6, STM32C051C8U6, STM32C051D8Y6TR, STM32C051F6P6, STM32C051F8P6, STM32C051G6U6, STM32C051G8U6, STM32C051K6T6, STM32C051K6U6, STM32C051K8T6, STM32C071C8T6, STM32C071C8T6N, STM32C071C8U6, STM32C071C8U6N, STM32C071CBT6, STM32C071CBT6N, STM32C071CBU6, STM32C071CBU6N, STM32C071F8P6, STM32C071F8P6N, STM32C071FBP6, STM32C071FBP6N, STM32C071FBY6TR, STM32C071G8U6, STM32C071G8U6N, STM32C071GBU6, STM32C071GBU6N, STM32C071K8T6, STM32C071K8T6N, STM32C071K8U6, STM32C071K8U6N, STM32C071KBT6, STM32C071KBT6N, STM32C071KBU6, STM32C071KBU6N, STM32C071R8T6, STM32C071R8T6N, STM32C071RBI6N, STM32C071RBT6, STM32C071RBT6N, STM32C091CBT6, STM32C091CBU6, STM32C091CCT6, STM32C091CCU6, STM32C091ECY6TR, STM32C091FBP6, STM32C091FCP6, STM32C091GBU6, STM32C091GCU6, STM32C091KBT6, STM32C091KBU6, STM32C091KCT6, STM32C091KCU6, STM32C091RBT6, STM32C091RCI6, STM32C091RCT6, STM32C092CBT6, STM32C092CBU6, STM32C092CCT6, STM32C092CCU6, STM32C092ECY6TR, STM32C092FBP6, STM32C092FCP6, STM32C092GBU6, STM32C092GCU6, STM32C092KBT6, STM32C092KBU6, STM32C092KCT6, STM32C092KCU6, STM32C092RBT6, STM32C092RCI6, STM32C092RCT6, STM32G071K8TXN, STM32G071K8UXN, STM32G081GBU6N, STM32G081KBT6N, STM32G081KBUXN, STM32G0B1CCT6N, STM32G0B1KCT6, STM32G0B1NEY6TR, STM32G0B1RCT6N, STM32G0C1CCT6, STM32G0C1CCT6N, STM32G0C1CCU6N, STM32G0C1CET6N, STM32G0C1CEU6N, STM32G0C1KCT6, STM32G0C1NEY6TR, STM32G0C1RCI6N, STM32G0C1RCT6N, STM32G0C1REI6N, STM32G0C1RET6N, STM32G0C1VCI6, STM32G0C1VEI6, STM32G411C6T3, STM32G411C6T6, STM32G411C6U3, STM32G411C6U6, STM32G411C8T3, STM32G411C8T6, STM32G411C8U3, STM32G411C8U6, STM32G411CBT3, STM32G411CBT6, STM32G411CBU3, STM32G411CBU6, STM32G411K6T3, STM32G411K6T6, STM32G411K6U3, STM32G411K6U6, STM32G411K8T3, STM32G411K8T6, STM32G411K8U3, STM32G411K8U6, STM32G411KBT3, STM32G411KBT6, STM32G411KBU3, STM32G411KBU6, STM32G411M6T3, STM32G411M6T6, STM32G411M8T3, STM32G411M8T6, STM32G411MBT3, STM32G411MBT6, STM32G411R6T3, STM32G411R6T6, STM32G411R8T3, STM32G411R8T6, STM32G411RBT3, STM32G411RBT6, STM32G414CBT3, STM32G414CBT6, STM32G414CBU3, STM32G414CBU6, STM32G414CCT3, STM32G414CCT6, STM32G414CCU3, STM32G414CCU6, STM32G414MBT3, STM32G414MBT6, STM32G414MCT3, STM32G414MCT6, STM32G414RBT3, STM32G414RBT6, STM32G414RCT3, STM32G414RCT6, STM32G414VBT3, STM32G414VBT6, STM32G414VCT3, STM32G414VCT6, STM32G431CBT3Z, STM32G431RBT3Z, STM32G471CCT6, STM32G471CCU6, STM32G471CET3, STM32G471CET6, STM32G471CEU3, STM32G471CEU6, STM32G471MCT6, STM32G471MET3, STM32G471MET6, STM32G471MEY6TR, STM32G471QCT6, STM32G471QET3, STM32G471RCT6, STM32G471RET3, STM32G471RET6, STM32G471VCH6, STM32G471VCI6, STM32G471VCT6, STM32G471VEH3, STM32G471VEH6, STM32G471VEI3, STM32G471VEI6, STM32G471VET3, STM32G471VET6, STM32G473QET3Z, STM32G473RET3Z, STM32G474CCT6, STM32G491RET3Z, STM32H503CBT6, STM32H503CBU6, STM32H503EBY6TR, STM32H503KBU6, STM32H503RBT6, STM32H523CCT6, STM32H523CCU6, STM32H523CET6, STM32H523CEU6, STM32H523HEY6TR, STM32H523RCT6, STM32H523RET6, STM32H523VCI6, STM32H523VCT6, STM32H523VEI6, STM32H523VET6, STM32H523ZCJ6, STM32H523ZCT6, STM32H523ZEJ6, STM32H523ZET6, STM32H533CET6, STM32H533CEU6, STM32H533HEY6TR, STM32H533RET6, STM32H533VEI6, STM32H533VET6, STM32H533ZEJ6, STM32H533ZET6, STM32H562AGI6, STM32H562AII6, STM32H562IGK6, STM32H562IGT6, STM32H562IIK6, STM32H562IIT6, STM32H562RGT6, STM32H562RGV6, STM32H562RIT6, STM32H562RIV6, STM32H562VGT6, STM32H562VIT6, STM32H562ZGT6, STM32H562ZIT6, STM32H563AGI6, STM32H563AII3Q, STM32H563AII6, STM32H563IGK6, STM32H563IGT6, STM32H563IIK3Q, STM32H563IIK6, STM32H563IIT3Q, STM32H563IIT6, STM32H563MIY3QTR, STM32H563RGT6, STM32H563RGV6, STM32H563RIT6, STM32H563RIV6, STM32H563VGT6, STM32H563VIT3Q, STM32H563VIT6, STM32H563ZGT6, STM32H563ZIT3Q, STM32H563ZIT6, STM32H573AII3Q, STM32H573AII6, STM32H573I-DK, STM32H573IIK3Q, STM32H573IIK6, STM32H573IIT3Q, STM32H573IIT6, STM32H573MIY3QTR, STM32H573RIT6, STM32H573RIV6, STM32H573VIT3Q, STM32H573VIT6, STM32H573ZIT3Q, STM32H573ZIT6, STM32H7R3A8I6, STM32H7R3I8K6, STM32H7R3I8T6, STM32H7R3L8H6, STM32H7R3L8H6H, STM32H7R3R8V6, STM32H7R3V8H6, STM32H7R3V8T6, STM32H7R3V8Y6TR, STM32H7R3Z8J6, STM32H7R3Z8T6, STM32H7R7A8I6, STM32H7R7I8K6, STM32H7R7I8T6, STM32H7R7L8H6, STM32H7R7L8H6H, STM32H7R7Z8J6, STM32H7S3A8I6, STM32H7S3I8K6, STM32H7S3I8T6, STM32H7S3L8H6, STM32H7S3L8H6H, STM32H7S3R8V6, STM32H7S3V8H6, STM32H7S3V8T6, STM32H7S3V8Y6TR, STM32H7S3Z8J6, STM32H7S3Z8T6, STM32H7S78-DK, STM32H7S7A8I6, STM32H7S7I8K6, STM32H7S7I8T6, STM32H7S7L8H6, STM32H7S7L8H6H, STM32H7S7Z8J6, STM32L4R5QGI6STR, STM32MP131AAE3, STM32MP131AAF3, STM32MP131AAG3, STM32MP131CAE3, STM32MP131CAF3, STM32MP131CAG3, STM32MP131DAE7, STM32MP131DAF7, STM32MP131DAG7, STM32MP131FAE7, STM32MP131FAF7, STM32MP131FAG7, STM32MP133AAE3, STM32MP133AAF3, STM32MP133AAG3, STM32MP133CAE3, STM32MP133CAF3, STM32MP133CAG3, STM32MP133DAE7, STM32MP133DAF7, STM32MP133DAG7, STM32MP133FAE7, STM32MP133FAF7, STM32MP133FAG7, STM32MP135AAE3, STM32MP135AAF3, STM32MP135AAG3, STM32MP135CAE3, STM32MP135CAF3, STM32MP135CAG3, STM32MP135DAE7, STM32MP135DAF7, STM32MP135DAG7, STM32MP135F-DK, STM32MP135FAE7, STM32MP135FAF7, STM32MP135FAF7T, STM32MP135FAF7U, STM32MP135FAG7, STM32MP211AAL3, STM32MP211AAM3, STM32MP211AAN3, STM32MP211AAO3, STM32MP211CAL3, STM32MP211CAM3, STM32MP211CAN3, STM32MP211CAO3, STM32MP211DAL3, STM32MP211DAM3, STM32MP211DAN3, STM32MP211DAO3, STM32MP211FAL3, STM32MP211FAM3, STM32MP211FAN3, STM32MP211FAO3, STM32MP213AAL3, STM32MP213AAM3, STM32MP213AAN3, STM32MP213AAO3, STM32MP213CAL3, STM32MP213CAM3, STM32MP213CAN3, STM32MP213CAO3, STM32MP213DAL3, STM32MP213DAM3, STM32MP213DAN3, STM32MP213DAO3, STM32MP213FAL3, STM32MP213FAM3, STM32MP213FAN3, STM32MP213FAO3, STM32MP215AAL3, STM32MP215AAM3, STM32MP215AAN3, STM32MP215AAO3, STM32MP215CAL3, STM32MP215CAM3, STM32MP215CAN3, STM32MP215CAO3, STM32MP215DAL3, STM32MP215DAM3, STM32MP215DAN3, STM32MP215DAO3, STM32MP215F-DK, STM32MP215FAL3, STM32MP215FAM3, STM32MP215FAN3, STM32MP215FAO3, STM32MP231AAJ3, STM32MP231AAK3, STM32MP231AAL3, STM32MP231CAJ3, STM32MP231CAK3, STM32MP231CAL3, STM32MP231DAJ3, STM32MP231DAK3, STM32MP231DAL3, STM32MP231FAJ3, STM32MP231FAK3, STM32MP231FAL3, STM32MP233AAJ3, STM32MP233AAK3, STM32MP233AAL3, STM32MP233CAJ3, STM32MP233CAK3, STM32MP233CAL3, STM32MP233DAJ3, STM32MP233DAK3, STM32MP233DAL3, STM32MP233FAJ3, STM32MP233FAK3, STM32MP233FAL3, STM32MP235AAJ3, STM32MP235AAK3, STM32MP235AAL3, STM32MP235CAJ3, STM32MP235CAK3, STM32MP235CAL3, STM32MP235DAJ3, STM32MP235DAK3, STM32MP235DAL3, STM32MP235FAJ3, STM32MP235FAK3, STM32MP235FAL3, STM32MP251AAI3, STM32MP251AAK3, STM32MP251AAL3, STM32MP251CAI3, STM32MP251CAK3, STM32MP251CAL3, STM32MP251DAI3, STM32MP251DAK3, STM32MP251DAL3, STM32MP251FAI3, STM32MP251FAK3, STM32MP251FAL3, STM32MP253AAI3, STM32MP253AAK3, STM32MP253AAL3, STM32MP253CAI3, STM32MP253CAK3, STM32MP253CAL3, STM32MP253DAI3, STM32MP253DAK3, STM32MP253DAL3, STM32MP253FAI3, STM32MP253FAK3, STM32MP253FAL3, STM32MP255AAI3, STM32MP255AAK3, STM32MP255AAL3, STM32MP255CAI3, STM32MP255CAK3, STM32MP255CAL3, STM32MP255DAI3, STM32MP255DAK3, STM32MP255DAL3, STM32MP255FAI3, STM32MP255FAK3, STM32MP255FAL3, STM32MP257AAI3, STM32MP257AAK3, STM32MP257AAL3, STM32MP257CAI3, STM32MP257CAK3, STM32MP257CAL3, STM32MP257DAI3, STM32MP257DAK3, STM32MP257DAL3, STM32MP257F-DK, STM32MP257F-EV1, STM32MP257FAI3, STM32MP257FAK3, STM32MP257FAL3, STM32N645A0H3Q, STM32N645B0H3Q, STM32N645I0H3Q, STM32N645L0H3Q, STM32N645X0H3Q, STM32N645Z0H3Q, STM32N647A0H3Q, STM32N647B0H3Q, STM32N647I0H3Q, STM32N647L0H3Q, STM32N647X0H3Q, STM32N647Z0H3Q, STM32N655A0H3Q, STM32N655B0H3Q, STM32N655I0H3Q, STM32N655L0H3Q, STM32N655X0H3Q, STM32N655Z0H3Q, STM32N6570-DK, STM32N657A0H3Q, STM32N657B0H3Q, STM32N657I0H3Q, STM32N657L0H3Q, STM32N657X0H3Q, STM32N657Z0H3Q, STM32U031C6T6, STM32U031C6U6, STM32U031C8T6, STM32U031C8U6, STM32U031F4P6, STM32U031F6P6, STM32U031F8P6, STM32U031G6Y6TR, STM32U031G8Y6TR, STM32U031K4U6, STM32U031K6U6, STM32U031K8U6, STM32U031R6I6, STM32U031R6T6, STM32U031R8I6, STM32U031R8T6, STM32U073C8T6, STM32U073C8U6, STM32U073CBT6, STM32U073CBU6, STM32U073CCT6, STM32U073CCU6, STM32U073H8Y6TR, STM32U073HBY6TR, STM32U073HCY6TR, STM32U073K8U6, STM32U073KBU6, STM32U073KCU6, STM32U073M8I6, STM32U073M8T6, STM32U073MBI6, STM32U073MBT6, STM32U073MCI6, STM32U073MCT6, STM32U073R8I6, STM32U073R8T6, STM32U073RBI6, STM32U073RBT6, STM32U073RCI6, STM32U073RCT6, STM32U083C-DK, STM32U083CCT6, STM32U083CCU6, STM32U083HCY6TR, STM32U083KCU6, STM32U083MCI6, STM32U083MCT6, STM32U083RCI6, STM32U083RCT6, STM32U375CET6, STM32U375CET6Q, STM32U375CEU6, STM32U375CEU6Q, STM32U375CEY6QTR, STM32U375CGT6, STM32U375CGT6Q, STM32U375CGU6, STM32U375CGU6Q, STM32U375CGY6QTR, STM32U375KEU6, STM32U375KGU6, STM32U375REI6, STM32U375REI6Q, STM32U375RET6, STM32U375RET6Q, STM32U375REY6GTR, STM32U375REY6QTR, STM32U375RGI6, STM32U375RGI6Q, STM32U375RGT6, STM32U375RGT6Q, STM32U375RGY6GTR, STM32U375RGY6QTR, STM32U375VEI6, STM32U375VEI6Q, STM32U375VET6, STM32U375VET6Q, STM32U375VGI6, STM32U375VGI6Q, STM32U375VGT6, STM32U375VGT6Q, STM32U385CGT6, STM32U385CGT6Q, STM32U385CGU6, STM32U385CGU6Q, STM32U385CGY6QTR, STM32U385KGU6, STM32U385RGI6, STM32U385RGI6Q, STM32U385RGT6, STM32U385RGT6Q, STM32U385RGY6GTR, STM32U385RGY6QTR, STM32U385VGI6, STM32U385VGI6Q, STM32U385VGT6, STM32U385VGT6Q, STM32U535CBT6, STM32U535CBT6Q, STM32U535CBU6, STM32U535CBU6Q, STM32U535CCT6, STM32U535CCT6Q, STM32U535CCU6, STM32U535CCU6Q, STM32U535CET6, STM32U535CET6Q, STM32U535CEU6, STM32U535CEU6Q, STM32U535JEY6QTR, STM32U535NCY6QTR, STM32U535NEY6QTR, STM32U535RBI6, STM32U535RBI6Q, STM32U535RBT6, STM32U535RBT6Q, STM32U535RCI6, STM32U535RCI6Q, STM32U535RCT6, STM32U535RCT6Q, STM32U535REI6, STM32U535REI6Q, STM32U535RET6, STM32U535RET6Q, STM32U535VCI6, STM32U535VCI6Q, STM32U535VCT6, STM32U535VCT6Q, STM32U535VEI6, STM32U535VEI6Q, STM32U535VET6, STM32U535VET6Q, STM32U545CET6, STM32U545CET6Q, STM32U545CEU6, STM32U545CEU6Q, STM32U545JEY6QTR, STM32U545NEY6QTR, STM32U545REI6, STM32U545REI6Q, STM32U545RET6, STM32U545RET6Q, STM32U545VEI6, STM32U545VEI6Q, STM32U545VET6, STM32U545VET6Q, STM32U595AIH6, STM32U595AIH6Q, STM32U595AJH6, STM32U595AJH6Q, STM32U595QII6, STM32U595QII6Q, STM32U595QJI6, STM32U595QJI6Q, STM32U595RIT6, STM32U595RIT6Q, STM32U595RJT6, STM32U595RJT6Q, STM32U595VIT6, STM32U595VIT6Q, STM32U595VJT6, STM32U595VJT6Q, STM32U595ZIT6, STM32U595ZIT6Q, STM32U595ZIY6QTR, STM32U595ZJT6, STM32U595ZJT6Q, STM32U595ZJY6QTR, STM32U599BJY6QTR, STM32U599NIH6Q, STM32U599NJH6Q, STM32U599VIT6Q, STM32U599VJT6, STM32U599VJT6Q, STM32U599ZIT6Q, STM32U599ZIY6QTR, STM32U599ZJT6Q, STM32U599ZJY6QTR, STM32U5A5AJH6, STM32U5A5AJH6Q, STM32U5A5QII3Q , STM32U5A5QJI6, STM32U5A5QJI6Q, STM32U5A5RJT6, STM32U5A5RJT6Q, STM32U5A5VJT6, STM32U5A5VJT6Q, STM32U5A5ZJT6, STM32U5A5ZJT6Q, STM32U5A5ZJY6QTR, STM32U5A9BJY6QTR, STM32U5A9J-DK, STM32U5A9NJH6Q, STM32U5A9VJT6Q, STM32U5A9ZJT6Q, STM32U5A9ZJY6QTR, STM32U5F7VIT6, STM32U5F7VIT6Q, STM32U5F7VJT6, STM32U5F7VJT6Q, STM32U5F9BJY6QTR, STM32U5F9NJH6Q, STM32U5F9VIT6Q, STM32U5F9VJT6Q, STM32U5F9ZIJ6QTR, STM32U5F9ZIT6Q, STM32U5F9ZJJ6QTR, STM32U5F9ZJT6Q, STM32U5G7VJT6, STM32U5G7VJT6Q, STM32U5G9BJY6QTR, STM32U5G9J-DK1, STM32U5G9J-DK2, STM32U5G9NJH6Q, STM32U5G9VJT6Q, STM32U5G9ZJJ6QTR, STM32U5G9ZJT6Q, STM32WB05KZV6TR, STM32WB05KZV7TR, STM32WB05TZF6TR, STM32WB05TZF7TR, STM32WB06CCF6TR, STM32WB06CCF7TR, STM32WB06CCV6TR, STM32WB06CCV7TR, STM32WB06KCV6TR, STM32WB06KCV7TR, STM32WB07CCF6TR, STM32WB07CCF7TR, STM32WB07CCV6TR, STM32WB07CCV7TR, STM32WB07KCV6TR, STM32WB07KCV7TR, STM32WB09KEV6TR, STM32WB09KEV7TR, STM32WB09TEF6TR, STM32WB09TEF7TR, STM32WB1MMCH6, STM32WBA50KGU6, STM32WBA50KGU6TR, STM32WBA52CEU6, STM32WBA52CEU6TR, STM32WBA52CEU7, STM32WBA52CEU7TR, STM32WBA52CGU6, STM32WBA52CGU6TR, STM32WBA52CGU6U, STM32WBA52CGU7, STM32WBA52CGU7TR, STM32WBA52KEU6, STM32WBA52KEU6TR, STM32WBA52KGU6, STM32WBA52KGU6TR, STM32WBA54CEU6, STM32WBA54CEU6TR, STM32WBA54CEU7, STM32WBA54CEU7TR, STM32WBA54CGU6, STM32WBA54CGU6TR, STM32WBA54CGU7, STM32WBA54CGU7TR, STM32WBA54KEU6, STM32WBA54KEU6TR, STM32WBA54KEU7, STM32WBA54KEU7TR, STM32WBA54KGU6, STM32WBA54KGU6TR, STM32WBA54KGU7, STM32WBA54KGU7TR, STM32WBA55CEU6, STM32WBA55CEU6TR, STM32WBA55CEU7, STM32WBA55CEU7TR, STM32WBA55CGU6, STM32WBA55CGU6TR, STM32WBA55CGU6U, STM32WBA55CGU7, STM32WBA55CGU7TR, STM32WBA55G-DK1, STM32WBA55HEF6, STM32WBA55HEF7, STM32WBA55HGF6, STM32WBA55HGF7, STM32WBA55UEI6, STM32WBA55UEI6TR, STM32WBA55UEI7, STM32WBA55UEI7TR, STM32WBA55UGI6, STM32WBA55UGI6TR, STM32WBA55UGI7, STM32WBA55UGI7TR, STM32WBA5MMGH6TR, STM32WBA62MGF6, STM32WBA62MIF6, STM32WBA65MGF7, STM32WBA65MIF6, STM32WBA65MIF7, STM32WL30K8V6, STM32WL30KBV6, STM32WL31C8V6, STM32WL31CBV6, STM32WL31K8V6, STM32WL31KBV6, STM32WL33C8V6, STM32WL33C8V6X, STM32WL33CBV6, STM32WL33CBV6X, STM32WL33CCV6, STM32WL33CCV6A, STM32WL33CCV6X, STM32WL33K8V7, STM32WL33K8V7X, STM32WL33KBV7 , STM32WL33KBV7X, STM32WL33KCV7, STM32WL33KCV7X, STM32WL5MOCH6, STM32WL5MOCH6TR]
2026-05-14 13:21:30,190 [INFO] ApiDb:668 - CubeFinder database Data Model version=2.1
2026-05-14 13:21:30,190 [INFO] ApiDb:669 - CubeFinder database Configuration version=3.0.42
2026-05-14 13:21:30,190 [INFO] ApiDb:670 - CubeFinder database generation date=2026-03-11 (1773229989)
2026-05-14 13:21:30,190 [INFO] ApiDb:671 - CubeFinder database FW Pack versions=[FP-ATR-ASTRA1_V2.0.0, FP-SNS-FLIGHT1_V5.1.0, FP-SNS-MOTENV1_V5.1.0, FP-SNS-MOTENVWB1_V1.5.0, FP-SNS-SMARTAG2_V1.2.0, FP-SNS-STBOX1_V2.1.0, STM32Cube_FW_C0_V1.4.0, STM32Cube_FW_F4_V1.28.3, STM32Cube_FW_F7_V1.17.4, STM32Cube_FW_G0_V1.6.3, STM32Cube_FW_G4_V1.6.2, STM32Cube_FW_H5_V1.6.0, STM32Cube_FW_H7RS_V1.3.0, STM32Cube_FW_H7_V1.13.0, STM32Cube_FW_L0_V1.12.2, STM32Cube_FW_L4_V1.18.2, STM32Cube_FW_L5_V1.6.0, STM32Cube_FW_N6_V1.3.0, STM32Cube_FW_U0_V1.3.0, STM32Cube_FW_U3_V1.3.0, STM32Cube_FW_U5_V1.8.0, STM32Cube_FW_WB0_V1.4.0, STM32Cube_FW_WBA_V1.9.0, STM32Cube_FW_WB_V1.24.0, STM32Cube_FW_WL3_V1.4.0, STM32Cube_FW_WL_V1.5.0, X-CUBE-ALGOBUILD_V1.4.0, X-CUBE-ALS_V1.0.2, X-CUBE-AZRTOS-F4_V1.1.0, X-CUBE-AZRTOS-F7_V1.1.0, X-CUBE-AZRTOS-G0_V1.1.0, X-CUBE-AZRTOS-G4_V2.0.0, X-CUBE-AZRTOS-H7RS_V1.1.0, X-CUBE-AZRTOS-H7_V3.4.0, X-CUBE-AZRTOS-L4_V2.0.0, X-CUBE-AZRTOS-L5_V2.0.0, X-CUBE-AZRTOS-WB_V2.0.0, X-CUBE-AZRTOS-WL_V2.0.0, X-CUBE-BLE1_V7.1.0, X-CUBE-BLE2_V3.3.0, X-CUBE-BLEMGR_V4.1.0, X-CUBE-EEPRMA1_V5.2.0, X-CUBE-FREERTOS_V1.5.0, X-CUBE-GNSS1_V6.0.0, X-CUBE-MEMS1_V12.0.0, X-CUBE-NFC4_V3.0.0, X-CUBE-NFC7_V2.0.0, X-CUBE-SFXS2LP1_V4.0.0, X-CUBE-ST67W61_V1.2.0, X-CUBE-SUBG2_V5.0.0, X-CUBE-TOF1_V3.4.3]
2026-05-14 13:21:31,136 [ERROR] LogOutputStream:75 - [STDERR_REDIRECT] [Fatal Error] :1:1: Premature end of file.
2026-05-14 13:21:31,136 [ERROR] LogOutputStream:75 - [STDERR_REDIRECT] 
2026-05-14 13:21:32,134 [ERROR] LogOutputStream:75 - [STDERR_REDIRECT] [Fatal Error] :1:1: Premature end of file.
2026-05-14 13:21:32,134 [ERROR] LogOutputStream:75 - [STDERR_REDIRECT] 
2026-05-14 13:21:32,290 [INFO] ApiDb:240 - Found 880 in-development CPN: [B-G473E-ZEST1S, B-WB1M-WPAN1, B-WBA5M-WPAN, B-WL5M-SUBG1, NUCLEO-C031C6, NUCLEO-C051C8, NUCLEO-C071RB, NUCLEO-C092RC, NUCLEO-H503RB, NUCLEO-H533RE, NUCLEO-H563ZI, NUCLEO-H7S3L8, NUCLEO-N657X0-Q, NUCLEO-U031R8, NUCLEO-U083RC, NUCLEO-U385RG-Q, NUCLEO-U545RE-Q, NUCLEO-U5A5ZJ-Q, NUCLEO-WB05KZ, NUCLEO-WB07CC, NUCLEO-WB09KE, NUCLEO-WBA52CG, NUCLEO-WBA55CG, NUCLEO-WL33CC1, NUCLEO-WL33CC2, STEVAL-PROTEUS1, STEVAL-SMARTAG2, STEVAL-STWINBX1, STM320518-EVAL, STM32C0116-DK, STM32C011D6Y3TR, STM32C011D6Y6TR, STM32C011F4P3, STM32C011F4P6, STM32C011F4U3, STM32C011F4U6TR, STM32C011F6P3, STM32C011F6P6, STM32C011F6U3, STM32C011F6U6TR, STM32C011J4M3, STM32C011J4M6, STM32C011J6M3, STM32C011J6M6, STM32C0316-DK, STM32C031C4T3, STM32C031C4T6, STM32C031C4U3, STM32C031C4U6, STM32C031C6T3, STM32C031C6T6, STM32C031C6U3, STM32C031C6U6, STM32C031F4P3, STM32C031F4P6, STM32C031F6P3, STM32C031F6P6, STM32C031G4U3, STM32C031G4U6, STM32C031G6U3, STM32C031G6U6, STM32C031K4T3, STM32C031K4T6, STM32C031K4U3, STM32C031K4U6, STM32C031K6T3, STM32C031K6T6, STM32C031K6U3, STM32C031K6U6, STM32C051C6T6, STM32C051C6U6, STM32C051C8T6, STM32C051C8U6, STM32C051D8Y6TR, STM32C051F6P6, STM32C051F8P6, STM32C051G6U6, STM32C051G8U6, STM32C051K6T6, STM32C051K6U6, STM32C051K8T6, STM32C071C8T6, STM32C071C8T6N, STM32C071C8U6, STM32C071C8U6N, STM32C071CBT6, STM32C071CBT6N, STM32C071CBU6, STM32C071CBU6N, STM32C071F8P6, STM32C071F8P6N, STM32C071FBP6, STM32C071FBP6N, STM32C071FBY6TR, STM32C071G8U6, STM32C071G8U6N, STM32C071GBU6, STM32C071GBU6N, STM32C071K8T6, STM32C071K8T6N, STM32C071K8U6, STM32C071K8U6N, STM32C071KBT6, STM32C071KBT6N, STM32C071KBU6, STM32C071KBU6N, STM32C071R8T6, STM32C071R8T6N, STM32C071RBI6N, STM32C071RBT6, STM32C071RBT6N, STM32C091CBT6, STM32C091CBU6, STM32C091CCT6, STM32C091CCU6, STM32C091ECY6TR, STM32C091FBP6, STM32C091FCP6, STM32C091GBU6, STM32C091GCU6, STM32C091KBT6, STM32C091KBU6, STM32C091KCT6, STM32C091KCU6, STM32C091RBT6, STM32C091RCI6, STM32C091RCT6, STM32C092CBT6, STM32C092CBU6, STM32C092CCT6, STM32C092CCU6, STM32C092ECY6TR, STM32C092FBP6, STM32C092FCP6, STM32C092GBU6, STM32C092GCU6, STM32C092KBT6, STM32C092KBU6, STM32C092KCT6, STM32C092KCU6, STM32C092RBT6, STM32C092RCI6, STM32C092RCT6, STM32G071K8TXN, STM32G071K8UXN, STM32G081GBU6N, STM32G081KBT6N, STM32G081KBUXN, STM32G0B1CCT6N, STM32G0B1KCT6, STM32G0B1NEY6TR, STM32G0B1RCT6N, STM32G0C1CCT6, STM32G0C1CCT6N, STM32G0C1CCU6N, STM32G0C1CET6N, STM32G0C1CEU6N, STM32G0C1KCT6, STM32G0C1NEY6TR, STM32G0C1RCI6N, STM32G0C1RCT6N, STM32G0C1REI6N, STM32G0C1RET6N, STM32G0C1VCI6, STM32G0C1VEI6, STM32G411C6T3, STM32G411C6T6, STM32G411C6U3, STM32G411C6U6, STM32G411C8T3, STM32G411C8T6, STM32G411C8U3, STM32G411C8U6, STM32G411CBT3, STM32G411CBT6, STM32G411CBU3, STM32G411CBU6, STM32G411K6T3, STM32G411K6T6, STM32G411K6U3, STM32G411K6U6, STM32G411K8T3, STM32G411K8T6, STM32G411K8U3, STM32G411K8U6, STM32G411KBT3, STM32G411KBT6, STM32G411KBU3, STM32G411KBU6, STM32G411M6T3, STM32G411M6T6, STM32G411M8T3, STM32G411M8T6, STM32G411MBT3, STM32G411MBT6, STM32G411R6T3, STM32G411R6T6, STM32G411R8T3, STM32G411R8T6, STM32G411RBT3, STM32G411RBT6, STM32G414CBT3, STM32G414CBT6, STM32G414CBU3, STM32G414CBU6, STM32G414CCT3, STM32G414CCT6, STM32G414CCU3, STM32G414CCU6, STM32G414MBT3, STM32G414MBT6, STM32G414MCT3, STM32G414MCT6, STM32G414RBT3, STM32G414RBT6, STM32G414RCT3, STM32G414RCT6, STM32G414VBT3, STM32G414VBT6, STM32G414VCT3, STM32G414VCT6, STM32G431CBT3Z, STM32G431RBT3Z, STM32G471CCT6, STM32G471CCU6, STM32G471CET3, STM32G471CET6, STM32G471CEU3, STM32G471CEU6, STM32G471MCT6, STM32G471MET3, STM32G471MET6, STM32G471MEY6TR, STM32G471QCT6, STM32G471QET3, STM32G471RCT6, STM32G471RET3, STM32G471RET6, STM32G471VCH6, STM32G471VCI6, STM32G471VCT6, STM32G471VEH3, STM32G471VEH6, STM32G471VEI3, STM32G471VEI6, STM32G471VET3, STM32G471VET6, STM32G473QET3Z, STM32G473RET3Z, STM32G474CCT6, STM32G491RET3Z, STM32H503CBT6, STM32H503CBU6, STM32H503EBY6TR, STM32H503KBU6, STM32H503RBT6, STM32H523CCT6, STM32H523CCU6, STM32H523CET6, STM32H523CEU6, STM32H523HEY6TR, STM32H523RCT6, STM32H523RET6, STM32H523VCI6, STM32H523VCT6, STM32H523VEI6, STM32H523VET6, STM32H523ZCJ6, STM32H523ZCT6, STM32H523ZEJ6, STM32H523ZET6, STM32H533CET6, STM32H533CEU6, STM32H533HEY6TR, STM32H533RET6, STM32H533VEI6, STM32H533VET6, STM32H533ZEJ6, STM32H533ZET6, STM32H562AGI6, STM32H562AII6, STM32H562IGK6, STM32H562IGT6, STM32H562IIK6, STM32H562IIT6, STM32H562RGT6, STM32H562RGV6, STM32H562RIT6, STM32H562RIV6, STM32H562VGT6, STM32H562VIT6, STM32H562ZGT6, STM32H562ZIT6, STM32H563AGI6, STM32H563AII3Q, STM32H563AII6, STM32H563IGK6, STM32H563IGT6, STM32H563IIK3Q, STM32H563IIK6, STM32H563IIT3Q, STM32H563IIT6, STM32H563MIY3QTR, STM32H563RGT6, STM32H563RGV6, STM32H563RIT6, STM32H563RIV6, STM32H563VGT6, STM32H563VIT3Q, STM32H563VIT6, STM32H563ZGT6, STM32H563ZIT3Q, STM32H563ZIT6, STM32H573AII3Q, STM32H573AII6, STM32H573I-DK, STM32H573IIK3Q, STM32H573IIK6, STM32H573IIT3Q, STM32H573IIT6, STM32H573MIY3QTR, STM32H573RIT6, STM32H573RIV6, STM32H573VIT3Q, STM32H573VIT6, STM32H573ZIT3Q, STM32H573ZIT6, STM32H7R3A8I6, STM32H7R3I8K6, STM32H7R3I8T6, STM32H7R3L8H6, STM32H7R3L8H6H, STM32H7R3R8V6, STM32H7R3V8H6, STM32H7R3V8T6, STM32H7R3V8Y6TR, STM32H7R3Z8J6, STM32H7R3Z8T6, STM32H7R7A8I6, STM32H7R7I8K6, STM32H7R7I8T6, STM32H7R7L8H6, STM32H7R7L8H6H, STM32H7R7Z8J6, STM32H7S3A8I6, STM32H7S3I8K6, STM32H7S3I8T6, STM32H7S3L8H6, STM32H7S3L8H6H, STM32H7S3R8V6, STM32H7S3V8H6, STM32H7S3V8T6, STM32H7S3V8Y6TR, STM32H7S3Z8J6, STM32H7S3Z8T6, STM32H7S78-DK, STM32H7S7A8I6, STM32H7S7I8K6, STM32H7S7I8T6, STM32H7S7L8H6, STM32H7S7L8H6H, STM32H7S7Z8J6, STM32L4R5QGI6STR, STM32MP131AAE3, STM32MP131AAF3, STM32MP131AAG3, STM32MP131CAE3, STM32MP131CAF3, STM32MP131CAG3, STM32MP131DAE7, STM32MP131DAF7, STM32MP131DAG7, STM32MP131FAE7, STM32MP131FAF7, STM32MP131FAG7, STM32MP133AAE3, STM32MP133AAF3, STM32MP133AAG3, STM32MP133CAE3, STM32MP133CAF3, STM32MP133CAG3, STM32MP133DAE7, STM32MP133DAF7, STM32MP133DAG7, STM32MP133FAE7, STM32MP133FAF7, STM32MP133FAG7, STM32MP135AAE3, STM32MP135AAF3, STM32MP135AAG3, STM32MP135CAE3, STM32MP135CAF3, STM32MP135CAG3, STM32MP135DAE7, STM32MP135DAF7, STM32MP135DAG7, STM32MP135F-DK, STM32MP135FAE7, STM32MP135FAF7, STM32MP135FAF7T, STM32MP135FAF7U, STM32MP135FAG7, STM32MP211AAL3, STM32MP211AAM3, STM32MP211AAN3, STM32MP211AAO3, STM32MP211CAL3, STM32MP211CAM3, STM32MP211CAN3, STM32MP211CAO3, STM32MP211DAL3, STM32MP211DAM3, STM32MP211DAN3, STM32MP211DAO3, STM32MP211FAL3, STM32MP211FAM3, STM32MP211FAN3, STM32MP211FAO3, STM32MP213AAL3, STM32MP213AAM3, STM32MP213AAN3, STM32MP213AAO3, STM32MP213CAL3, STM32MP213CAM3, STM32MP213CAN3, STM32MP213CAO3, STM32MP213DAL3, STM32MP213DAM3, STM32MP213DAN3, STM32MP213DAO3, STM32MP213FAL3, STM32MP213FAM3, STM32MP213FAN3, STM32MP213FAO3, STM32MP215AAL3, STM32MP215AAM3, STM32MP215AAN3, STM32MP215AAO3, STM32MP215CAL3, STM32MP215CAM3, STM32MP215CAN3, STM32MP215CAO3, STM32MP215DAL3, STM32MP215DAM3, STM32MP215DAN3, STM32MP215DAO3, STM32MP215F-DK, STM32MP215FAL3, STM32MP215FAM3, STM32MP215FAN3, STM32MP215FAO3, STM32MP231AAJ3, STM32MP231AAK3, STM32MP231AAL3, STM32MP231CAJ3, STM32MP231CAK3, STM32MP231CAL3, STM32MP231DAJ3, STM32MP231DAK3, STM32MP231DAL3, STM32MP231FAJ3, STM32MP231FAK3, STM32MP231FAL3, STM32MP233AAJ3, STM32MP233AAK3, STM32MP233AAL3, STM32MP233CAJ3, STM32MP233CAK3, STM32MP233CAL3, STM32MP233DAJ3, STM32MP233DAK3, STM32MP233DAL3, STM32MP233FAJ3, STM32MP233FAK3, STM32MP233FAL3, STM32MP235AAJ3, STM32MP235AAK3, STM32MP235AAL3, STM32MP235CAJ3, STM32MP235CAK3, STM32MP235CAL3, STM32MP235DAJ3, STM32MP235DAK3, STM32MP235DAL3, STM32MP235FAJ3, STM32MP235FAK3, STM32MP235FAL3, STM32MP251AAI3, STM32MP251AAK3, STM32MP251AAL3, STM32MP251CAI3, STM32MP251CAK3, STM32MP251CAL3, STM32MP251DAI3, STM32MP251DAK3, STM32MP251DAL3, STM32MP251FAI3, STM32MP251FAK3, STM32MP251FAL3, STM32MP253AAI3, STM32MP253AAK3, STM32MP253AAL3, STM32MP253CAI3, STM32MP253CAK3, STM32MP253CAL3, STM32MP253DAI3, STM32MP253DAK3, STM32MP253DAL3, STM32MP253FAI3, STM32MP253FAK3, STM32MP253FAL3, STM32MP255AAI3, STM32MP255AAK3, STM32MP255AAL3, STM32MP255CAI3, STM32MP255CAK3, STM32MP255CAL3, STM32MP255DAI3, STM32MP255DAK3, STM32MP255DAL3, STM32MP255FAI3, STM32MP255FAK3, STM32MP255FAL3, STM32MP257AAI3, STM32MP257AAK3, STM32MP257AAL3, STM32MP257CAI3, STM32MP257CAK3, STM32MP257CAL3, STM32MP257DAI3, STM32MP257DAK3, STM32MP257DAL3, STM32MP257F-DK, STM32MP257F-EV1, STM32MP257FAI3, STM32MP257FAK3, STM32MP257FAL3, STM32N645A0H3Q, STM32N645B0H3Q, STM32N645I0H3Q, STM32N645L0H3Q, STM32N645X0H3Q, STM32N645Z0H3Q, STM32N647A0H3Q, STM32N647B0H3Q, STM32N647I0H3Q, STM32N647L0H3Q, STM32N647X0H3Q, STM32N647Z0H3Q, STM32N655A0H3Q, STM32N655B0H3Q, STM32N655I0H3Q, STM32N655L0H3Q, STM32N655X0H3Q, STM32N655Z0H3Q, STM32N6570-DK, STM32N657A0H3Q, STM32N657B0H3Q, STM32N657I0H3Q, STM32N657L0H3Q, STM32N657X0H3Q, STM32N657Z0H3Q, STM32U031C6T6, STM32U031C6U6, STM32U031C8T6, STM32U031C8U6, STM32U031F4P6, STM32U031F6P6, STM32U031F8P6, STM32U031G6Y6TR, STM32U031G8Y6TR, STM32U031K4U6, STM32U031K6U6, STM32U031K8U6, STM32U031R6I6, STM32U031R6T6, STM32U031R8I6, STM32U031R8T6, STM32U073C8T6, STM32U073C8U6, STM32U073CBT6, STM32U073CBU6, STM32U073CCT6, STM32U073CCU6, STM32U073H8Y6TR, STM32U073HBY6TR, STM32U073HCY6TR, STM32U073K8U6, STM32U073KBU6, STM32U073KCU6, STM32U073M8I6, STM32U073M8T6, STM32U073MBI6, STM32U073MBT6, STM32U073MCI6, STM32U073MCT6, STM32U073R8I6, STM32U073R8T6, STM32U073RBI6, STM32U073RBT6, STM32U073RCI6, STM32U073RCT6, STM32U083C-DK, STM32U083CCT6, STM32U083CCU6, STM32U083HCY6TR, STM32U083KCU6, STM32U083MCI6, STM32U083MCT6, STM32U083RCI6, STM32U083RCT6, STM32U375CET6, STM32U375CET6Q, STM32U375CEU6, STM32U375CEU6Q, STM32U375CEY6QTR, STM32U375CGT6, STM32U375CGT6Q, STM32U375CGU6, STM32U375CGU6Q, STM32U375CGY6QTR, STM32U375KEU6, STM32U375KGU6, STM32U375REI6, STM32U375REI6Q, STM32U375RET6, STM32U375RET6Q, STM32U375REY6GTR, STM32U375REY6QTR, STM32U375RGI6, STM32U375RGI6Q, STM32U375RGT6, STM32U375RGT6Q, STM32U375RGY6GTR, STM32U375RGY6QTR, STM32U375VEI6, STM32U375VEI6Q, STM32U375VET6, STM32U375VET6Q, STM32U375VGI6, STM32U375VGI6Q, STM32U375VGT6, STM32U375VGT6Q, STM32U385CGT6, STM32U385CGT6Q, STM32U385CGU6, STM32U385CGU6Q, STM32U385CGY6QTR, STM32U385KGU6, STM32U385RGI6, STM32U385RGI6Q, STM32U385RGT6, STM32U385RGT6Q, STM32U385RGY6GTR, STM32U385RGY6QTR, STM32U385VGI6, STM32U385VGI6Q, STM32U385VGT6, STM32U385VGT6Q, STM32U535CBT6, STM32U535CBT6Q, STM32U535CBU6, STM32U535CBU6Q, STM32U535CCT6, STM32U535CCT6Q, STM32U535CCU6, STM32U535CCU6Q, STM32U535CET6, STM32U535CET6Q, STM32U535CEU6, STM32U535CEU6Q, STM32U535JEY6QTR, STM32U535NCY6QTR, STM32U535NEY6QTR, STM32U535RBI6, STM32U535RBI6Q, STM32U535RBT6, STM32U535RBT6Q, STM32U535RCI6, STM32U535RCI6Q, STM32U535RCT6, STM32U535RCT6Q, STM32U535REI6, STM32U535REI6Q, STM32U535RET6, STM32U535RET6Q, STM32U535VCI6, STM32U535VCI6Q, STM32U535VCT6, STM32U535VCT6Q, STM32U535VEI6, STM32U535VEI6Q, STM32U535VET6, STM32U535VET6Q, STM32U545CET6, STM32U545CET6Q, STM32U545CEU6, STM32U545CEU6Q, STM32U545JEY6QTR, STM32U545NEY6QTR, STM32U545REI6, STM32U545REI6Q, STM32U545RET6, STM32U545RET6Q, STM32U545VEI6, STM32U545VEI6Q, STM32U545VET6, STM32U545VET6Q, STM32U595AIH6, STM32U595AIH6Q, STM32U595AJH6, STM32U595AJH6Q, STM32U595QII6, STM32U595QII6Q, STM32U595QJI6, STM32U595QJI6Q, STM32U595RIT6, STM32U595RIT6Q, STM32U595RJT6, STM32U595RJT6Q, STM32U595VIT6, STM32U595VIT6Q, STM32U595VJT6, STM32U595VJT6Q, STM32U595ZIT6, STM32U595ZIT6Q, STM32U595ZIY6QTR, STM32U595ZJT6, STM32U595ZJT6Q, STM32U595ZJY6QTR, STM32U599BJY6QTR, STM32U599NIH6Q, STM32U599NJH6Q, STM32U599VIT6Q, STM32U599VJT6, STM32U599VJT6Q, STM32U599ZIT6Q, STM32U599ZIY6QTR, STM32U599ZJT6Q, STM32U599ZJY6QTR, STM32U5A5AJH6, STM32U5A5AJH6Q, STM32U5A5QII3Q , STM32U5A5QJI6, STM32U5A5QJI6Q, STM32U5A5RJT6, STM32U5A5RJT6Q, STM32U5A5VJT6, STM32U5A5VJT6Q, STM32U5A5ZJT6, STM32U5A5ZJT6Q, STM32U5A5ZJY6QTR, STM32U5A9BJY6QTR, STM32U5A9J-DK, STM32U5A9NJH6Q, STM32U5A9VJT6Q, STM32U5A9ZJT6Q, STM32U5A9ZJY6QTR, STM32U5F7VIT6, STM32U5F7VIT6Q, STM32U5F7VJT6, STM32U5F7VJT6Q, STM32U5F9BJY6QTR, STM32U5F9NJH6Q, STM32U5F9VIT6Q, STM32U5F9VJT6Q, STM32U5F9ZIJ6QTR, STM32U5F9ZIT6Q, STM32U5F9ZJJ6QTR, STM32U5F9ZJT6Q, STM32U5G7VJT6, STM32U5G7VJT6Q, STM32U5G9BJY6QTR, STM32U5G9J-DK1, STM32U5G9J-DK2, STM32U5G9NJH6Q, STM32U5G9VJT6Q, STM32U5G9ZJJ6QTR, STM32U5G9ZJT6Q, STM32WB05KZV6TR, STM32WB05KZV7TR, STM32WB05TZF6TR, STM32WB05TZF7TR, STM32WB06CCF6TR, STM32WB06CCF7TR, STM32WB06CCV6TR, STM32WB06CCV7TR, STM32WB06KCV6TR, STM32WB06KCV7TR, STM32WB07CCF6TR, STM32WB07CCF7TR, STM32WB07CCV6TR, STM32WB07CCV7TR, STM32WB07KCV6TR, STM32WB07KCV7TR, STM32WB09KEV6TR, STM32WB09KEV7TR, STM32WB09TEF6TR, STM32WB09TEF7TR, STM32WB1MMCH6, STM32WBA50KGU6, STM32WBA50KGU6TR, STM32WBA52CEU6, STM32WBA52CEU6TR, STM32WBA52CEU7, STM32WBA52CEU7TR, STM32WBA52CGU6, STM32WBA52CGU6TR, STM32WBA52CGU6U, STM32WBA52CGU7, STM32WBA52CGU7TR, STM32WBA52KEU6, STM32WBA52KEU6TR, STM32WBA52KGU6, STM32WBA52KGU6TR, STM32WBA54CEU6, STM32WBA54CEU6TR, STM32WBA54CEU7, STM32WBA54CEU7TR, STM32WBA54CGU6, STM32WBA54CGU6TR, STM32WBA54CGU7, STM32WBA54CGU7TR, STM32WBA54KEU6, STM32WBA54KEU6TR, STM32WBA54KEU7, STM32WBA54KEU7TR, STM32WBA54KGU6, STM32WBA54KGU6TR, STM32WBA54KGU7, STM32WBA54KGU7TR, STM32WBA55CEU6, STM32WBA55CEU6TR, STM32WBA55CEU7, STM32WBA55CEU7TR, STM32WBA55CGU6, STM32WBA55CGU6TR, STM32WBA55CGU6U, STM32WBA55CGU7, STM32WBA55CGU7TR, STM32WBA55G-DK1, STM32WBA55HEF6, STM32WBA55HEF7, STM32WBA55HGF6, STM32WBA55HGF7, STM32WBA55UEI6, STM32WBA55UEI6TR, STM32WBA55UEI7, STM32WBA55UEI7TR, STM32WBA55UGI6, STM32WBA55UGI6TR, STM32WBA55UGI7, STM32WBA55UGI7TR, STM32WBA5MMGH6TR, STM32WBA62MGF6, STM32WBA62MIF6, STM32WBA65MGF7, STM32WBA65MIF6, STM32WBA65MIF7, STM32WL30K8V6, STM32WL30KBV6, STM32WL31C8V6, STM32WL31CBV6, STM32WL31K8V6, STM32WL31KBV6, STM32WL33C8V6, STM32WL33C8V6X, STM32WL33CBV6, STM32WL33CBV6X, STM32WL33CCV6, STM32WL33CCV6A, STM32WL33CCV6X, STM32WL33K8V7, STM32WL33K8V7X, STM32WL33KBV7 , STM32WL33KBV7X, STM32WL33KCV7, STM32WL33KCV7X, STM32WL5MOCH6, STM32WL5MOCH6TR]
2026-05-14 13:21:32,295 [INFO] DbMcus:218 - Found 5055 MCUs, 4968 are supported
2026-05-14 13:21:32,297 [INFO] ApiDb:423 - Load user favorites file C:\Users\justa/.stm32cubeide/favorites.mcus.txt: 1 item(s)
2026-05-14 13:21:32,297 [INFO] ApiDb:427 - User favorites MCUs=[STM32F407VGT6]
2026-05-14 13:21:32,297 [INFO] DbMcus:224 - Set 1 / 1 favorites MCUs
2026-05-14 13:21:32,800 [INFO] BoardInfo:889 - No configuration file found for board NUCLEO-H5E5ZJ
2026-05-14 13:21:32,802 [INFO] DbBoards:161 - Board is not supported: NUCLEO-H5E5ZJ
2026-05-14 13:21:32,865 [INFO] BoardInfo:889 - No configuration file found for board NUCLEO-U3C5ZI-Q
2026-05-14 13:21:32,867 [INFO] DbBoards:161 - Board is not supported: NUCLEO-U3C5ZI-Q
2026-05-14 13:21:32,882 [INFO] BoardInfo:889 - No configuration file found for board NUCLEO-WBA25CE1
2026-05-14 13:21:32,883 [INFO] DbBoards:161 - Board is not supported: NUCLEO-WBA25CE1
2026-05-14 13:21:32,893 [INFO] BoardInfo:889 - No configuration file found for board NUCLEO-WL3RKB1
2026-05-14 13:21:32,894 [INFO] DbBoards:161 - Board is not supported: NUCLEO-WL3RKB1
2026-05-14 13:21:32,895 [INFO] BoardInfo:889 - No configuration file found for board NUCLEO-WL3RKB2
2026-05-14 13:21:32,896 [INFO] DbBoards:161 - Board is not supported: NUCLEO-WL3RKB2
2026-05-14 13:21:32,905 [INFO] BoardInfo:889 - No configuration file found for board P-NUCLEO-WB55
2026-05-14 13:21:32,906 [INFO] DbBoards:161 - Kit is not supported: P-NUCLEO-WB55
2026-05-14 13:21:32,912 [INFO] BoardInfo:889 - No configuration file found for board STEVAL-BFA001V1B
2026-05-14 13:21:32,913 [INFO] DbBoards:161 - Kit is not supported: STEVAL-BFA001V1B
2026-05-14 13:21:32,914 [INFO] BoardInfo:889 - No configuration file found for board STEVAL-BFA001V2B
2026-05-14 13:21:32,915 [INFO] DbBoards:161 - Kit is not supported: STEVAL-BFA001V2B
2026-05-14 13:21:33,043 [INFO] BoardInfo:889 - No configuration file found for board STM32H5F5J-DK
2026-05-14 13:21:33,044 [INFO] DbBoards:161 - Board is not supported: STM32H5F5J-DK
2026-05-14 13:21:33,131 [ERROR] LogOutputStream:75 - [STDERR_REDIRECT] [Fatal Error] :1:1: Premature end of file.
2026-05-14 13:21:33,131 [ERROR] LogOutputStream:75 - [STDERR_REDIRECT] 
2026-05-14 13:21:33,134 [INFO] DbBoards:168 - Found 218 boards, 209 are supported
2026-05-14 13:21:33,134 [INFO] DbBoards:169 - Found 218 boards, 43 of them is supported for  Bsp
2026-05-14 13:21:33,138 [INFO] ApiDb:414 - User favorites file not found: C:\Users\justa/.stm32cubeide/favorites.boards.txt
2026-05-14 13:21:33,138 [INFO] DbBoards:198 - Set 0 / 0 favorites Boards
2026-05-14 13:21:33,179 [INFO] UtilMem:75 - End LoadConfig() Used Memory: 734243440 Bytes (1073741824)
2026-05-14 13:21:33,327 [WARN] ThirdParty:833 - waiting for thirdparty lock release [change project]
2026-05-14 13:21:33,327 [INFO] ThirdParty:835 - entering critical section [change project]
2026-05-14 13:21:33,327 [INFO] ThirdParty:1030 - CMSIS Pack Vendor :STMicroelectronics X-CUBE-AZRTOS-H7 3.5.0
2026-05-14 13:21:33,327 [INFO] ThirdParty:1030 - CMSIS Pack Vendor :STMicroelectronics X-CUBE-PM33A1 1.0.0
2026-05-14 13:21:33,327 [INFO] ThirdParty:1030 - CMSIS Pack Vendor :STMicroelectronics USBPD 4.1
2026-05-14 13:21:33,327 [INFO] ThirdParty:1030 - CMSIS Pack Vendor :STMicroelectronics X-CUBE-NFC9 1.0.0
2026-05-14 13:21:33,327 [INFO] ThirdParty:1030 - CMSIS Pack Vendor :STMicroelectronics USB_HOST 2.0.0
2026-05-14 13:21:33,327 [INFO] ThirdParty:1030 - CMSIS Pack Vendor :STMicroelectronics X-CUBE-AZRTOS-F4 1.1.0
2026-05-14 13:21:33,327 [INFO] ThirdParty:1030 - CMSIS Pack Vendor :STMicroelectronics LIBJPEG 8.0.0
2026-05-14 13:21:33,327 [INFO] ThirdParty:1030 - CMSIS Pack Vendor :STMicroelectronics FP-ATR-ASTRA1 2.0.2
2026-05-14 13:21:33,327 [INFO] ThirdParty:1030 - CMSIS Pack Vendor :STMicroelectronics X-CUBE-BLE1 7.1.0
2026-05-14 13:21:33,327 [INFO] ThirdParty:1030 - CMSIS Pack Vendor :STMicroelectronics X-CUBE-SMBUS 2.1.0
2026-05-14 13:21:33,327 [INFO] ThirdParty:1030 - CMSIS Pack Vendor :wolfSSL I-CUBE-wolfMQTT 1.19.2
2026-05-14 13:21:33,327 [INFO] ThirdParty:1030 - CMSIS Pack Vendor :STMicroelectronics USB_DEVICE 3.0.0
2026-05-14 13:21:33,328 [INFO] ThirdParty:1030 - CMSIS Pack Vendor :STMicroelectronics X-CUBE-ISPU 2.1.0
2026-05-14 13:21:33,328 [INFO] ThirdParty:1030 - CMSIS Pack Vendor :STMicroelectronics X-CUBE-EEPRMA1 5.2.0
2026-05-14 13:21:33,328 [INFO] ThirdParty:1030 - CMSIS Pack Vendor :STMicroelectronics X-CUBE-IPS 3.2.0
2026-05-14 13:21:33,328 [INFO] ThirdParty:1030 - CMSIS Pack Vendor :STMicroelectronics X-CUBE-BLEMGR 4.1.0
2026-05-14 13:21:33,328 [INFO] ThirdParty:1030 - CMSIS Pack Vendor :STMicroelectronics eDS-WB_DPC_TT-BIDIR 2.1.1
2026-05-14 13:21:33,328 [INFO] ThirdParty:1030 - CMSIS Pack Vendor :STMicroelectronics X-CUBE-AZRTOS-WB 2.0.0
2026-05-14 13:21:33,328 [INFO] ThirdParty:1030 - CMSIS Pack Vendor :STMicroelectronics X-CUBE-NFC12 1.0.0
2026-05-14 13:21:33,328 [INFO] ThirdParty:1030 - CMSIS Pack Vendor :STMicroelectronics X-CUBE-AZRTOS-F7 1.1.0
2026-05-14 13:21:33,328 [INFO] ThirdParty:1030 - CMSIS Pack Vendor :STMicroelectronics X-CUBE-AZRTOS-L5 2.0.0
2026-05-14 13:21:33,328 [INFO] ThirdParty:1030 - CMSIS Pack Vendor :STMicroelectronics USB_DEVICE 2.0.0
2026-05-14 13:21:33,328 [INFO] ThirdParty:1030 - CMSIS Pack Vendor :STMicroelectronics FP-SNS-STAIOTCFT 1.1.0
2026-05-14 13:21:33,328 [INFO] ThirdParty:1030 - CMSIS Pack Vendor :quantropi X-CUBE-qispace-sdk-base 2.1.0
2026-05-14 13:21:33,328 [INFO] ThirdParty:1030 - CMSIS Pack Vendor :STMicroelectronics X-CUBE-MEMS1 12.0.0
2026-05-14 13:21:33,328 [INFO] ThirdParty:1030 - CMSIS Pack Vendor :STMicroelectronics X-CUBE-STSE01 2.0.0
2026-05-14 13:21:33,328 [INFO] ThirdParty:1030 - CMSIS Pack Vendor :STMicroelectronics FP-SNS-MOTENV1 5.1.0
2026-05-14 13:21:33,328 [INFO] ThirdParty:1030 - CMSIS Pack Vendor :STMicroelectronics FreeRTOS 0.0.1
2026-05-14 13:21:33,328 [INFO] ThirdParty:1030 - CMSIS Pack Vendor :STMicroelectronics X-CUBE-AZRTOS-G0 1.1.0
2026-05-14 13:21:33,328 [INFO] ThirdParty:1030 - CMSIS Pack Vendor :STMicroelectronics X-CUBE-NFC4 3.0.0
2026-05-14 13:21:33,328 [INFO] ThirdParty:1030 - CMSIS Pack Vendor :STMicroelectronics X-CUBE-SUBG2 5.0.0
2026-05-14 13:21:33,328 [INFO] ThirdParty:1030 - CMSIS Pack Vendor :STMicroelectronics STM32_WPAN 1.0.0
2026-05-14 13:21:33,328 [INFO] ThirdParty:1030 - CMSIS Pack Vendor :STMicroelectronics eDS-WB_DPC_VIENNA 1.2.0
2026-05-14 13:21:33,328 [INFO] ThirdParty:1030 - CMSIS Pack Vendor :EmbeddedOffice I-CUBE-FS-RTOS 1.0.1
2026-05-14 13:21:33,328 [INFO] ThirdParty:1030 - CMSIS Pack Vendor :STMicroelectronics lwIP 2.0.3
2026-05-14 13:21:33,328 [INFO] ThirdParty:1030 - CMSIS Pack Vendor :WES I-CUBE-Cesium 1.4.0
2026-05-14 13:21:33,328 [INFO] ThirdParty:1030 - CMSIS Pack Vendor :STMicroelectronics eDS-WB_DPC_3PH2L-BIDIR 1.1.1
2026-05-14 13:21:33,328 [INFO] ThirdParty:1030 - CMSIS Pack Vendor :STMicroelectronics USB_HOST 1.0.0
2026-05-14 13:21:33,328 [INFO] ThirdParty:1030 - CMSIS Pack Vendor :STMicroelectronics X-CUBE-AZRTOS-G4 2.0.0
2026-05-14 13:21:33,328 [INFO] ThirdParty:1030 - CMSIS Pack Vendor :STMicroelectronics PDM2PCM 3.1.0
2026-05-14 13:21:33,328 [INFO] ThirdParty:1030 - CMSIS Pack Vendor :STMicroelectronics PDM2PCM 3.3.0
2026-05-14 13:21:33,328 [INFO] ThirdParty:1030 - CMSIS Pack Vendor :wolfSSL I-CUBE-wolfTPM 3.8.0
2026-05-14 13:21:33,328 [INFO] ThirdParty:1030 - CMSIS Pack Vendor :STMicroelectronics X-CUBE-DISPLAY 3.0.0
2026-05-14 13:21:33,328 [INFO] ThirdParty:1030 - CMSIS Pack Vendor :wolfSSL I-CUBE-wolfSSH 1.4.20
2026-05-14 13:21:33,328 [INFO] ThirdParty:1030 - CMSIS Pack Vendor :STMicroelectronics X-CUBE-NFC7 2.0.0
2026-05-14 13:21:33,329 [INFO] ThirdParty:1030 - CMSIS Pack Vendor :STMicroelectronics X-CUBE-GNSS1 7.1.1
2026-05-14 13:21:33,329 [INFO] ThirdParty:1030 - CMSIS Pack Vendor :STMicroelectronics FP-SNS-MOTENVWB1 1.5.0
2026-05-14 13:21:33,329 [INFO] ThirdParty:1030 - CMSIS Pack Vendor :STMicroelectronics X-CUBE-TCPP 4.2.0
2026-05-14 13:21:33,329 [INFO] ThirdParty:1030 - CMSIS Pack Vendor :RealThread X-CUBE-RT-Thread_Nano 4.1.1
2026-05-14 13:21:33,329 [INFO] ThirdParty:1030 - CMSIS Pack Vendor :wolfSSL I-CUBE-wolfSSL 5.9.1
2026-05-14 13:21:33,329 [INFO] ThirdParty:1030 - CMSIS Pack Vendor :STMicroelectronics FP-ATR-SIGFOX1 3.2.0
2026-05-14 13:21:33,329 [INFO] ThirdParty:1030 - CMSIS Pack Vendor :STMicroelectronics X-CUBE-NFC10 1.0.0
2026-05-14 13:21:33,329 [INFO] ThirdParty:1030 - CMSIS Pack Vendor :STMicroelectronics HAL Drivers 0.0.0
2026-05-14 13:21:33,329 [INFO] ThirdParty:1030 - CMSIS Pack Vendor :STMicroelectronics X-CUBE-FREERTOS 1.5.0
2026-05-14 13:21:33,329 [INFO] ThirdParty:1030 - CMSIS Pack Vendor :STMicroelectronics MBEDTLS 2.16.2
2026-05-14 13:21:33,329 [INFO] ThirdParty:1030 - CMSIS Pack Vendor :STMicroelectronics X-CUBE-ST60 1.1.0
2026-05-14 13:21:33,329 [INFO] ThirdParty:1030 - CMSIS Pack Vendor :STMicroelectronics X-CUBE-ALS 1.0.2
2026-05-14 13:21:33,329 [INFO] ThirdParty:1030 - CMSIS Pack Vendor :emotas I-CUBE-CANOPEN 1.3.0
2026-05-14 13:21:33,329 [INFO] ThirdParty:1030 - CMSIS Pack Vendor :STMicroelectronics MBEDTLS 2.14.1
2026-05-14 13:21:33,329 [INFO] ThirdParty:1030 - CMSIS Pack Vendor :STMicroelectronics X-CUBE-GNSS1 7.1.0
2026-05-14 13:21:33,329 [INFO] ThirdParty:1030 - CMSIS Pack Vendor :ITTIA_DB I-CUBE-ITTIADB 8.9.0
2026-05-14 13:21:33,329 [INFO] ThirdParty:1030 - CMSIS Pack Vendor :Cesanta I-CUBE-Mongoose 7.21.7
2026-05-14 13:21:33,329 [INFO] ThirdParty:1030 - CMSIS Pack Vendor :STMicroelectronics X-CUBE-TOUCHGFX 4.26.1
2026-05-14 13:21:33,329 [INFO] ThirdParty:1030 - CMSIS Pack Vendor :STMicroelectronics X-CUBE-NFC6 3.2.0
2026-05-14 13:21:33,329 [INFO] ThirdParty:1030 - CMSIS Pack Vendor :STMicroelectronics FP-SNS-STBOX1 2.1.0
2026-05-14 13:21:33,329 [INFO] ThirdParty:1030 - CMSIS Pack Vendor :STMicroelectronics X-CUBE-AI 10.2.0
2026-05-14 13:21:33,329 [INFO] ThirdParty:1030 - CMSIS Pack Vendor :STMicroelectronics ThreadX 1.0.0
2026-05-14 13:21:33,329 [INFO] ThirdParty:1030 - CMSIS Pack Vendor :STMicroelectronics FP-SNS-SMARTAG2 1.2.0
2026-05-14 13:21:33,329 [INFO] ThirdParty:1030 - CMSIS Pack Vendor :STMicroelectronics X-CUBE-MEMS1 12.1.0
2026-05-14 13:21:33,329 [INFO] ThirdParty:1030 - CMSIS Pack Vendor :STMicroelectronics FP-SNS-FLIGHT1 5.1.0
2026-05-14 13:21:33,329 [INFO] ThirdParty:1030 - CMSIS Pack Vendor :STMicroelectronics X-CUBE-AZRTOS-WL 2.0.0
2026-05-14 13:21:33,329 [INFO] ThirdParty:1030 - CMSIS Pack Vendor :SEGGER I-CUBE-embOS 1.3.1
2026-05-14 13:21:33,329 [INFO] ThirdParty:1030 - CMSIS Pack Vendor :STMicroelectronics X-CUBE-ALGOBUILD 1.4.0
2026-05-14 13:21:33,329 [INFO] ThirdParty:1030 - CMSIS Pack Vendor :STMicroelectronics X-CUBE-DPower 1.3.0
2026-05-14 13:21:33,329 [INFO] ThirdParty:1030 - CMSIS Pack Vendor :STMicroelectronics USB_DEVICE 1.0.0
2026-05-14 13:21:33,329 [INFO] ThirdParty:1030 - CMSIS Pack Vendor :STMicroelectronics X-CUBE-AZRTOS-H7RS 1.2.0
2026-05-14 13:21:33,329 [INFO] ThirdParty:1030 - CMSIS Pack Vendor :STMicroelectronics X-CUBE-AZRTOS-L4 2.0.0
2026-05-14 13:21:33,329 [INFO] ThirdParty:1030 - CMSIS Pack Vendor :STMicroelectronics ThreadX 0.0.2
2026-05-14 13:21:33,329 [INFO] ThirdParty:1030 - CMSIS Pack Vendor :STMicroelectronics lwIP 2.1.2
2026-05-14 13:21:33,329 [INFO] ThirdParty:1030 - CMSIS Pack Vendor :STMicroelectronics X-CUBE-SFXS2LP1 4.0.0
2026-05-14 13:21:33,329 [INFO] ThirdParty:1030 - CMSIS Pack Vendor :STMicroelectronics X-CUBE-BLE2 3.3.0
2026-05-14 13:21:33,329 [INFO] ThirdParty:1030 - CMSIS Pack Vendor :Avnet-IOTCONNECT X-CUBE-iotc-st67-sdk 1.0.0
2026-05-14 13:21:33,329 [INFO] ThirdParty:1030 - CMSIS Pack Vendor :STMicroelectronics X-CUBE-TOF1 3.4.3
2026-05-14 13:21:33,330 [INFO] ThirdParty:1030 - CMSIS Pack Vendor :Infineon AIROC-Wi-Fi-Bluetooth-STM32 1.8.0
2026-05-14 13:21:33,330 [INFO] ThirdParty:1030 - CMSIS Pack Vendor :STMicroelectronics PDM2PCM 3.2.0
2026-05-14 13:21:33,330 [INFO] ThirdParty:1030 - CMSIS Pack Vendor :STMicroelectronics X-CUBE-WB05N 2.1.0
2026-05-14 13:21:33,330 [INFO] ThirdParty:841 - exiting critical section [change project]
2026-05-14 13:21:33,672 [ERROR] LogOutputStream:75 - [STDERR_REDIRECT] Exception in thread "AWT-EventQueue-0" java.lang.ArrayIndexOutOfBoundsException: 0 >= 0
2026-05-14 13:21:33,674 [ERROR] LogOutputStream:75 - [STDERR_REDIRECT] 	at java.base/java.util.Vector.elementAt(Vector.java:466)
2026-05-14 13:21:33,675 [ERROR] LogOutputStream:75 - [STDERR_REDIRECT] 	at java.desktop/javax.swing.table.DefaultTableColumnModel.getColumn(DefaultTableColumnModel.java:298)
2026-05-14 13:21:33,676 [ERROR] LogOutputStream:75 - [STDERR_REDIRECT] 	at java.desktop/javax.swing.JTable.getCellRect(JTable.java:3018)
2026-05-14 13:21:33,677 [ERROR] LogOutputStream:75 - [STDERR_REDIRECT] 	at java.desktop/javax.swing.plaf.basic.BasicTableUI.createTableSize(BasicTableUI.java:1745)
2026-05-14 13:21:33,680 [ERROR] LogOutputStream:75 - [STDERR_REDIRECT] 	at java.desktop/javax.swing.plaf.basic.BasicTableUI.getPreferredSize(BasicTableUI.java:1784)
2026-05-14 13:21:33,680 [ERROR] LogOutputStream:75 - [STDERR_REDIRECT] 	at java.desktop/javax.swing.JComponent.getPreferredSize(JComponent.java:1734)
2026-05-14 13:21:33,680 [ERROR] LogOutputStream:75 - [STDERR_REDIRECT] 	at java.desktop/javax.swing.ScrollPaneLayout.preferredLayoutSize(ScrollPaneLayout.java:503)
2026-05-14 13:21:33,684 [ERROR] LogOutputStream:75 - [STDERR_REDIRECT] 	at java.desktop/java.awt.Container.preferredSize(Container.java:1826)
2026-05-14 13:21:33,685 [ERROR] LogOutputStream:75 - [STDERR_REDIRECT] 	at java.desktop/java.awt.Container.getPreferredSize(Container.java:1810)
2026-05-14 13:21:33,685 [ERROR] LogOutputStream:75 - [STDERR_REDIRECT] 	at java.desktop/javax.swing.JComponent.getPreferredSize(JComponent.java:1736)
2026-05-14 13:21:33,688 [ERROR] LogOutputStream:75 - [STDERR_REDIRECT] 	at org.jdesktop.swingx.VerticalLayout.preferredLayoutSize(VerticalLayout.java:80)
2026-05-14 13:21:33,688 [ERROR] LogOutputStream:75 - [STDERR_REDIRECT] 	at java.desktop/java.awt.Container.preferredSize(Container.java:1826)
2026-05-14 13:21:33,689 [ERROR] LogOutputStream:75 - [STDERR_REDIRECT] 	at java.desktop/java.awt.Container.getPreferredSize(Container.java:1810)
2026-05-14 13:21:33,690 [ERROR] LogOutputStream:75 - [STDERR_REDIRECT] 	at java.desktop/javax.swing.JComponent.getPreferredSize(JComponent.java:1736)
2026-05-14 13:21:33,693 [ERROR] LogOutputStream:75 - [STDERR_REDIRECT] 	at org.jdesktop.swingx.JXCollapsiblePane$AnimationListener.actionPerformed(JXCollapsiblePane.java:817)
2026-05-14 13:21:33,694 [ERROR] LogOutputStream:75 - [STDERR_REDIRECT] 	at java.desktop/javax.swing.Timer.fireActionPerformed(Timer.java:311)
2026-05-14 13:21:33,694 [ERROR] LogOutputStream:75 - [STDERR_REDIRECT] 	at java.desktop/javax.swing.Timer$DoPostEvent.run(Timer.java:243)
2026-05-14 13:21:33,696 [ERROR] LogOutputStream:75 - [STDERR_REDIRECT] 	at java.desktop/java.awt.event.InvocationEvent.dispatch(InvocationEvent.java:318)
2026-05-14 13:21:33,697 [ERROR] LogOutputStream:75 - [STDERR_REDIRECT] 	at java.desktop/java.awt.EventQueue.dispatchEventImpl(EventQueue.java:773)
2026-05-14 13:21:33,699 [ERROR] LogOutputStream:75 - [STDERR_REDIRECT] 	at java.desktop/java.awt.EventQueue$4.run(EventQueue.java:720)
2026-05-14 13:21:33,699 [ERROR] LogOutputStream:75 - [STDERR_REDIRECT] 	at java.desktop/java.awt.EventQueue$4.run(EventQueue.java:714)
2026-05-14 13:21:33,701 [ERROR] LogOutputStream:75 - [STDERR_REDIRECT] 	at java.base/java.security.AccessController.doPrivileged(AccessController.java:400)
2026-05-14 13:21:33,704 [ERROR] LogOutputStream:75 - [STDERR_REDIRECT] 	at java.base/java.security.ProtectionDomain$JavaSecurityAccessImpl.doIntersectionPrivilege(ProtectionDomain.java:87)
2026-05-14 13:21:33,704 [ERROR] LogOutputStream:75 - [STDERR_REDIRECT] 	at java.desktop/java.awt.EventQueue.dispatchEvent(EventQueue.java:742)
2026-05-14 13:21:33,706 [ERROR] LogOutputStream:75 - [STDERR_REDIRECT] 	at java.desktop/java.awt.EventDispatchThread.pumpOneEventForFilters(EventDispatchThread.java:203)
2026-05-14 13:21:33,706 [INFO] PinOutPanel:1589 - setPackage(No Configuration,No Configuration)
2026-05-14 13:21:33,706 [ERROR] LogOutputStream:75 - [STDERR_REDIRECT] 	at java.desktop/java.awt.EventDispatchThread.pumpEventsForFilter(EventDispatchThread.java:124)
2026-05-14 13:21:33,708 [INFO] PinOutPanel:1589 - setPackage(STM32F407VGTx,LQFP100)
2026-05-14 13:21:33,708 [ERROR] LogOutputStream:75 - [STDERR_REDIRECT] 	at java.desktop/java.awt.EventDispatchThread.pumpEventsForFilter(EventDispatchThread.java:117)
2026-05-14 13:21:33,709 [ERROR] LogOutputStream:75 - [STDERR_REDIRECT] 	at java.desktop/java.awt.WaitDispatchSupport$2.run(WaitDispatchSupport.java:191)
2026-05-14 13:21:33,710 [ERROR] LogOutputStream:75 - [STDERR_REDIRECT] 	at java.desktop/java.awt.WaitDispatchSupport$4.run(WaitDispatchSupport.java:236)
2026-05-14 13:21:33,710 [ERROR] LogOutputStream:75 - [STDERR_REDIRECT] 	at java.desktop/java.awt.WaitDispatchSupport$4.run(WaitDispatchSupport.java:234)
2026-05-14 13:21:33,710 [ERROR] LogOutputStream:75 - [STDERR_REDIRECT] 	at java.base/java.security.AccessController.doPrivileged(AccessController.java:319)
2026-05-14 13:21:33,713 [ERROR] LogOutputStream:75 - [STDERR_REDIRECT] 	at java.desktop/java.awt.WaitDispatchSupport.enter(WaitDispatchSupport.java:234)
2026-05-14 13:21:33,714 [ERROR] LogOutputStream:75 - [STDERR_REDIRECT] 	at java.desktop/java.awt.Dialog.show(Dialog.java:1079)
2026-05-14 13:21:33,715 [ERROR] LogOutputStream:75 - [STDERR_REDIRECT] 	at java.desktop/java.awt.Component.show(Component.java:1728)
2026-05-14 13:21:33,715 [ERROR] LogOutputStream:75 - [STDERR_REDIRECT] 	at java.desktop/java.awt.Component.setVisible(Component.java:1675)
2026-05-14 13:21:33,716 [ERROR] LogOutputStream:75 - [STDERR_REDIRECT] 	at java.desktop/java.awt.Window.setVisible(Window.java:1036)
2026-05-14 13:21:33,718 [ERROR] LogOutputStream:75 - [STDERR_REDIRECT] 	at java.desktop/java.awt.Dialog.setVisible(Dialog.java:1015)
2026-05-14 13:21:33,718 [ERROR] LogOutputStream:75 - [STDERR_REDIRECT] 	at com.st.microxplorer.util.ProcessBarDialog.doAction(ProcessBarDialog.java:173)
2026-05-14 13:21:33,719 [ERROR] LogOutputStream:75 - [STDERR_REDIRECT] 	at com.st.microxplorer.mxsystem.MxSystem.completeLoadConfig(MxSystem.java:828)
2026-05-14 13:21:33,720 [ERROR] LogOutputStream:75 - [STDERR_REDIRECT] 	at com.st.microxplorer.plugins.filemanager.engine.OpenFileManager.LoadConfig(OpenFileManager.java:378)
2026-05-14 13:21:33,722 [ERROR] LogOutputStream:75 - [STDERR_REDIRECT] 	at com.st.microxplorer.plugins.filemanager.engine.OpenFileManager.loadConfigurationFile(OpenFileManager.java:292)
2026-05-14 13:21:33,723 [ERROR] LogOutputStream:75 - [STDERR_REDIRECT] 	at com.st.microxplorer.plugins.filemanager.engine.MainFileManager.userLoadConfig(MainFileManager.java:364)
2026-05-14 13:21:33,724 [ERROR] LogOutputStream:75 - [STDERR_REDIRECT] 	at com.st.microxplorer.plugins.filemanager.engine.MainFileManager.userLoadConfig(MainFileManager.java:342)
2026-05-14 13:21:33,725 [ERROR] LogOutputStream:75 - [STDERR_REDIRECT] 	at com.st.microxplorer.plugins.filemanager.FileManagerView.getSpecificTask(FileManagerView.java:264)
2026-05-14 13:21:33,727 [ERROR] LogOutputStream:75 - [STDERR_REDIRECT] 	at com.st.stm32cube.common.mx.editor.CubeMxEditor.getMxTabbedPaneInstance(CubeMxEditor.java:1198)
2026-05-14 13:21:33,729 [ERROR] LogOutputStream:75 - [STDERR_REDIRECT] 	at com.st.stm32cube.common.mx.editor.CubeMxEditor$12$1.createSwingComponent(CubeMxEditor.java:1068)
2026-05-14 13:21:33,729 [ERROR] LogOutputStream:75 - [STDERR_REDIRECT] 	at com.st.stm32cube.common.mx.oss.core.awtswtbridge.EmbeddedSwingComposite.doComponentCreation(EmbeddedSwingComposite.java:492)
2026-05-14 13:21:33,730 [ERROR] LogOutputStream:75 - [STDERR_REDIRECT] 	at com.st.stm32cube.common.mx.oss.core.awtswtbridge.EmbeddedSwingComposite$4.run(EmbeddedSwingComposite.java:291)
2026-05-14 13:21:33,732 [ERROR] LogOutputStream:75 - [STDERR_REDIRECT] 	at com.st.stm32cube.common.mx.oss.core.awtswtbridge.AwtEnvironment$2.run(AwtEnvironment.java:166)
2026-05-14 13:21:33,732 [ERROR] LogOutputStream:75 - [STDERR_REDIRECT] 	at java.desktop/java.awt.event.InvocationEvent.dispatch(InvocationEvent.java:318)
2026-05-14 13:21:33,733 [ERROR] LogOutputStream:75 - [STDERR_REDIRECT] 	at java.desktop/java.awt.EventQueue.dispatchEventImpl(EventQueue.java:773)
2026-05-14 13:21:33,734 [ERROR] LogOutputStream:75 - [STDERR_REDIRECT] 	at java.desktop/java.awt.EventQueue$4.run(EventQueue.java:720)
2026-05-14 13:21:33,734 [ERROR] LogOutputStream:75 - [STDERR_REDIRECT] 	at java.desktop/java.awt.EventQueue$4.run(EventQueue.java:714)
2026-05-14 13:21:33,736 [ERROR] LogOutputStream:75 - [STDERR_REDIRECT] 	at java.base/java.security.AccessController.doPrivileged(AccessController.java:400)
2026-05-14 13:21:33,738 [ERROR] LogOutputStream:75 - [STDERR_REDIRECT] 	at java.base/java.security.ProtectionDomain$JavaSecurityAccessImpl.doIntersectionPrivilege(ProtectionDomain.java:87)
2026-05-14 13:21:33,738 [ERROR] LogOutputStream:75 - [STDERR_REDIRECT] 	at java.desktop/java.awt.EventQueue.dispatchEvent(EventQueue.java:742)
2026-05-14 13:21:33,739 [ERROR] LogOutputStream:75 - [STDERR_REDIRECT] 	at java.desktop/java.awt.EventDispatchThread.pumpOneEventForFilters(EventDispatchThread.java:203)
2026-05-14 13:21:33,740 [ERROR] LogOutputStream:75 - [STDERR_REDIRECT] 	at java.desktop/java.awt.EventDispatchThread.pumpEventsForFilter(EventDispatchThread.java:124)
2026-05-14 13:21:33,740 [ERROR] LogOutputStream:75 - [STDERR_REDIRECT] 	at java.desktop/java.awt.EventDispatchThread.pumpEventsForHierarchy(EventDispatchThread.java:113)
2026-05-14 13:21:33,743 [ERROR] LogOutputStream:75 - [STDERR_REDIRECT] 	at java.desktop/java.awt.EventDispatchThread.pumpEvents(EventDispatchThread.java:109)
2026-05-14 13:21:33,744 [ERROR] LogOutputStream:75 - [STDERR_REDIRECT] 	at java.desktop/java.awt.EventDispatchThread.pumpEvents(EventDispatchThread.java:101)
2026-05-14 13:21:33,745 [ERROR] LogOutputStream:75 - [STDERR_REDIRECT] 	at java.desktop/java.awt.EventDispatchThread.run(EventDispatchThread.java:90)
2026-05-14 13:21:33,993 [INFO] UtilMem:75 - Before build in PCC Used Memory: 947608464 Bytes (1073741824)
2026-05-14 13:21:34,142 [ERROR] LogOutputStream:75 - [STDERR_REDIRECT] [Fatal Error] :1:1: Premature end of file.
2026-05-14 13:21:34,142 [ERROR] LogOutputStream:75 - [STDERR_REDIRECT] 
2026-05-14 13:21:34,639 [INFO] UtilMem:75 - After build in PCC Used Memory: 684183856 Bytes (1073741824)
2026-05-14 13:21:34,670 [INFO] IPUIPlugin:80 - create IPUIPlugin
2026-05-14 13:21:34,670 [INFO] IPUIPlugin:80 - create IPUIPlugin
2026-05-14 13:21:34,671 [INFO] IPUIPlugin:80 - create IPUIPlugin
2026-05-14 13:21:34,671 [INFO] IPUIPlugin:80 - create IPUIPlugin
2026-05-14 13:21:34,671 [INFO] IPUIPlugin:80 - create IPUIPlugin
2026-05-14 13:21:34,671 [INFO] IPUIPlugin:80 - create IPUIPlugin
2026-05-14 13:21:34,671 [INFO] IPUIPlugin:80 - create IPUIPlugin
2026-05-14 13:21:34,671 [INFO] IPUIPlugin:80 - create IPUIPlugin
2026-05-14 13:21:34,671 [INFO] IPUIPlugin:80 - create IPUIPlugin
2026-05-14 13:21:34,671 [INFO] IPUIPlugin:80 - create IPUIPlugin
2026-05-14 13:21:34,671 [INFO] IPUIPlugin:80 - create IPUIPlugin
2026-05-14 13:21:34,672 [INFO] IPUIPlugin:80 - create IPUIPlugin
2026-05-14 13:21:34,672 [INFO] IPUIPlugin:80 - create IPUIPlugin
2026-05-14 13:21:34,672 [INFO] IPUIPlugin:80 - create IPUIPlugin
2026-05-14 13:21:34,672 [INFO] IPUIPlugin:80 - create IPUIPlugin
2026-05-14 13:21:34,672 [INFO] IPUIPlugin:80 - create IPUIPlugin
2026-05-14 13:21:34,672 [INFO] IPUIPlugin:80 - create IPUIPlugin
2026-05-14 13:21:34,672 [INFO] IPUIPlugin:80 - create IPUIPlugin
2026-05-14 13:21:34,672 [INFO] IPUIPlugin:80 - create IPUIPlugin
2026-05-14 13:21:34,672 [INFO] IPUIPlugin:80 - create IPUIPlugin
2026-05-14 13:21:34,672 [INFO] IPUIPlugin:80 - create IPUIPlugin
2026-05-14 13:21:34,672 [INFO] IPUIPlugin:80 - create IPUIPlugin
2026-05-14 13:21:34,673 [INFO] IPUIPlugin:80 - create IPUIPlugin
2026-05-14 13:21:34,673 [INFO] IPUIPlugin:80 - create IPUIPlugin
2026-05-14 13:21:34,673 [INFO] IPUIPlugin:80 - create IPUIPlugin
2026-05-14 13:21:34,673 [INFO] IPUIPlugin:80 - create IPUIPlugin
2026-05-14 13:21:34,673 [INFO] IPUIPlugin:80 - create IPUIPlugin
2026-05-14 13:21:34,673 [INFO] IPUIPlugin:80 - create IPUIPlugin
2026-05-14 13:21:34,673 [INFO] IPUIPlugin:80 - create IPUIPlugin
2026-05-14 13:21:34,673 [INFO] IPUIPlugin:80 - create IPUIPlugin
2026-05-14 13:21:34,674 [INFO] IPUIPlugin:80 - create IPUIPlugin
2026-05-14 13:21:34,674 [INFO] IPUIPlugin:80 - create IPUIPlugin
2026-05-14 13:21:34,674 [INFO] IPUIPlugin:80 - create IPUIPlugin
2026-05-14 13:21:34,674 [INFO] IPUIPlugin:80 - create IPUIPlugin
2026-05-14 13:21:34,674 [INFO] IPUIPlugin:80 - create IPUIPlugin
2026-05-14 13:21:34,674 [INFO] IPUIPlugin:80 - create IPUIPlugin
2026-05-14 13:21:34,674 [INFO] IPUIPlugin:80 - create IPUIPlugin
2026-05-14 13:21:34,674 [INFO] IPUIPlugin:80 - create IPUIPlugin
2026-05-14 13:21:34,674 [INFO] IPUIPlugin:80 - create IPUIPlugin
2026-05-14 13:21:34,674 [INFO] IPUIPlugin:80 - create IPUIPlugin
2026-05-14 13:21:34,675 [INFO] IPUIPlugin:80 - create IPUIPlugin
2026-05-14 13:21:34,675 [INFO] IPUIPlugin:80 - create IPUIPlugin
2026-05-14 13:21:34,675 [INFO] IPUIPlugin:80 - create IPUIPlugin
2026-05-14 13:21:34,675 [INFO] IPUIPlugin:80 - create IPUIPlugin
2026-05-14 13:21:34,675 [INFO] IPUIPlugin:80 - create IPUIPlugin
2026-05-14 13:21:34,675 [INFO] IPUIPlugin:80 - create IPUIPlugin
2026-05-14 13:21:34,675 [INFO] IPUIPlugin:80 - create IPUIPlugin
2026-05-14 13:21:34,676 [INFO] IPUIPlugin:80 - create IPUIPlugin
2026-05-14 13:21:34,676 [INFO] IPUIPlugin:80 - create IPUIPlugin
2026-05-14 13:21:34,676 [INFO] IPUIPlugin:80 - create IPUIPlugin
2026-05-14 13:21:34,676 [INFO] IPUIPlugin:80 - create IPUIPlugin
2026-05-14 13:21:34,676 [INFO] IPUIPlugin:80 - create IPUIPlugin
2026-05-14 13:21:34,676 [INFO] IPUIPlugin:80 - create IPUIPlugin
2026-05-14 13:21:34,676 [INFO] IPUIPlugin:80 - create IPUIPlugin
2026-05-14 13:21:34,677 [INFO] IPUIPlugin:80 - create IPUIPlugin
2026-05-14 13:21:34,677 [INFO] IPUIPlugin:80 - create IPUIPlugin
2026-05-14 13:21:34,677 [INFO] IPUIPlugin:80 - create IPUIPlugin
2026-05-14 13:21:34,677 [INFO] IPUIPlugin:80 - create IPUIPlugin
2026-05-14 13:21:34,729 [INFO] ApiDbMcu:532 - Load IP Config File for PDM2PCM
2026-05-14 13:21:34,737 [WARN] IP:2250 - I2C_Coeff_DF not found: check if there is a RefParameter without a condition.
2026-05-14 13:21:34,737 [WARN] IP:2250 - Analog_Filter not found: check if there is a RefParameter without a condition.
2026-05-14 13:21:34,744 [INFO] I2sManager:658 - 9.6E7
2026-05-14 13:21:34,746 [INFO] I2sManager:195 - I2S Clock Value : 9.6E7
2026-05-14 13:21:34,748 [INFO] I2sManager:553 - AudioClock : 46875Divider : 4Odd : 0
2026-05-14 13:21:34,950 [INFO] CADModel:165 - CPN selected for project levelSTM32F407VGT6
2026-05-14 13:21:34,950 [INFO] CADModel:114 - Register for checkConnection events
2026-05-14 13:21:34,989 [INFO] OpenFileManager:386 - Restore cursor
2026-05-14 13:21:35,138 [ERROR] LogOutputStream:75 - [STDERR_REDIRECT] [Fatal Error] :1:1: Premature end of file.
2026-05-14 13:21:35,138 [ERROR] LogOutputStream:75 - [STDERR_REDIRECT] 
2026-05-14 13:21:35,160 [WARN] IP:2250 - I2C_Coeff_DF not found: check if there is a RefParameter without a condition.
2026-05-14 13:21:35,160 [WARN] IP:2250 - Analog_Filter not found: check if there is a RefParameter without a condition.
2026-05-14 13:21:35,160 [WARN] IP:2250 - I2C_Coeff_DF not found: check if there is a RefParameter without a condition.
2026-05-14 13:21:35,160 [WARN] IP:2250 - Analog_Filter not found: check if there is a RefParameter without a condition.
2026-05-14 13:21:36,168 [ERROR] LogOutputStream:75 - [STDERR_REDIRECT] [Fatal Error] :1:1: Premature end of file.
2026-05-14 13:21:36,168 [ERROR] LogOutputStream:75 - [STDERR_REDIRECT] 
2026-05-14 13:21:37,143 [ERROR] LogOutputStream:75 - [STDERR_REDIRECT] [Fatal Error] :1:1: Premature end of file.
2026-05-14 13:21:37,143 [ERROR] LogOutputStream:75 - [STDERR_REDIRECT] 
2026-05-14 13:21:38,140 [ERROR] LogOutputStream:75 - [STDERR_REDIRECT] [Fatal Error] :1:1: Premature end of file.
2026-05-14 13:21:38,140 [ERROR] LogOutputStream:75 - [STDERR_REDIRECT] 
2026-05-14 13:21:39,134 [ERROR] LogOutputStream:75 - [STDERR_REDIRECT] [Fatal Error] :1:1: Premature end of file.
2026-05-14 13:21:39,134 [ERROR] LogOutputStream:75 - [STDERR_REDIRECT] 
2026-05-14 13:21:40,155 [ERROR] LogOutputStream:75 - [STDERR_REDIRECT] [Fatal Error] :1:1: Premature end of file.
2026-05-14 13:21:40,155 [ERROR] LogOutputStream:75 - [STDERR_REDIRECT] 
2026-05-14 13:21:41,137 [ERROR] LogOutputStream:75 - [STDERR_REDIRECT] [Fatal Error] :1:1: Premature end of file.
2026-05-14 13:21:41,137 [ERROR] LogOutputStream:75 - [STDERR_REDIRECT] 
2026-05-14 13:21:42,144 [ERROR] LogOutputStream:75 - [STDERR_REDIRECT] [Fatal Error] :1:1: Premature end of file.
2026-05-14 13:21:42,145 [ERROR] LogOutputStream:75 - [STDERR_REDIRECT] 
2026-05-14 13:21:43,140 [ERROR] LogOutputStream:75 - [STDERR_REDIRECT] [Fatal Error] :1:1: Premature end of file.
2026-05-14 13:21:43,142 [ERROR] LogOutputStream:75 - [STDERR_REDIRECT] 
2026-05-14 13:21:44,137 [ERROR] LogOutputStream:75 - [STDERR_REDIRECT] [Fatal Error] :1:1: Premature end of file.
2026-05-14 13:21:44,137 [ERROR] LogOutputStream:75 - [STDERR_REDIRECT] 
2026-05-14 13:21:45,138 [ERROR] LogOutputStream:75 - [STDERR_REDIRECT] [Fatal Error] :1:1: Premature end of file.
2026-05-14 13:21:45,138 [ERROR] LogOutputStream:75 - [STDERR_REDIRECT] 
2026-05-14 13:21:46,130 [ERROR] LogOutputStream:75 - [STDERR_REDIRECT] [Fatal Error] :1:1: Premature end of file.
2026-05-14 13:21:46,130 [ERROR] LogOutputStream:75 - [STDERR_REDIRECT] 
2026-05-14 13:21:47,128 [ERROR] LogOutputStream:75 - [STDERR_REDIRECT] [Fatal Error] :1:1: Premature end of file.
2026-05-14 13:21:47,128 [ERROR] LogOutputStream:75 - [STDERR_REDIRECT] 
2026-05-14 13:21:48,120 [ERROR] LogOutputStream:75 - [STDERR_REDIRECT] [Fatal Error] :1:1: Premature end of file.
2026-05-14 13:21:48,120 [ERROR] LogOutputStream:75 - [STDERR_REDIRECT] 
2026-05-14 13:21:49,131 [ERROR] LogOutputStream:75 - [STDERR_REDIRECT] [Fatal Error] :1:1: Premature end of file.
2026-05-14 13:21:49,131 [ERROR] LogOutputStream:75 - [STDERR_REDIRECT] 
2026-05-14 13:21:50,152 [ERROR] LogOutputStream:75 - [STDERR_REDIRECT] [Fatal Error] :1:1: Premature end of file.
2026-05-14 13:21:50,152 [ERROR] LogOutputStream:75 - [STDERR_REDIRECT] 
2026-05-14 13:21:51,132 [ERROR] LogOutputStream:75 - [STDERR_REDIRECT] [Fatal Error] :1:1: Premature end of file.
2026-05-14 13:21:51,132 [ERROR] LogOutputStream:75 - [STDERR_REDIRECT] 
2026-05-14 13:21:52,130 [ERROR] LogOutputStream:75 - [STDERR_REDIRECT] [Fatal Error] :1:1: Premature end of file.
2026-05-14 13:21:52,131 [ERROR] LogOutputStream:75 - [STDERR_REDIRECT] 
2026-05-14 13:21:53,129 [ERROR] LogOutputStream:75 - [STDERR_REDIRECT] [Fatal Error] :1:1: Premature end of file.
2026-05-14 13:21:53,129 [ERROR] LogOutputStream:75 - [STDERR_REDIRECT] 
2026-05-14 13:21:54,138 [ERROR] LogOutputStream:75 - [STDERR_REDIRECT] [Fatal Error] :1:1: Premature end of file.
2026-05-14 13:21:54,138 [ERROR] LogOutputStream:75 - [STDERR_REDIRECT] 
2026-05-14 13:21:55,146 [ERROR] LogOutputStream:75 - [STDERR_REDIRECT] [Fatal Error] :1:1: Premature end of file.
2026-05-14 13:21:55,146 [ERROR] LogOutputStream:75 - [STDERR_REDIRECT] 
2026-05-14 13:21:56,130 [ERROR] LogOutputStream:75 - [STDERR_REDIRECT] [Fatal Error] :1:1: Premature end of file.
2026-05-14 13:21:56,130 [ERROR] LogOutputStream:75 - [STDERR_REDIRECT] 
2026-05-14 13:21:57,128 [ERROR] LogOutputStream:75 - [STDERR_REDIRECT] [Fatal Error] :1:1: Premature end of file.
2026-05-14 13:21:57,128 [ERROR] LogOutputStream:75 - [STDERR_REDIRECT] 
2026-05-14 13:21:58,134 [ERROR] LogOutputStream:75 - [STDERR_REDIRECT] [Fatal Error] :1:1: Premature end of file.
2026-05-14 13:21:58,134 [ERROR] LogOutputStream:75 - [STDERR_REDIRECT] 
2026-05-14 13:21:59,133 [ERROR] LogOutputStream:75 - [STDERR_REDIRECT] [Fatal Error] :1:1: Premature end of file.
2026-05-14 13:21:59,133 [ERROR] LogOutputStream:75 - [STDERR_REDIRECT] 
2026-05-14 13:22:00,134 [ERROR] LogOutputStream:75 - [STDERR_REDIRECT] [Fatal Error] :1:1: Premature end of file.
2026-05-14 13:22:00,134 [ERROR] LogOutputStream:75 - [STDERR_REDIRECT] 
2026-05-14 13:22:01,133 [ERROR] LogOutputStream:75 - [STDERR_REDIRECT] [Fatal Error] :1:1: Premature end of file.
2026-05-14 13:22:01,133 [ERROR] LogOutputStream:75 - [STDERR_REDIRECT] 
2026-05-14 13:22:02,134 [ERROR] LogOutputStream:75 - [STDERR_REDIRECT] [Fatal Error] :1:1: Premature end of file.
2026-05-14 13:22:02,134 [ERROR] LogOutputStream:75 - [STDERR_REDIRECT] 
2026-05-14 13:22:03,131 [ERROR] LogOutputStream:75 - [STDERR_REDIRECT] [Fatal Error] :1:1: Premature end of file.
2026-05-14 13:22:03,131 [ERROR] LogOutputStream:75 - [STDERR_REDIRECT] 
2026-05-14 13:22:04,132 [ERROR] LogOutputStream:75 - [STDERR_REDIRECT] [Fatal Error] :1:1: Premature end of file.
2026-05-14 13:22:04,133 [ERROR] LogOutputStream:75 - [STDERR_REDIRECT] 
2026-05-14 13:22:05,131 [ERROR] LogOutputStream:75 - [STDERR_REDIRECT] [Fatal Error] :1:1: Premature end of file.
2026-05-14 13:22:05,131 [ERROR] LogOutputStream:75 - [STDERR_REDIRECT] 
2026-05-14 13:22:06,130 [ERROR] LogOutputStream:75 - [STDERR_REDIRECT] [Fatal Error] :1:1: Premature end of file.
2026-05-14 13:22:06,130 [ERROR] LogOutputStream:75 - [STDERR_REDIRECT] 
2026-05-14 13:22:07,133 [ERROR] LogOutputStream:75 - [STDERR_REDIRECT] [Fatal Error] :1:1: Premature end of file.
2026-05-14 13:22:07,133 [ERROR] LogOutputStream:75 - [STDERR_REDIRECT] 
2026-05-14 13:22:08,133 [ERROR] LogOutputStream:75 - [STDERR_REDIRECT] [Fatal Error] :1:1: Premature end of file.
2026-05-14 13:22:08,133 [ERROR] LogOutputStream:75 - [STDERR_REDIRECT] 
2026-05-14 13:22:09,126 [ERROR] LogOutputStream:75 - [STDERR_REDIRECT] [Fatal Error] :1:1: Premature end of file.
2026-05-14 13:22:09,126 [ERROR] LogOutputStream:75 - [STDERR_REDIRECT] 
2026-05-14 13:22:10,129 [ERROR] LogOutputStream:75 - [STDERR_REDIRECT] [Fatal Error] :1:1: Premature end of file.
2026-05-14 13:22:10,129 [ERROR] LogOutputStream:75 - [STDERR_REDIRECT] 
2026-05-14 13:22:11,133 [ERROR] LogOutputStream:75 - [STDERR_REDIRECT] [Fatal Error] :1:1: Premature end of file.
2026-05-14 13:22:11,133 [ERROR] LogOutputStream:75 - [STDERR_REDIRECT] 
2026-05-14 13:22:12,132 [ERROR] LogOutputStream:75 - [STDERR_REDIRECT] [Fatal Error] :1:1: Premature end of file.
2026-05-14 13:22:12,132 [ERROR] LogOutputStream:75 - [STDERR_REDIRECT] 
2026-05-14 13:22:13,132 [ERROR] LogOutputStream:75 - [STDERR_REDIRECT] [Fatal Error] :1:1: Premature end of file.
2026-05-14 13:22:13,132 [ERROR] LogOutputStream:75 - [STDERR_REDIRECT] 
2026-05-14 13:22:14,134 [ERROR] LogOutputStream:75 - [STDERR_REDIRECT] [Fatal Error] :1:1: Premature end of file.
2026-05-14 13:22:14,134 [ERROR] LogOutputStream:75 - [STDERR_REDIRECT] 
2026-05-14 13:22:15,130 [ERROR] LogOutputStream:75 - [STDERR_REDIRECT] [Fatal Error] :1:1: Premature end of file.
2026-05-14 13:22:15,130 [ERROR] LogOutputStream:75 - [STDERR_REDIRECT] 
2026-05-14 13:22:16,132 [ERROR] LogOutputStream:75 - [STDERR_REDIRECT] [Fatal Error] :1:1: Premature end of file.
2026-05-14 13:22:16,133 [ERROR] LogOutputStream:75 - [STDERR_REDIRECT] 
2026-05-14 13:22:17,131 [ERROR] LogOutputStream:75 - [STDERR_REDIRECT] [Fatal Error] :1:1: Premature end of file.
2026-05-14 13:22:17,131 [ERROR] LogOutputStream:75 - [STDERR_REDIRECT] 
2026-05-14 13:22:18,132 [ERROR] LogOutputStream:75 - [STDERR_REDIRECT] [Fatal Error] :1:1: Premature end of file.
2026-05-14 13:22:18,133 [ERROR] LogOutputStream:75 - [STDERR_REDIRECT] 
2026-05-14 13:22:19,131 [ERROR] LogOutputStream:75 - [STDERR_REDIRECT] [Fatal Error] :1:1: Premature end of file.
2026-05-14 13:22:19,131 [ERROR] LogOutputStream:75 - [STDERR_REDIRECT] 
2026-05-14 13:22:20,129 [ERROR] LogOutputStream:75 - [STDERR_REDIRECT] [Fatal Error] :1:1: Premature end of file.
2026-05-14 13:22:20,129 [ERROR] LogOutputStream:75 - [STDERR_REDIRECT] 
2026-05-14 13:22:21,136 [ERROR] LogOutputStream:75 - [STDERR_REDIRECT] [Fatal Error] :1:1: Premature end of file.
2026-05-14 13:22:21,136 [ERROR] LogOutputStream:75 - [STDERR_REDIRECT] 
2026-05-14 13:22:22,139 [ERROR] LogOutputStream:75 - [STDERR_REDIRECT] [Fatal Error] :1:1: Premature end of file.
2026-05-14 13:22:22,139 [ERROR] LogOutputStream:75 - [STDERR_REDIRECT] 
2026-05-14 13:22:23,139 [ERROR] LogOutputStream:75 - [STDERR_REDIRECT] [Fatal Error] :1:1: Premature end of file.
2026-05-14 13:22:23,139 [ERROR] LogOutputStream:75 - [STDERR_REDIRECT] 
2026-05-14 13:22:24,139 [ERROR] LogOutputStream:75 - [STDERR_REDIRECT] [Fatal Error] :1:1: Premature end of file.
2026-05-14 13:22:24,139 [ERROR] LogOutputStream:75 - [STDERR_REDIRECT] 
2026-05-14 13:22:25,131 [ERROR] LogOutputStream:75 - [STDERR_REDIRECT] [Fatal Error] :1:1: Premature end of file.
2026-05-14 13:22:25,131 [ERROR] LogOutputStream:75 - [STDERR_REDIRECT] 
2026-05-14 13:22:26,139 [ERROR] LogOutputStream:75 - [STDERR_REDIRECT] [Fatal Error] :1:1: Premature end of file.
2026-05-14 13:22:26,139 [ERROR] LogOutputStream:75 - [STDERR_REDIRECT] 
2026-05-14 13:22:27,139 [ERROR] LogOutputStream:75 - [STDERR_REDIRECT] [Fatal Error] :1:1: Premature end of file.
2026-05-14 13:22:27,139 [ERROR] LogOutputStream:75 - [STDERR_REDIRECT] 
2026-05-14 13:22:28,139 [ERROR] LogOutputStream:75 - [STDERR_REDIRECT] [Fatal Error] :1:1: Premature end of file.
2026-05-14 13:22:28,139 [ERROR] LogOutputStream:75 - [STDERR_REDIRECT] 
2026-05-14 13:22:29,129 [ERROR] LogOutputStream:75 - [STDERR_REDIRECT] [Fatal Error] :1:1: Premature end of file.
2026-05-14 13:22:29,129 [ERROR] LogOutputStream:75 - [STDERR_REDIRECT] 
2026-05-14 13:22:30,143 [ERROR] LogOutputStream:75 - [STDERR_REDIRECT] [Fatal Error] :1:1: Premature end of file.
2026-05-14 13:22:30,143 [ERROR] LogOutputStream:75 - [STDERR_REDIRECT] 
2026-05-14 13:22:31,132 [ERROR] LogOutputStream:75 - [STDERR_REDIRECT] [Fatal Error] :1:1: Premature end of file.
2026-05-14 13:22:31,132 [ERROR] LogOutputStream:75 - [STDERR_REDIRECT] 
2026-05-14 13:22:32,131 [ERROR] LogOutputStream:75 - [STDERR_REDIRECT] [Fatal Error] :1:1: Premature end of file.
2026-05-14 13:22:32,131 [ERROR] LogOutputStream:75 - [STDERR_REDIRECT] 
2026-05-14 13:22:33,137 [ERROR] LogOutputStream:75 - [STDERR_REDIRECT] [Fatal Error] :1:1: Premature end of file.
2026-05-14 13:22:33,137 [ERROR] LogOutputStream:75 - [STDERR_REDIRECT] 
2026-05-14 13:22:34,158 [ERROR] LogOutputStream:75 - [STDERR_REDIRECT] [Fatal Error] :1:1: Premature end of file.
2026-05-14 13:22:34,158 [ERROR] LogOutputStream:75 - [STDERR_REDIRECT] 
2026-05-14 13:22:35,130 [ERROR] LogOutputStream:75 - [STDERR_REDIRECT] [Fatal Error] :1:1: Premature end of file.
2026-05-14 13:22:35,130 [ERROR] LogOutputStream:75 - [STDERR_REDIRECT] 
2026-05-14 13:22:36,148 [ERROR] LogOutputStream:75 - [STDERR_REDIRECT] [Fatal Error] :1:1: Premature end of file.
2026-05-14 13:22:36,148 [ERROR] LogOutputStream:75 - [STDERR_REDIRECT] 
2026-05-14 13:22:37,129 [ERROR] LogOutputStream:75 - [STDERR_REDIRECT] [Fatal Error] :1:1: Premature end of file.
2026-05-14 13:22:37,129 [ERROR] LogOutputStream:75 - [STDERR_REDIRECT] 
2026-05-14 13:22:38,138 [ERROR] LogOutputStream:75 - [STDERR_REDIRECT] [Fatal Error] :1:1: Premature end of file.
2026-05-14 13:22:38,138 [ERROR] LogOutputStream:75 - [STDERR_REDIRECT] 
2026-05-14 13:22:39,173 [ERROR] LogOutputStream:75 - [STDERR_REDIRECT] [Fatal Error] :1:1: Premature end of file.
2026-05-14 13:22:39,174 [ERROR] LogOutputStream:75 - [STDERR_REDIRECT] 
2026-05-14 13:22:40,130 [ERROR] LogOutputStream:75 - [STDERR_REDIRECT] [Fatal Error] :1:1: Premature end of file.
2026-05-14 13:22:40,130 [ERROR] LogOutputStream:75 - [STDERR_REDIRECT] 
2026-05-14 13:22:41,129 [ERROR] LogOutputStream:75 - [STDERR_REDIRECT] [Fatal Error] :1:1: Premature end of file.
2026-05-14 13:22:41,129 [ERROR] LogOutputStream:75 - [STDERR_REDIRECT] 
2026-05-14 13:22:42,127 [ERROR] LogOutputStream:75 - [STDERR_REDIRECT] [Fatal Error] :1:1: Premature end of file.
2026-05-14 13:22:42,127 [ERROR] LogOutputStream:75 - [STDERR_REDIRECT] 
2026-05-14 13:22:43,128 [ERROR] LogOutputStream:75 - [STDERR_REDIRECT] [Fatal Error] :1:1: Premature end of file.
2026-05-14 13:22:43,128 [ERROR] LogOutputStream:75 - [STDERR_REDIRECT] 
2026-05-14 13:22:44,129 [ERROR] LogOutputStream:75 - [STDERR_REDIRECT] [Fatal Error] :1:1: Premature end of file.
2026-05-14 13:22:44,129 [ERROR] LogOutputStream:75 - [STDERR_REDIRECT] 
2026-05-14 13:22:45,128 [ERROR] LogOutputStream:75 - [STDERR_REDIRECT] [Fatal Error] :1:1: Premature end of file.
2026-05-14 13:22:45,128 [ERROR] LogOutputStream:75 - [STDERR_REDIRECT] 
2026-05-14 13:22:46,145 [ERROR] LogOutputStream:75 - [STDERR_REDIRECT] [Fatal Error] :1:1: Premature end of file.
2026-05-14 13:22:46,145 [ERROR] LogOutputStream:75 - [STDERR_REDIRECT] 
2026-05-14 13:22:47,139 [ERROR] LogOutputStream:75 - [STDERR_REDIRECT] [Fatal Error] :1:1: Premature end of file.
2026-05-14 13:22:47,139 [ERROR] LogOutputStream:75 - [STDERR_REDIRECT] 
2026-05-14 13:22:48,125 [ERROR] LogOutputStream:75 - [STDERR_REDIRECT] [Fatal Error] :1:1: Premature end of file.
2026-05-14 13:22:48,125 [ERROR] LogOutputStream:75 - [STDERR_REDIRECT] 
2026-05-14 13:22:49,128 [ERROR] LogOutputStream:75 - [STDERR_REDIRECT] [Fatal Error] :1:1: Premature end of file.
2026-05-14 13:22:49,128 [ERROR] LogOutputStream:75 - [STDERR_REDIRECT] 
2026-05-14 13:22:50,125 [ERROR] LogOutputStream:75 - [STDERR_REDIRECT] [Fatal Error] :1:1: Premature end of file.
2026-05-14 13:22:50,127 [ERROR] LogOutputStream:75 - [STDERR_REDIRECT] 
2026-05-14 13:22:51,130 [ERROR] LogOutputStream:75 - [STDERR_REDIRECT] [Fatal Error] :1:1: Premature end of file.
2026-05-14 13:22:51,131 [ERROR] LogOutputStream:75 - [STDERR_REDIRECT] 
2026-05-14 13:22:52,131 [ERROR] LogOutputStream:75 - [STDERR_REDIRECT] [Fatal Error] :1:1: Premature end of file.
2026-05-14 13:22:52,132 [ERROR] LogOutputStream:75 - [STDERR_REDIRECT] 
2026-05-14 13:22:53,132 [ERROR] LogOutputStream:75 - [STDERR_REDIRECT] [Fatal Error] :1:1: Premature end of file.
2026-05-14 13:22:53,132 [ERROR] LogOutputStream:75 - [STDERR_REDIRECT] 
2026-05-14 13:22:54,125 [ERROR] LogOutputStream:75 - [STDERR_REDIRECT] [Fatal Error] :1:1: Premature end of file.
2026-05-14 13:22:54,125 [ERROR] LogOutputStream:75 - [STDERR_REDIRECT] 
2026-05-14 13:22:55,131 [ERROR] LogOutputStream:75 - [STDERR_REDIRECT] [Fatal Error] :1:1: Premature end of file.
2026-05-14 13:22:55,131 [ERROR] LogOutputStream:75 - [STDERR_REDIRECT] 
2026-05-14 13:22:56,132 [ERROR] LogOutputStream:75 - [STDERR_REDIRECT] [Fatal Error] :1:1: Premature end of file.
2026-05-14 13:22:56,132 [ERROR] LogOutputStream:75 - [STDERR_REDIRECT] 
2026-05-14 13:22:57,131 [ERROR] LogOutputStream:75 - [STDERR_REDIRECT] [Fatal Error] :1:1: Premature end of file.
2026-05-14 13:22:57,131 [ERROR] LogOutputStream:75 - [STDERR_REDIRECT] 
2026-05-14 13:22:58,125 [ERROR] LogOutputStream:75 - [STDERR_REDIRECT] [Fatal Error] :1:1: Premature end of file.
2026-05-14 13:22:58,125 [ERROR] LogOutputStream:75 - [STDERR_REDIRECT] 
2026-05-14 13:22:59,233 [ERROR] LogOutputStream:75 - [STDERR_REDIRECT] [Fatal Error] :1:1: Premature end of file.
2026-05-14 13:22:59,234 [ERROR] LogOutputStream:75 - [STDERR_REDIRECT] 
2026-05-14 13:23:00,124 [ERROR] LogOutputStream:75 - [STDERR_REDIRECT] [Fatal Error] :1:1: Premature end of file.
2026-05-14 13:23:00,124 [ERROR] LogOutputStream:75 - [STDERR_REDIRECT] 
2026-05-14 13:23:01,126 [ERROR] LogOutputStream:75 - [STDERR_REDIRECT] [Fatal Error] :1:1: Premature end of file.
2026-05-14 13:23:01,126 [ERROR] LogOutputStream:75 - [STDERR_REDIRECT] 
2026-05-14 13:23:02,132 [ERROR] LogOutputStream:75 - [STDERR_REDIRECT] [Fatal Error] :1:1: Premature end of file.
2026-05-14 13:23:02,132 [ERROR] LogOutputStream:75 - [STDERR_REDIRECT] 
2026-05-14 13:23:03,137 [ERROR] LogOutputStream:75 - [STDERR_REDIRECT] [Fatal Error] :1:1: Premature end of file.
2026-05-14 13:23:03,137 [ERROR] LogOutputStream:75 - [STDERR_REDIRECT] 
2026-05-14 13:23:04,137 [ERROR] LogOutputStream:75 - [STDERR_REDIRECT] [Fatal Error] :1:1: Premature end of file.
2026-05-14 13:23:04,137 [ERROR] LogOutputStream:75 - [STDERR_REDIRECT] 
2026-05-14 13:23:05,128 [ERROR] LogOutputStream:75 - [STDERR_REDIRECT] [Fatal Error] :1:1: Premature end of file.
2026-05-14 13:23:05,128 [ERROR] LogOutputStream:75 - [STDERR_REDIRECT] 
2026-05-14 13:23:06,125 [ERROR] LogOutputStream:75 - [STDERR_REDIRECT] [Fatal Error] :1:1: Premature end of file.
2026-05-14 13:23:06,125 [ERROR] LogOutputStream:75 - [STDERR_REDIRECT] 
2026-05-14 13:23:07,125 [ERROR] LogOutputStream:75 - [STDERR_REDIRECT] [Fatal Error] :1:1: Premature end of file.
2026-05-14 13:23:07,125 [ERROR] LogOutputStream:75 - [STDERR_REDIRECT] 
2026-05-14 13:23:08,136 [ERROR] LogOutputStream:75 - [STDERR_REDIRECT] [Fatal Error] :1:1: Premature end of file.
2026-05-14 13:23:08,136 [ERROR] LogOutputStream:75 - [STDERR_REDIRECT] 
2026-05-14 13:23:09,132 [ERROR] LogOutputStream:75 - [STDERR_REDIRECT] [Fatal Error] :1:1: Premature end of file.
2026-05-14 13:23:09,132 [ERROR] LogOutputStream:75 - [STDERR_REDIRECT] 
2026-05-14 13:23:10,130 [ERROR] LogOutputStream:75 - [STDERR_REDIRECT] [Fatal Error] :1:1: Premature end of file.
2026-05-14 13:23:10,130 [ERROR] LogOutputStream:75 - [STDERR_REDIRECT] 
2026-05-14 13:23:11,130 [ERROR] LogOutputStream:75 - [STDERR_REDIRECT] [Fatal Error] :1:1: Premature end of file.
2026-05-14 13:23:11,131 [ERROR] LogOutputStream:75 - [STDERR_REDIRECT] 
2026-05-14 13:23:12,133 [ERROR] LogOutputStream:75 - [STDERR_REDIRECT] [Fatal Error] :1:1: Premature end of file.
2026-05-14 13:23:12,133 [ERROR] LogOutputStream:75 - [STDERR_REDIRECT] 
2026-05-14 13:23:13,127 [ERROR] LogOutputStream:75 - [STDERR_REDIRECT] [Fatal Error] :1:1: Premature end of file.
2026-05-14 13:23:13,127 [ERROR] LogOutputStream:75 - [STDERR_REDIRECT] 
2026-05-14 13:23:14,129 [ERROR] LogOutputStream:75 - [STDERR_REDIRECT] [Fatal Error] :1:1: Premature end of file.
2026-05-14 13:23:14,129 [ERROR] LogOutputStream:75 - [STDERR_REDIRECT] 
2026-05-14 13:23:15,125 [ERROR] LogOutputStream:75 - [STDERR_REDIRECT] [Fatal Error] :1:1: Premature end of file.
2026-05-14 13:23:15,125 [ERROR] LogOutputStream:75 - [STDERR_REDIRECT] 
2026-05-14 13:23:16,133 [ERROR] LogOutputStream:75 - [STDERR_REDIRECT] [Fatal Error] :1:1: Premature end of file.
2026-05-14 13:23:16,133 [ERROR] LogOutputStream:75 - [STDERR_REDIRECT] 
2026-05-14 13:23:17,129 [ERROR] LogOutputStream:75 - [STDERR_REDIRECT] [Fatal Error] :1:1: Premature end of file.
2026-05-14 13:23:17,130 [ERROR] LogOutputStream:75 - [STDERR_REDIRECT] 
2026-05-14 13:23:18,133 [ERROR] LogOutputStream:75 - [STDERR_REDIRECT] [Fatal Error] :1:1: Premature end of file.
2026-05-14 13:23:18,133 [ERROR] LogOutputStream:75 - [STDERR_REDIRECT] 
2026-05-14 13:23:19,129 [ERROR] LogOutputStream:75 - [STDERR_REDIRECT] [Fatal Error] :1:1: Premature end of file.
2026-05-14 13:23:19,129 [ERROR] LogOutputStream:75 - [STDERR_REDIRECT] 
2026-05-14 13:23:20,129 [ERROR] LogOutputStream:75 - [STDERR_REDIRECT] [Fatal Error] :1:1: Premature end of file.
2026-05-14 13:23:20,129 [ERROR] LogOutputStream:75 - [STDERR_REDIRECT] 
2026-05-14 13:23:21,152 [ERROR] LogOutputStream:75 - [STDERR_REDIRECT] [Fatal Error] :1:1: Premature end of file.
2026-05-14 13:23:21,152 [ERROR] LogOutputStream:75 - [STDERR_REDIRECT] 
2026-05-14 13:23:22,132 [ERROR] LogOutputStream:75 - [STDERR_REDIRECT] [Fatal Error] :1:1: Premature end of file.
2026-05-14 13:23:22,132 [ERROR] LogOutputStream:75 - [STDERR_REDIRECT] 
2026-05-14 13:23:23,130 [ERROR] LogOutputStream:75 - [STDERR_REDIRECT] [Fatal Error] :1:1: Premature end of file.
2026-05-14 13:23:23,130 [ERROR] LogOutputStream:75 - [STDERR_REDIRECT] 
2026-05-14 13:23:24,127 [ERROR] LogOutputStream:75 - [STDERR_REDIRECT] [Fatal Error] :1:1: Premature end of file.
2026-05-14 13:23:24,127 [ERROR] LogOutputStream:75 - [STDERR_REDIRECT] 
2026-05-14 13:23:25,126 [ERROR] LogOutputStream:75 - [STDERR_REDIRECT] [Fatal Error] :1:1: Premature end of file.
2026-05-14 13:23:25,126 [ERROR] LogOutputStream:75 - [STDERR_REDIRECT] 
2026-05-14 13:23:26,132 [ERROR] LogOutputStream:75 - [STDERR_REDIRECT] [Fatal Error] :1:1: Premature end of file.
2026-05-14 13:23:26,132 [ERROR] LogOutputStream:75 - [STDERR_REDIRECT] 
2026-05-14 13:23:27,133 [ERROR] LogOutputStream:75 - [STDERR_REDIRECT] [Fatal Error] :1:1: Premature end of file.
2026-05-14 13:23:27,135 [ERROR] LogOutputStream:75 - [STDERR_REDIRECT] 
2026-05-14 13:23:28,124 [ERROR] LogOutputStream:75 - [STDERR_REDIRECT] [Fatal Error] :1:1: Premature end of file.
2026-05-14 13:23:28,124 [ERROR] LogOutputStream:75 - [STDERR_REDIRECT] 
2026-05-14 13:23:29,131 [ERROR] LogOutputStream:75 - [STDERR_REDIRECT] [Fatal Error] :1:1: Premature end of file.
2026-05-14 13:23:29,131 [ERROR] LogOutputStream:75 - [STDERR_REDIRECT] 
2026-05-14 13:23:30,125 [ERROR] LogOutputStream:75 - [STDERR_REDIRECT] [Fatal Error] :1:1: Premature end of file.
2026-05-14 13:23:30,125 [ERROR] LogOutputStream:75 - [STDERR_REDIRECT] 
2026-05-14 13:23:31,125 [ERROR] LogOutputStream:75 - [STDERR_REDIRECT] [Fatal Error] :1:1: Premature end of file.
2026-05-14 13:23:31,125 [ERROR] LogOutputStream:75 - [STDERR_REDIRECT] 
2026-05-14 13:23:32,130 [ERROR] LogOutputStream:75 - [STDERR_REDIRECT] [Fatal Error] :1:1: Premature end of file.
2026-05-14 13:23:32,130 [ERROR] LogOutputStream:75 - [STDERR_REDIRECT] 
2026-05-14 13:23:33,128 [ERROR] LogOutputStream:75 - [STDERR_REDIRECT] [Fatal Error] :1:1: Premature end of file.
2026-05-14 13:23:33,128 [ERROR] LogOutputStream:75 - [STDERR_REDIRECT] 
2026-05-14 13:23:34,137 [ERROR] LogOutputStream:75 - [STDERR_REDIRECT] [Fatal Error] :1:1: Premature end of file.
2026-05-14 13:23:34,137 [ERROR] LogOutputStream:75 - [STDERR_REDIRECT] 
2026-05-14 13:23:35,137 [ERROR] LogOutputStream:75 - [STDERR_REDIRECT] [Fatal Error] :1:1: Premature end of file.
2026-05-14 13:23:35,137 [ERROR] LogOutputStream:75 - [STDERR_REDIRECT] 
2026-05-14 13:23:36,136 [ERROR] LogOutputStream:75 - [STDERR_REDIRECT] [Fatal Error] :1:1: Premature end of file.
2026-05-14 13:23:36,136 [ERROR] LogOutputStream:75 - [STDERR_REDIRECT] 
2026-05-14 13:23:37,142 [ERROR] LogOutputStream:75 - [STDERR_REDIRECT] [Fatal Error] :1:1: Premature end of file.
2026-05-14 13:23:37,142 [ERROR] LogOutputStream:75 - [STDERR_REDIRECT] 
2026-05-14 13:23:38,129 [ERROR] LogOutputStream:75 - [STDERR_REDIRECT] [Fatal Error] :1:1: Premature end of file.
2026-05-14 13:23:38,129 [ERROR] LogOutputStream:75 - [STDERR_REDIRECT] 
2026-05-14 13:23:39,124 [ERROR] LogOutputStream:75 - [STDERR_REDIRECT] [Fatal Error] :1:1: Premature end of file.
2026-05-14 13:23:39,124 [ERROR] LogOutputStream:75 - [STDERR_REDIRECT] 
2026-05-14 13:23:40,135 [ERROR] LogOutputStream:75 - [STDERR_REDIRECT] [Fatal Error] :1:1: Premature end of file.
2026-05-14 13:23:40,135 [ERROR] LogOutputStream:75 - [STDERR_REDIRECT] 
2026-05-14 13:23:41,124 [ERROR] LogOutputStream:75 - [STDERR_REDIRECT] [Fatal Error] :1:1: Premature end of file.
2026-05-14 13:23:41,124 [ERROR] LogOutputStream:75 - [STDERR_REDIRECT] 
2026-05-14 13:23:42,134 [ERROR] LogOutputStream:75 - [STDERR_REDIRECT] [Fatal Error] :1:1: Premature end of file.
2026-05-14 13:23:42,134 [ERROR] LogOutputStream:75 - [STDERR_REDIRECT] 
2026-05-14 13:23:43,133 [ERROR] LogOutputStream:75 - [STDERR_REDIRECT] [Fatal Error] :1:1: Premature end of file.
2026-05-14 13:23:43,133 [ERROR] LogOutputStream:75 - [STDERR_REDIRECT] 
2026-05-14 13:23:44,126 [ERROR] LogOutputStream:75 - [STDERR_REDIRECT] [Fatal Error] :1:1: Premature end of file.
2026-05-14 13:23:44,126 [ERROR] LogOutputStream:75 - [STDERR_REDIRECT] 
2026-05-14 13:23:45,128 [ERROR] LogOutputStream:75 - [STDERR_REDIRECT] [Fatal Error] :1:1: Premature end of file.
2026-05-14 13:23:45,128 [ERROR] LogOutputStream:75 - [STDERR_REDIRECT] 
2026-05-14 13:23:46,136 [ERROR] LogOutputStream:75 - [STDERR_REDIRECT] [Fatal Error] :1:1: Premature end of file.
2026-05-14 13:23:46,136 [ERROR] LogOutputStream:75 - [STDERR_REDIRECT] 
2026-05-14 13:23:47,136 [ERROR] LogOutputStream:75 - [STDERR_REDIRECT] [Fatal Error] :1:1: Premature end of file.
2026-05-14 13:23:47,136 [ERROR] LogOutputStream:75 - [STDERR_REDIRECT] 
2026-05-14 13:23:48,136 [ERROR] LogOutputStream:75 - [STDERR_REDIRECT] [Fatal Error] :1:1: Premature end of file.
2026-05-14 13:23:48,136 [ERROR] LogOutputStream:75 - [STDERR_REDIRECT] 
2026-05-14 13:23:49,140 [ERROR] LogOutputStream:75 - [STDERR_REDIRECT] [Fatal Error] :1:1: Premature end of file.
2026-05-14 13:23:49,140 [ERROR] LogOutputStream:75 - [STDERR_REDIRECT] 
2026-05-14 13:23:50,126 [ERROR] LogOutputStream:75 - [STDERR_REDIRECT] [Fatal Error] :1:1: Premature end of file.
2026-05-14 13:23:50,126 [ERROR] LogOutputStream:75 - [STDERR_REDIRECT] 
2026-05-14 13:23:51,126 [ERROR] LogOutputStream:75 - [STDERR_REDIRECT] [Fatal Error] :1:1: Premature end of file.
2026-05-14 13:23:51,126 [ERROR] LogOutputStream:75 - [STDERR_REDIRECT] 
2026-05-14 13:23:52,142 [ERROR] LogOutputStream:75 - [STDERR_REDIRECT] [Fatal Error] :1:1: Premature end of file.
2026-05-14 13:23:52,142 [ERROR] LogOutputStream:75 - [STDERR_REDIRECT] 
2026-05-14 13:23:53,127 [ERROR] LogOutputStream:75 - [STDERR_REDIRECT] [Fatal Error] :1:1: Premature end of file.
2026-05-14 13:23:53,127 [ERROR] LogOutputStream:75 - [STDERR_REDIRECT] 
2026-05-14 13:23:54,130 [ERROR] LogOutputStream:75 - [STDERR_REDIRECT] [Fatal Error] :1:1: Premature end of file.
2026-05-14 13:23:54,130 [ERROR] LogOutputStream:75 - [STDERR_REDIRECT] 
2026-05-14 13:23:55,142 [ERROR] LogOutputStream:75 - [STDERR_REDIRECT] [Fatal Error] :1:1: Premature end of file.
2026-05-14 13:23:55,143 [ERROR] LogOutputStream:75 - [STDERR_REDIRECT] 
2026-05-14 13:23:56,136 [ERROR] LogOutputStream:75 - [STDERR_REDIRECT] [Fatal Error] :1:1: Premature end of file.
2026-05-14 13:23:56,136 [ERROR] LogOutputStream:75 - [STDERR_REDIRECT] 
2026-05-14 13:23:57,140 [ERROR] LogOutputStream:75 - [STDERR_REDIRECT] [Fatal Error] :1:1: Premature end of file.
2026-05-14 13:23:57,140 [ERROR] LogOutputStream:75 - [STDERR_REDIRECT] 
2026-05-14 13:23:58,141 [ERROR] LogOutputStream:75 - [STDERR_REDIRECT] [Fatal Error] :1:1: Premature end of file.
2026-05-14 13:23:58,141 [ERROR] LogOutputStream:75 - [STDERR_REDIRECT] 
2026-05-14 13:23:59,136 [ERROR] LogOutputStream:75 - [STDERR_REDIRECT] [Fatal Error] :1:1: Premature end of file.
2026-05-14 13:23:59,136 [ERROR] LogOutputStream:75 - [STDERR_REDIRECT] 
2026-05-14 13:24:00,116 [ERROR] LogOutputStream:75 - [STDERR_REDIRECT] [Fatal Error] :1:1: Premature end of file.
2026-05-14 13:24:00,116 [ERROR] LogOutputStream:75 - [STDERR_REDIRECT] 
2026-05-14 13:24:01,133 [ERROR] LogOutputStream:75 - [STDERR_REDIRECT] [Fatal Error] :1:1: Premature end of file.
2026-05-14 13:24:01,133 [ERROR] LogOutputStream:75 - [STDERR_REDIRECT] 
2026-05-14 13:24:02,126 [ERROR] LogOutputStream:75 - [STDERR_REDIRECT] [Fatal Error] :1:1: Premature end of file.
2026-05-14 13:24:02,126 [ERROR] LogOutputStream:75 - [STDERR_REDIRECT] 
2026-05-14 13:24:03,128 [ERROR] LogOutputStream:75 - [STDERR_REDIRECT] [Fatal Error] :1:1: Premature end of file.
2026-05-14 13:24:03,128 [ERROR] LogOutputStream:75 - [STDERR_REDIRECT] 
2026-05-14 13:24:04,127 [ERROR] LogOutputStream:75 - [STDERR_REDIRECT] [Fatal Error] :1:1: Premature end of file.
2026-05-14 13:24:04,127 [ERROR] LogOutputStream:75 - [STDERR_REDIRECT] 
2026-05-14 13:24:05,124 [ERROR] LogOutputStream:75 - [STDERR_REDIRECT] [Fatal Error] :1:1: Premature end of file.
2026-05-14 13:24:05,124 [ERROR] LogOutputStream:75 - [STDERR_REDIRECT] 
2026-05-14 13:24:06,125 [ERROR] LogOutputStream:75 - [STDERR_REDIRECT] [Fatal Error] :1:1: Premature end of file.
2026-05-14 13:24:06,125 [ERROR] LogOutputStream:75 - [STDERR_REDIRECT] 
2026-05-14 13:24:07,132 [ERROR] LogOutputStream:75 - [STDERR_REDIRECT] [Fatal Error] :1:1: Premature end of file.
2026-05-14 13:24:07,132 [ERROR] LogOutputStream:75 - [STDERR_REDIRECT] 
2026-05-14 13:24:08,128 [ERROR] LogOutputStream:75 - [STDERR_REDIRECT] [Fatal Error] :1:1: Premature end of file.
2026-05-14 13:24:08,129 [ERROR] LogOutputStream:75 - [STDERR_REDIRECT] 
2026-05-14 13:24:09,128 [ERROR] LogOutputStream:75 - [STDERR_REDIRECT] [Fatal Error] :1:1: Premature end of file.
2026-05-14 13:24:09,128 [ERROR] LogOutputStream:75 - [STDERR_REDIRECT] 
2026-05-14 13:24:10,125 [ERROR] LogOutputStream:75 - [STDERR_REDIRECT] [Fatal Error] :1:1: Premature end of file.
2026-05-14 13:24:10,125 [ERROR] LogOutputStream:75 - [STDERR_REDIRECT] 
2026-05-14 13:24:11,124 [ERROR] LogOutputStream:75 - [STDERR_REDIRECT] [Fatal Error] :1:1: Premature end of file.
2026-05-14 13:24:11,124 [ERROR] LogOutputStream:75 - [STDERR_REDIRECT] 
2026-05-14 13:24:12,130 [ERROR] LogOutputStream:75 - [STDERR_REDIRECT] [Fatal Error] :1:1: Premature end of file.
2026-05-14 13:24:12,131 [ERROR] LogOutputStream:75 - [STDERR_REDIRECT] 
2026-05-14 13:24:13,133 [ERROR] LogOutputStream:75 - [STDERR_REDIRECT] [Fatal Error] :1:1: Premature end of file.
2026-05-14 13:24:13,133 [ERROR] LogOutputStream:75 - [STDERR_REDIRECT] 
2026-05-14 13:24:14,133 [ERROR] LogOutputStream:75 - [STDERR_REDIRECT] [Fatal Error] :1:1: Premature end of file.
2026-05-14 13:24:14,133 [ERROR] LogOutputStream:75 - [STDERR_REDIRECT] 
2026-05-14 13:24:15,128 [ERROR] LogOutputStream:75 - [STDERR_REDIRECT] [Fatal Error] :1:1: Premature end of file.
2026-05-14 13:24:15,129 [ERROR] LogOutputStream:75 - [STDERR_REDIRECT] 
2026-05-14 13:24:16,126 [ERROR] LogOutputStream:75 - [STDERR_REDIRECT] [Fatal Error] :1:1: Premature end of file.
2026-05-14 13:24:16,126 [ERROR] LogOutputStream:75 - [STDERR_REDIRECT] 
2026-05-14 13:24:17,126 [ERROR] LogOutputStream:75 - [STDERR_REDIRECT] [Fatal Error] :1:1: Premature end of file.
2026-05-14 13:24:17,127 [ERROR] LogOutputStream:75 - [STDERR_REDIRECT] 
2026-05-14 13:24:18,127 [ERROR] LogOutputStream:75 - [STDERR_REDIRECT] [Fatal Error] :1:1: Premature end of file.
2026-05-14 13:24:18,127 [ERROR] LogOutputStream:75 - [STDERR_REDIRECT] 
2026-05-14 13:24:19,129 [ERROR] LogOutputStream:75 - [STDERR_REDIRECT] [Fatal Error] :1:1: Premature end of file.
2026-05-14 13:24:19,129 [ERROR] LogOutputStream:75 - [STDERR_REDIRECT] 
2026-05-14 13:24:20,126 [ERROR] LogOutputStream:75 - [STDERR_REDIRECT] [Fatal Error] :1:1: Premature end of file.
2026-05-14 13:24:20,126 [ERROR] LogOutputStream:75 - [STDERR_REDIRECT] 
2026-05-14 13:24:21,129 [ERROR] LogOutputStream:75 - [STDERR_REDIRECT] [Fatal Error] :1:1: Premature end of file.
2026-05-14 13:24:21,129 [ERROR] LogOutputStream:75 - [STDERR_REDIRECT] 
2026-05-14 13:24:22,127 [ERROR] LogOutputStream:75 - [STDERR_REDIRECT] [Fatal Error] :1:1: Premature end of file.
2026-05-14 13:24:22,128 [ERROR] LogOutputStream:75 - [STDERR_REDIRECT] 
2026-05-14 13:24:23,131 [ERROR] LogOutputStream:75 - [STDERR_REDIRECT] [Fatal Error] :1:1: Premature end of file.
2026-05-14 13:24:23,131 [ERROR] LogOutputStream:75 - [STDERR_REDIRECT] 
2026-05-14 13:24:24,133 [ERROR] LogOutputStream:75 - [STDERR_REDIRECT] [Fatal Error] :1:1: Premature end of file.
2026-05-14 13:24:24,133 [ERROR] LogOutputStream:75 - [STDERR_REDIRECT] 
2026-05-14 13:24:25,129 [ERROR] LogOutputStream:75 - [STDERR_REDIRECT] [Fatal Error] :1:1: Premature end of file.
2026-05-14 13:24:25,130 [ERROR] LogOutputStream:75 - [STDERR_REDIRECT] 
2026-05-14 13:24:25,564 [INFO] WebApp:194 - Connection lost
2026-05-14 13:24:25,749 [INFO] WebApp:191 - Connection restablished
2026-05-14 13:24:26,128 [ERROR] LogOutputStream:75 - [STDERR_REDIRECT] [Fatal Error] :1:1: Premature end of file.
2026-05-14 13:24:26,128 [ERROR] LogOutputStream:75 - [STDERR_REDIRECT] 
2026-05-14 13:24:27,127 [ERROR] LogOutputStream:75 - [STDERR_REDIRECT] [Fatal Error] :1:1: Premature end of file.
2026-05-14 13:24:27,127 [ERROR] LogOutputStream:75 - [STDERR_REDIRECT] 
2026-05-14 13:24:28,131 [ERROR] LogOutputStream:75 - [STDERR_REDIRECT] [Fatal Error] :1:1: Premature end of file.
2026-05-14 13:24:28,131 [ERROR] LogOutputStream:75 - [STDERR_REDIRECT] 
2026-05-14 13:24:29,125 [ERROR] LogOutputStream:75 - [STDERR_REDIRECT] [Fatal Error] :1:1: Premature end of file.
2026-05-14 13:24:29,125 [ERROR] LogOutputStream:75 - [STDERR_REDIRECT] 
2026-05-14 13:24:30,134 [ERROR] LogOutputStream:75 - [STDERR_REDIRECT] [Fatal Error] :1:1: Premature end of file.
2026-05-14 13:24:30,134 [ERROR] LogOutputStream:75 - [STDERR_REDIRECT] 
2026-05-14 13:24:31,047 [INFO] WebApp:194 - Connection lost
2026-05-14 13:24:31,128 [ERROR] LogOutputStream:75 - [STDERR_REDIRECT] [Fatal Error] :1:1: Premature end of file.
2026-05-14 13:24:31,128 [ERROR] LogOutputStream:75 - [STDERR_REDIRECT] 
2026-05-14 13:24:31,212 [INFO] WebApp:191 - Connection restablished
2026-05-14 13:24:32,127 [ERROR] LogOutputStream:75 - [STDERR_REDIRECT] [Fatal Error] :1:1: Premature end of file.
2026-05-14 13:24:32,127 [ERROR] LogOutputStream:75 - [STDERR_REDIRECT] 
2026-05-14 13:24:33,126 [ERROR] LogOutputStream:75 - [STDERR_REDIRECT] [Fatal Error] :1:1: Premature end of file.
2026-05-14 13:24:33,126 [ERROR] LogOutputStream:75 - [STDERR_REDIRECT] 
2026-05-14 13:24:34,126 [ERROR] LogOutputStream:75 - [STDERR_REDIRECT] [Fatal Error] :1:1: Premature end of file.
2026-05-14 13:24:34,127 [ERROR] LogOutputStream:75 - [STDERR_REDIRECT] 
2026-05-14 13:24:35,127 [ERROR] LogOutputStream:75 - [STDERR_REDIRECT] [Fatal Error] :1:1: Premature end of file.
2026-05-14 13:24:35,127 [ERROR] LogOutputStream:75 - [STDERR_REDIRECT] 
2026-05-14 13:24:36,129 [ERROR] LogOutputStream:75 - [STDERR_REDIRECT] [Fatal Error] :1:1: Premature end of file.
2026-05-14 13:24:36,129 [ERROR] LogOutputStream:75 - [STDERR_REDIRECT] 
2026-05-14 13:24:37,126 [ERROR] LogOutputStream:75 - [STDERR_REDIRECT] [Fatal Error] :1:1: Premature end of file.
2026-05-14 13:24:37,126 [ERROR] LogOutputStream:75 - [STDERR_REDIRECT] 
2026-05-14 13:24:38,128 [ERROR] LogOutputStream:75 - [STDERR_REDIRECT] [Fatal Error] :1:1: Premature end of file.
2026-05-14 13:24:38,128 [ERROR] LogOutputStream:75 - [STDERR_REDIRECT] 
2026-05-14 13:24:39,127 [ERROR] LogOutputStream:75 - [STDERR_REDIRECT] [Fatal Error] :1:1: Premature end of file.
2026-05-14 13:24:39,127 [ERROR] LogOutputStream:75 - [STDERR_REDIRECT] 
2026-05-14 13:24:40,126 [ERROR] LogOutputStream:75 - [STDERR_REDIRECT] [Fatal Error] :1:1: Premature end of file.
2026-05-14 13:24:40,126 [ERROR] LogOutputStream:75 - [STDERR_REDIRECT] 
2026-05-14 13:24:41,128 [ERROR] LogOutputStream:75 - [STDERR_REDIRECT] [Fatal Error] :1:1: Premature end of file.
2026-05-14 13:24:41,128 [ERROR] LogOutputStream:75 - [STDERR_REDIRECT] 
2026-05-14 13:24:42,126 [ERROR] LogOutputStream:75 - [STDERR_REDIRECT] [Fatal Error] :1:1: Premature end of file.
2026-05-14 13:24:42,126 [ERROR] LogOutputStream:75 - [STDERR_REDIRECT] 
2026-05-14 13:24:43,127 [ERROR] LogOutputStream:75 - [STDERR_REDIRECT] [Fatal Error] :1:1: Premature end of file.
2026-05-14 13:24:43,127 [ERROR] LogOutputStream:75 - [STDERR_REDIRECT] 
2026-05-14 13:24:44,131 [ERROR] LogOutputStream:75 - [STDERR_REDIRECT] [Fatal Error] :1:1: Premature end of file.
2026-05-14 13:24:44,131 [ERROR] LogOutputStream:75 - [STDERR_REDIRECT] 
2026-05-14 13:24:45,129 [ERROR] LogOutputStream:75 - [STDERR_REDIRECT] [Fatal Error] :1:1: Premature end of file.
2026-05-14 13:24:45,130 [ERROR] LogOutputStream:75 - [STDERR_REDIRECT] 
2026-05-14 13:24:46,125 [ERROR] LogOutputStream:75 - [STDERR_REDIRECT] [Fatal Error] :1:1: Premature end of file.
2026-05-14 13:24:46,125 [ERROR] LogOutputStream:75 - [STDERR_REDIRECT] 
2026-05-14 13:24:47,129 [ERROR] LogOutputStream:75 - [STDERR_REDIRECT] [Fatal Error] :1:1: Premature end of file.
2026-05-14 13:24:47,129 [ERROR] LogOutputStream:75 - [STDERR_REDIRECT] 
2026-05-14 13:24:48,128 [ERROR] LogOutputStream:75 - [STDERR_REDIRECT] [Fatal Error] :1:1: Premature end of file.
2026-05-14 13:24:48,129 [ERROR] LogOutputStream:75 - [STDERR_REDIRECT] 
2026-05-14 13:24:49,128 [ERROR] LogOutputStream:75 - [STDERR_REDIRECT] [Fatal Error] :1:1: Premature end of file.
2026-05-14 13:24:49,128 [ERROR] LogOutputStream:75 - [STDERR_REDIRECT] 
2026-05-14 13:24:50,127 [ERROR] LogOutputStream:75 - [STDERR_REDIRECT] [Fatal Error] :1:1: Premature end of file.
2026-05-14 13:24:50,127 [ERROR] LogOutputStream:75 - [STDERR_REDIRECT] 
2026-05-14 13:24:51,126 [ERROR] LogOutputStream:75 - [STDERR_REDIRECT] [Fatal Error] :1:1: Premature end of file.
2026-05-14 13:24:51,126 [ERROR] LogOutputStream:75 - [STDERR_REDIRECT] 
2026-05-14 13:24:52,137 [ERROR] LogOutputStream:75 - [STDERR_REDIRECT] [Fatal Error] :1:1: Premature end of file.
2026-05-14 13:24:52,138 [ERROR] LogOutputStream:75 - [STDERR_REDIRECT] 
2026-05-14 13:24:53,130 [ERROR] LogOutputStream:75 - [STDERR_REDIRECT] [Fatal Error] :1:1: Premature end of file.
2026-05-14 13:24:53,130 [ERROR] LogOutputStream:75 - [STDERR_REDIRECT] 
2026-05-14 13:24:54,129 [ERROR] LogOutputStream:75 - [STDERR_REDIRECT] [Fatal Error] :1:1: Premature end of file.
2026-05-14 13:24:54,129 [ERROR] LogOutputStream:75 - [STDERR_REDIRECT] 
2026-05-14 13:24:55,129 [ERROR] LogOutputStream:75 - [STDERR_REDIRECT] [Fatal Error] :1:1: Premature end of file.
2026-05-14 13:24:55,129 [ERROR] LogOutputStream:75 - [STDERR_REDIRECT] 
2026-05-14 13:24:56,126 [ERROR] LogOutputStream:75 - [STDERR_REDIRECT] [Fatal Error] :1:1: Premature end of file.
2026-05-14 13:24:56,126 [ERROR] LogOutputStream:75 - [STDERR_REDIRECT] 
2026-05-14 13:24:57,125 [ERROR] LogOutputStream:75 - [STDERR_REDIRECT] [Fatal Error] :1:1: Premature end of file.
2026-05-14 13:24:57,125 [ERROR] LogOutputStream:75 - [STDERR_REDIRECT] 
2026-05-14 13:24:58,127 [ERROR] LogOutputStream:75 - [STDERR_REDIRECT] [Fatal Error] :1:1: Premature end of file.
2026-05-14 13:24:58,127 [ERROR] LogOutputStream:75 - [STDERR_REDIRECT] 
2026-05-14 13:24:59,125 [ERROR] LogOutputStream:75 - [STDERR_REDIRECT] [Fatal Error] :1:1: Premature end of file.
2026-05-14 13:24:59,125 [ERROR] LogOutputStream:75 - [STDERR_REDIRECT] 
2026-05-14 13:25:00,135 [ERROR] LogOutputStream:75 - [STDERR_REDIRECT] [Fatal Error] :1:1: Premature end of file.
2026-05-14 13:25:00,135 [ERROR] LogOutputStream:75 - [STDERR_REDIRECT] 
2026-05-14 13:25:01,130 [ERROR] LogOutputStream:75 - [STDERR_REDIRECT] [Fatal Error] :1:1: Premature end of file.
2026-05-14 13:25:01,130 [ERROR] LogOutputStream:75 - [STDERR_REDIRECT] 
2026-05-14 13:25:02,126 [ERROR] LogOutputStream:75 - [STDERR_REDIRECT] [Fatal Error] :1:1: Premature end of file.
2026-05-14 13:25:02,126 [ERROR] LogOutputStream:75 - [STDERR_REDIRECT] 
2026-05-14 13:25:03,128 [ERROR] LogOutputStream:75 - [STDERR_REDIRECT] [Fatal Error] :1:1: Premature end of file.
2026-05-14 13:25:03,128 [ERROR] LogOutputStream:75 - [STDERR_REDIRECT] 
2026-05-14 13:25:04,129 [ERROR] LogOutputStream:75 - [STDERR_REDIRECT] [Fatal Error] :1:1: Premature end of file.
2026-05-14 13:25:04,129 [ERROR] LogOutputStream:75 - [STDERR_REDIRECT] 
2026-05-14 13:25:05,139 [ERROR] LogOutputStream:75 - [STDERR_REDIRECT] [Fatal Error] :1:1: Premature end of file.
2026-05-14 13:25:05,139 [ERROR] LogOutputStream:75 - [STDERR_REDIRECT] 
2026-05-14 13:25:06,139 [ERROR] LogOutputStream:75 - [STDERR_REDIRECT] [Fatal Error] :1:1: Premature end of file.
2026-05-14 13:25:06,139 [ERROR] LogOutputStream:75 - [STDERR_REDIRECT] 
2026-05-14 13:25:07,139 [ERROR] LogOutputStream:75 - [STDERR_REDIRECT] [Fatal Error] :1:1: Premature end of file.
2026-05-14 13:25:07,139 [ERROR] LogOutputStream:75 - [STDERR_REDIRECT] 
2026-05-14 13:25:08,133 [ERROR] LogOutputStream:75 - [STDERR_REDIRECT] [Fatal Error] :1:1: Premature end of file.
2026-05-14 13:25:08,134 [ERROR] LogOutputStream:75 - [STDERR_REDIRECT] 
2026-05-14 13:25:09,159 [ERROR] LogOutputStream:75 - [STDERR_REDIRECT] [Fatal Error] :1:1: Premature end of file.
2026-05-14 13:25:09,159 [ERROR] LogOutputStream:75 - [STDERR_REDIRECT] 
2026-05-14 13:25:10,132 [ERROR] LogOutputStream:75 - [STDERR_REDIRECT] [Fatal Error] :1:1: Premature end of file.
2026-05-14 13:25:10,132 [ERROR] LogOutputStream:75 - [STDERR_REDIRECT] 
2026-05-14 13:25:11,133 [ERROR] LogOutputStream:75 - [STDERR_REDIRECT] [Fatal Error] :1:1: Premature end of file.
2026-05-14 13:25:11,133 [ERROR] LogOutputStream:75 - [STDERR_REDIRECT] 
2026-05-14 13:25:12,148 [ERROR] LogOutputStream:75 - [STDERR_REDIRECT] [Fatal Error] :1:1: Premature end of file.
2026-05-14 13:25:12,148 [ERROR] LogOutputStream:75 - [STDERR_REDIRECT] 
2026-05-14 13:25:13,144 [ERROR] LogOutputStream:75 - [STDERR_REDIRECT] [Fatal Error] :1:1: Premature end of file.
2026-05-14 13:25:13,144 [ERROR] LogOutputStream:75 - [STDERR_REDIRECT] 
2026-05-14 13:25:14,127 [ERROR] LogOutputStream:75 - [STDERR_REDIRECT] [Fatal Error] :1:1: Premature end of file.
2026-05-14 13:25:14,127 [ERROR] LogOutputStream:75 - [STDERR_REDIRECT] 
2026-05-14 13:25:15,124 [ERROR] LogOutputStream:75 - [STDERR_REDIRECT] [Fatal Error] :1:1: Premature end of file.
2026-05-14 13:25:15,124 [ERROR] LogOutputStream:75 - [STDERR_REDIRECT] 
2026-05-14 13:25:16,129 [ERROR] LogOutputStream:75 - [STDERR_REDIRECT] [Fatal Error] :1:1: Premature end of file.
2026-05-14 13:25:16,129 [ERROR] LogOutputStream:75 - [STDERR_REDIRECT] 
2026-05-14 13:25:17,123 [ERROR] LogOutputStream:75 - [STDERR_REDIRECT] [Fatal Error] :1:1: Premature end of file.
2026-05-14 13:25:17,126 [ERROR] LogOutputStream:75 - [STDERR_REDIRECT] 
2026-05-14 13:25:18,124 [ERROR] LogOutputStream:75 - [STDERR_REDIRECT] [Fatal Error] :1:1: Premature end of file.
2026-05-14 13:25:18,124 [ERROR] LogOutputStream:75 - [STDERR_REDIRECT] 
2026-05-14 13:25:19,127 [ERROR] LogOutputStream:75 - [STDERR_REDIRECT] [Fatal Error] :1:1: Premature end of file.
2026-05-14 13:25:19,127 [ERROR] LogOutputStream:75 - [STDERR_REDIRECT] 
2026-05-14 13:25:20,125 [ERROR] LogOutputStream:75 - [STDERR_REDIRECT] [Fatal Error] :1:1: Premature end of file.
2026-05-14 13:25:20,126 [ERROR] LogOutputStream:75 - [STDERR_REDIRECT] 
2026-05-14 13:25:21,129 [ERROR] LogOutputStream:75 - [STDERR_REDIRECT] [Fatal Error] :1:1: Premature end of file.
2026-05-14 13:25:21,129 [ERROR] LogOutputStream:75 - [STDERR_REDIRECT] 
2026-05-14 13:25:22,129 [ERROR] LogOutputStream:75 - [STDERR_REDIRECT] [Fatal Error] :1:1: Premature end of file.
2026-05-14 13:25:22,129 [ERROR] LogOutputStream:75 - [STDERR_REDIRECT] 
2026-05-14 13:25:23,128 [ERROR] LogOutputStream:75 - [STDERR_REDIRECT] [Fatal Error] :1:1: Premature end of file.
2026-05-14 13:25:23,128 [ERROR] LogOutputStream:75 - [STDERR_REDIRECT] 
2026-05-14 13:25:24,127 [ERROR] LogOutputStream:75 - [STDERR_REDIRECT] [Fatal Error] :1:1: Premature end of file.
2026-05-14 13:25:24,127 [ERROR] LogOutputStream:75 - [STDERR_REDIRECT] 
2026-05-14 13:25:25,133 [ERROR] LogOutputStream:75 - [STDERR_REDIRECT] [Fatal Error] :1:1: Premature end of file.
2026-05-14 13:25:25,133 [ERROR] LogOutputStream:75 - [STDERR_REDIRECT] 
2026-05-14 13:25:26,133 [ERROR] LogOutputStream:75 - [STDERR_REDIRECT] [Fatal Error] :1:1: Premature end of file.
2026-05-14 13:25:26,133 [ERROR] LogOutputStream:75 - [STDERR_REDIRECT] 
2026-05-14 13:25:27,133 [ERROR] LogOutputStream:75 - [STDERR_REDIRECT] [Fatal Error] :1:1: Premature end of file.
2026-05-14 13:25:27,133 [ERROR] LogOutputStream:75 - [STDERR_REDIRECT] 
2026-05-14 13:25:28,128 [ERROR] LogOutputStream:75 - [STDERR_REDIRECT] [Fatal Error] :1:1: Premature end of file.
2026-05-14 13:25:28,129 [ERROR] LogOutputStream:75 - [STDERR_REDIRECT] 
2026-05-14 13:25:29,137 [ERROR] LogOutputStream:75 - [STDERR_REDIRECT] [Fatal Error] :1:1: Premature end of file.
2026-05-14 13:25:29,137 [ERROR] LogOutputStream:75 - [STDERR_REDIRECT] 
2026-05-14 13:25:30,133 [ERROR] LogOutputStream:75 - [STDERR_REDIRECT] [Fatal Error] :1:1: Premature end of file.
2026-05-14 13:25:30,135 [ERROR] LogOutputStream:75 - [STDERR_REDIRECT] 
2026-05-14 13:25:31,130 [ERROR] LogOutputStream:75 - [STDERR_REDIRECT] [Fatal Error] :1:1: Premature end of file.
2026-05-14 13:25:31,131 [ERROR] LogOutputStream:75 - [STDERR_REDIRECT] 
2026-05-14 13:25:32,134 [ERROR] LogOutputStream:75 - [STDERR_REDIRECT] [Fatal Error] :1:1: Premature end of file.
2026-05-14 13:25:32,134 [ERROR] LogOutputStream:75 - [STDERR_REDIRECT] 
2026-05-14 13:25:33,131 [ERROR] LogOutputStream:75 - [STDERR_REDIRECT] [Fatal Error] :1:1: Premature end of file.
2026-05-14 13:25:33,131 [ERROR] LogOutputStream:75 - [STDERR_REDIRECT] 
2026-05-14 13:25:34,133 [ERROR] LogOutputStream:75 - [STDERR_REDIRECT] [Fatal Error] :1:1: Premature end of file.
2026-05-14 13:25:34,134 [ERROR] LogOutputStream:75 - [STDERR_REDIRECT] 
2026-05-14 13:25:35,127 [ERROR] LogOutputStream:75 - [STDERR_REDIRECT] [Fatal Error] :1:1: Premature end of file.
2026-05-14 13:25:35,127 [ERROR] LogOutputStream:75 - [STDERR_REDIRECT] 
2026-05-14 13:25:36,129 [ERROR] LogOutputStream:75 - [STDERR_REDIRECT] [Fatal Error] :1:1: Premature end of file.
2026-05-14 13:25:36,129 [ERROR] LogOutputStream:75 - [STDERR_REDIRECT] 
2026-05-14 13:25:37,128 [ERROR] LogOutputStream:75 - [STDERR_REDIRECT] [Fatal Error] :1:1: Premature end of file.
2026-05-14 13:25:37,128 [ERROR] LogOutputStream:75 - [STDERR_REDIRECT] 
2026-05-14 13:25:38,132 [ERROR] LogOutputStream:75 - [STDERR_REDIRECT] [Fatal Error] :1:1: Premature end of file.
2026-05-14 13:25:38,132 [ERROR] LogOutputStream:75 - [STDERR_REDIRECT] 
2026-05-14 13:25:39,130 [ERROR] LogOutputStream:75 - [STDERR_REDIRECT] [Fatal Error] :1:1: Premature end of file.
2026-05-14 13:25:39,130 [ERROR] LogOutputStream:75 - [STDERR_REDIRECT] 
2026-05-14 13:25:40,128 [ERROR] LogOutputStream:75 - [STDERR_REDIRECT] [Fatal Error] :1:1: Premature end of file.
2026-05-14 13:25:40,128 [ERROR] LogOutputStream:75 - [STDERR_REDIRECT] 
2026-05-14 13:25:41,128 [ERROR] LogOutputStream:75 - [STDERR_REDIRECT] [Fatal Error] :1:1: Premature end of file.
2026-05-14 13:25:41,128 [ERROR] LogOutputStream:75 - [STDERR_REDIRECT] 
2026-05-14 13:25:42,133 [ERROR] LogOutputStream:75 - [STDERR_REDIRECT] [Fatal Error] :1:1: Premature end of file.
2026-05-14 13:25:42,135 [ERROR] LogOutputStream:75 - [STDERR_REDIRECT] 
2026-05-14 13:25:43,133 [ERROR] LogOutputStream:75 - [STDERR_REDIRECT] [Fatal Error] :1:1: Premature end of file.
2026-05-14 13:25:43,133 [ERROR] LogOutputStream:75 - [STDERR_REDIRECT] 
2026-05-14 13:25:44,130 [ERROR] LogOutputStream:75 - [STDERR_REDIRECT] [Fatal Error] :1:1: Premature end of file.
2026-05-14 13:25:44,130 [ERROR] LogOutputStream:75 - [STDERR_REDIRECT] 
2026-05-14 13:25:45,134 [ERROR] LogOutputStream:75 - [STDERR_REDIRECT] [Fatal Error] :1:1: Premature end of file.
2026-05-14 13:25:45,134 [ERROR] LogOutputStream:75 - [STDERR_REDIRECT] 
2026-05-14 13:25:46,129 [ERROR] LogOutputStream:75 - [STDERR_REDIRECT] [Fatal Error] :1:1: Premature end of file.
2026-05-14 13:25:46,131 [ERROR] LogOutputStream:75 - [STDERR_REDIRECT] 
2026-05-14 13:25:47,128 [ERROR] LogOutputStream:75 - [STDERR_REDIRECT] [Fatal Error] :1:1: Premature end of file.
2026-05-14 13:25:47,128 [ERROR] LogOutputStream:75 - [STDERR_REDIRECT] 
2026-05-14 13:25:48,131 [ERROR] LogOutputStream:75 - [STDERR_REDIRECT] [Fatal Error] :1:1: Premature end of file.
2026-05-14 13:25:48,131 [ERROR] LogOutputStream:75 - [STDERR_REDIRECT] 
2026-05-14 13:25:49,129 [ERROR] LogOutputStream:75 - [STDERR_REDIRECT] [Fatal Error] :1:1: Premature end of file.
2026-05-14 13:25:49,130 [ERROR] LogOutputStream:75 - [STDERR_REDIRECT] 
2026-05-14 13:25:50,129 [ERROR] LogOutputStream:75 - [STDERR_REDIRECT] [Fatal Error] :1:1: Premature end of file.
2026-05-14 13:25:50,129 [ERROR] LogOutputStream:75 - [STDERR_REDIRECT] 
2026-05-14 13:25:51,126 [ERROR] LogOutputStream:75 - [STDERR_REDIRECT] [Fatal Error] :1:1: Premature end of file.
2026-05-14 13:25:51,126 [ERROR] LogOutputStream:75 - [STDERR_REDIRECT] 
2026-05-14 13:25:52,127 [ERROR] LogOutputStream:75 - [STDERR_REDIRECT] [Fatal Error] :1:1: Premature end of file.
2026-05-14 13:25:52,127 [ERROR] LogOutputStream:75 - [STDERR_REDIRECT] 
2026-05-14 13:25:53,125 [ERROR] LogOutputStream:75 - [STDERR_REDIRECT] [Fatal Error] :1:1: Premature end of file.
2026-05-14 13:25:53,125 [ERROR] LogOutputStream:75 - [STDERR_REDIRECT] 
2026-05-14 13:25:54,127 [ERROR] LogOutputStream:75 - [STDERR_REDIRECT] [Fatal Error] :1:1: Premature end of file.
2026-05-14 13:25:54,127 [ERROR] LogOutputStream:75 - [STDERR_REDIRECT] 
2026-05-14 13:25:55,129 [ERROR] LogOutputStream:75 - [STDERR_REDIRECT] [Fatal Error] :1:1: Premature end of file.
2026-05-14 13:25:55,129 [ERROR] LogOutputStream:75 - [STDERR_REDIRECT] 
2026-05-14 13:25:56,130 [ERROR] LogOutputStream:75 - [STDERR_REDIRECT] [Fatal Error] :1:1: Premature end of file.
2026-05-14 13:25:56,130 [ERROR] LogOutputStream:75 - [STDERR_REDIRECT] 
2026-05-14 13:25:57,130 [ERROR] LogOutputStream:75 - [STDERR_REDIRECT] [Fatal Error] :1:1: Premature end of file.
2026-05-14 13:25:57,130 [ERROR] LogOutputStream:75 - [STDERR_REDIRECT] 
2026-05-14 13:25:58,128 [ERROR] LogOutputStream:75 - [STDERR_REDIRECT] [Fatal Error] :1:1: Premature end of file.
2026-05-14 13:25:58,128 [ERROR] LogOutputStream:75 - [STDERR_REDIRECT] 
2026-05-14 13:25:59,127 [ERROR] LogOutputStream:75 - [STDERR_REDIRECT] [Fatal Error] :1:1: Premature end of file.
2026-05-14 13:25:59,127 [ERROR] LogOutputStream:75 - [STDERR_REDIRECT] 
2026-05-14 13:26:00,129 [ERROR] LogOutputStream:75 - [STDERR_REDIRECT] [Fatal Error] :1:1: Premature end of file.
2026-05-14 13:26:00,130 [ERROR] LogOutputStream:75 - [STDERR_REDIRECT] 
2026-05-14 13:26:01,130 [ERROR] LogOutputStream:75 - [STDERR_REDIRECT] [Fatal Error] :1:1: Premature end of file.
2026-05-14 13:26:01,130 [ERROR] LogOutputStream:75 - [STDERR_REDIRECT] 
2026-05-14 13:26:02,125 [ERROR] LogOutputStream:75 - [STDERR_REDIRECT] [Fatal Error] :1:1: Premature end of file.
2026-05-14 13:26:02,125 [ERROR] LogOutputStream:75 - [STDERR_REDIRECT] 
2026-05-14 13:26:03,128 [ERROR] LogOutputStream:75 - [STDERR_REDIRECT] [Fatal Error] :1:1: Premature end of file.
2026-05-14 13:26:03,128 [ERROR] LogOutputStream:75 - [STDERR_REDIRECT] 
2026-05-14 13:26:04,129 [ERROR] LogOutputStream:75 - [STDERR_REDIRECT] [Fatal Error] :1:1: Premature end of file.
2026-05-14 13:26:04,129 [ERROR] LogOutputStream:75 - [STDERR_REDIRECT] 
2026-05-14 13:26:05,130 [ERROR] LogOutputStream:75 - [STDERR_REDIRECT] [Fatal Error] :1:1: Premature end of file.
2026-05-14 13:26:05,130 [ERROR] LogOutputStream:75 - [STDERR_REDIRECT] 
2026-05-14 13:26:06,129 [ERROR] LogOutputStream:75 - [STDERR_REDIRECT] [Fatal Error] :1:1: Premature end of file.
2026-05-14 13:26:06,129 [ERROR] LogOutputStream:75 - [STDERR_REDIRECT] 
2026-05-14 13:26:07,128 [ERROR] LogOutputStream:75 - [STDERR_REDIRECT] [Fatal Error] :1:1: Premature end of file.
2026-05-14 13:26:07,128 [ERROR] LogOutputStream:75 - [STDERR_REDIRECT] 
2026-05-14 13:26:08,128 [ERROR] LogOutputStream:75 - [STDERR_REDIRECT] [Fatal Error] :1:1: Premature end of file.
2026-05-14 13:26:08,128 [ERROR] LogOutputStream:75 - [STDERR_REDIRECT] 
2026-05-14 13:26:09,130 [ERROR] LogOutputStream:75 - [STDERR_REDIRECT] [Fatal Error] :1:1: Premature end of file.
2026-05-14 13:26:09,130 [ERROR] LogOutputStream:75 - [STDERR_REDIRECT] 
2026-05-14 13:26:10,131 [ERROR] LogOutputStream:75 - [STDERR_REDIRECT] [Fatal Error] :1:1: Premature end of file.
2026-05-14 13:26:10,131 [ERROR] LogOutputStream:75 - [STDERR_REDIRECT] 
2026-05-14 13:26:11,128 [ERROR] LogOutputStream:75 - [STDERR_REDIRECT] [Fatal Error] :1:1: Premature end of file.
2026-05-14 13:26:11,128 [ERROR] LogOutputStream:75 - [STDERR_REDIRECT] 
2026-05-14 13:26:12,131 [ERROR] LogOutputStream:75 - [STDERR_REDIRECT] [Fatal Error] :1:1: Premature end of file.
2026-05-14 13:26:12,131 [ERROR] LogOutputStream:75 - [STDERR_REDIRECT] 
2026-05-14 13:26:13,127 [ERROR] LogOutputStream:75 - [STDERR_REDIRECT] [Fatal Error] :1:1: Premature end of file.
2026-05-14 13:26:13,127 [ERROR] LogOutputStream:75 - [STDERR_REDIRECT] 
2026-05-14 13:26:14,131 [ERROR] LogOutputStream:75 - [STDERR_REDIRECT] [Fatal Error] :1:1: Premature end of file.
2026-05-14 13:26:14,131 [ERROR] LogOutputStream:75 - [STDERR_REDIRECT] 
2026-05-14 13:26:15,128 [ERROR] LogOutputStream:75 - [STDERR_REDIRECT] [Fatal Error] :1:1: Premature end of file.
2026-05-14 13:26:15,128 [ERROR] LogOutputStream:75 - [STDERR_REDIRECT] 
2026-05-14 13:26:16,127 [ERROR] LogOutputStream:75 - [STDERR_REDIRECT] [Fatal Error] :1:1: Premature end of file.
2026-05-14 13:26:16,127 [ERROR] LogOutputStream:75 - [STDERR_REDIRECT] 
2026-05-14 13:26:17,128 [ERROR] LogOutputStream:75 - [STDERR_REDIRECT] [Fatal Error] :1:1: Premature end of file.
2026-05-14 13:26:17,129 [ERROR] LogOutputStream:75 - [STDERR_REDIRECT] 
2026-05-14 13:26:18,130 [ERROR] LogOutputStream:75 - [STDERR_REDIRECT] [Fatal Error] :1:1: Premature end of file.
2026-05-14 13:26:18,130 [ERROR] LogOutputStream:75 - [STDERR_REDIRECT] 
2026-05-14 13:26:19,127 [ERROR] LogOutputStream:75 - [STDERR_REDIRECT] [Fatal Error] :1:1: Premature end of file.
2026-05-14 13:26:19,127 [ERROR] LogOutputStream:75 - [STDERR_REDIRECT] 
2026-05-14 13:26:20,127 [ERROR] LogOutputStream:75 - [STDERR_REDIRECT] [Fatal Error] :1:1: Premature end of file.
2026-05-14 13:26:20,127 [ERROR] LogOutputStream:75 - [STDERR_REDIRECT] 
2026-05-14 13:26:21,128 [ERROR] LogOutputStream:75 - [STDERR_REDIRECT] [Fatal Error] :1:1: Premature end of file.
2026-05-14 13:26:21,128 [ERROR] LogOutputStream:75 - [STDERR_REDIRECT] 
2026-05-14 13:26:22,129 [ERROR] LogOutputStream:75 - [STDERR_REDIRECT] [Fatal Error] :1:1: Premature end of file.
2026-05-14 13:26:22,129 [ERROR] LogOutputStream:75 - [STDERR_REDIRECT] 
2026-05-14 13:26:23,127 [ERROR] LogOutputStream:75 - [STDERR_REDIRECT] [Fatal Error] :1:1: Premature end of file.
2026-05-14 13:26:23,127 [ERROR] LogOutputStream:75 - [STDERR_REDIRECT] 
2026-05-14 13:26:24,127 [ERROR] LogOutputStream:75 - [STDERR_REDIRECT] [Fatal Error] :1:1: Premature end of file.
2026-05-14 13:26:24,127 [ERROR] LogOutputStream:75 - [STDERR_REDIRECT] 
2026-05-14 13:26:25,131 [ERROR] LogOutputStream:75 - [STDERR_REDIRECT] [Fatal Error] :1:1: Premature end of file.
2026-05-14 13:26:25,132 [ERROR] LogOutputStream:75 - [STDERR_REDIRECT] 
2026-05-14 13:26:25,390 [INFO] MainUpdater:2872 - connection check result : 10
2026-05-14 13:26:25,392 [INFO] McuFinderGlobals:76 - Set McuFinderConnectedMode to true
2026-05-14 13:26:25,670 [INFO] ServerAccessManage:452 - Complete download http(s) 200
2026-05-14 13:26:25,670 [INFO] ServerAccessManage:509 - Download File mcusAds.json._tmp_
2026-05-14 13:26:25,793 [INFO] LoadUrlFilesThread:156 - End of LoadUrlFiles Thread
2026-05-14 13:26:25,992 [INFO] ServerAccessManage:452 - Complete download http(s) 200
2026-05-14 13:26:25,992 [INFO] ServerAccessManage:509 - Download File cube-finder-db.zip
2026-05-14 13:26:26,135 [ERROR] LogOutputStream:75 - [STDERR_REDIRECT] [Fatal Error] :1:1: Premature end of file.
2026-05-14 13:26:26,135 [ERROR] LogOutputStream:75 - [STDERR_REDIRECT] 
2026-05-14 13:26:27,132 [ERROR] LogOutputStream:75 - [STDERR_REDIRECT] [Fatal Error] :1:1: Premature end of file.
2026-05-14 13:26:27,132 [ERROR] LogOutputStream:75 - [STDERR_REDIRECT] 
2026-05-14 13:26:28,133 [ERROR] LogOutputStream:75 - [STDERR_REDIRECT] [Fatal Error] :1:1: Premature end of file.
2026-05-14 13:26:28,133 [ERROR] LogOutputStream:75 - [STDERR_REDIRECT] 
2026-05-14 13:26:29,130 [ERROR] LogOutputStream:75 - [STDERR_REDIRECT] [Fatal Error] :1:1: Premature end of file.
2026-05-14 13:26:29,130 [ERROR] LogOutputStream:75 - [STDERR_REDIRECT] 
2026-05-14 13:26:29,855 [INFO] FileExtend:248 - Unzip File : cube-finder-db.zip
2026-05-14 13:26:29,855 [INFO] FileExtend:263 - Standard Zip Deflate
2026-05-14 13:26:30,144 [ERROR] LogOutputStream:75 - [STDERR_REDIRECT] [Fatal Error] :1:1: Premature end of file.
2026-05-14 13:26:30,144 [ERROR] LogOutputStream:75 - [STDERR_REDIRECT] 
2026-05-14 13:26:30,629 [INFO] LoadUrlFilesThread:156 - End of LoadUrlFiles Thread
2026-05-14 13:26:30,935 [INFO] ServerAccessManage:452 - Complete download http(s) 200
2026-05-14 13:26:30,936 [INFO] ServerAccessManage:509 - Download File crdb.zip
2026-05-14 13:26:31,132 [ERROR] LogOutputStream:75 - [STDERR_REDIRECT] [Fatal Error] :1:1: Premature end of file.
2026-05-14 13:26:31,132 [ERROR] LogOutputStream:75 - [STDERR_REDIRECT] 
2026-05-14 13:26:31,208 [INFO] FileExtend:248 - Unzip File : crdb.zip
2026-05-14 13:26:31,208 [INFO] FileExtend:263 - Standard Zip Deflate
2026-05-14 13:26:31,334 [INFO] LoadUrlFilesThread:156 - End of LoadUrlFiles Thread
2026-05-14 13:26:31,468 [INFO] ServerAccessManage:452 - Complete download http(s) 200
2026-05-14 13:26:31,469 [INFO] ServerAccessManage:509 - Download File tutoVideoDB.zip
2026-05-14 13:26:31,599 [INFO] FileExtend:248 - Unzip File : tutoVideoDB.zip
2026-05-14 13:26:31,599 [INFO] FileExtend:263 - Standard Zip Deflate
2026-05-14 13:26:31,716 [INFO] LoadUrlFilesThread:156 - End of LoadUrlFiles Thread
2026-05-14 13:26:31,718 [WARN] DbFile:41 - Overriding database path with different value: C:\Users\justa\.stmcufinder\plugins\mcufinder/ => C:\Users\justa\.stmcufinder\plugins\mcufinder
2026-05-14 13:26:31,922 [ERROR] ServerAccessManage:1212 - Problem, file not found on Server
2026-05-14 13:26:31,922 [ERROR] ServerAccessManage:740 - Problem, file not found on Server : api_config.json.
2026-05-14 13:26:32,135 [ERROR] LogOutputStream:75 - [STDERR_REDIRECT] [Fatal Error] :1:1: Premature end of file.
2026-05-14 13:26:32,135 [ERROR] LogOutputStream:75 - [STDERR_REDIRECT] 
2026-05-14 13:26:33,131 [ERROR] LogOutputStream:75 - [STDERR_REDIRECT] [Fatal Error] :1:1: Premature end of file.
2026-05-14 13:26:33,131 [ERROR] LogOutputStream:75 - [STDERR_REDIRECT] 
2026-05-14 13:26:34,047 [INFO] LoadUrlFilesThread:156 - End of LoadUrlFiles Thread
2026-05-14 13:26:34,137 [ERROR] LogOutputStream:75 - [STDERR_REDIRECT] [Fatal Error] :1:1: Premature end of file.
2026-05-14 13:26:34,137 [ERROR] LogOutputStream:75 - [STDERR_REDIRECT] 
2026-05-14 13:26:34,931 [INFO] DbMcusAds:53 - JSON generation date=Mon Apr 27 11:14:29 EEST 2026 (1777277669577)
2026-05-14 13:26:34,936 [INFO] ApiDb:448 - Save user favorites file C:\Users\justa/.stm32cubeide/favorites.mcus.txt: 1 item(s)
2026-05-14 13:26:34,937 [INFO] ApiDb:452 - User favorites MCUs=[STM32F407VGT6]
2026-05-14 13:26:34,938 [INFO] ApiDb:581 - Connected to CubeFinder SQLite database (C:\Users\justa\.stmcufinder\plugins\mcufinder\mcu\cube-finder-db.db)
2026-05-14 13:26:35,049 [INFO] ApiDb:668 - CubeFinder database Data Model version=2.1
2026-05-14 13:26:35,049 [INFO] ApiDb:669 - CubeFinder database Configuration version=3.0.42
2026-05-14 13:26:35,049 [INFO] ApiDb:670 - CubeFinder database generation date=2026-05-06 (1778060171)
2026-05-14 13:26:35,049 [INFO] ApiDb:671 - CubeFinder database FW Pack versions=[FP-ATR-ASTRA1_V2.0.0, FP-SNS-FLIGHT1_V5.1.0, FP-SNS-MOTENV1_V5.1.0, FP-SNS-MOTENVWB1_V1.5.0, FP-SNS-SMARTAG2_V1.2.0, FP-SNS-STBOX1_V2.1.0, STM32Cube_FW_C0_V1.4.0, STM32Cube_FW_F4_V1.28.3, STM32Cube_FW_F7_V1.17.4, STM32Cube_FW_G0_V1.6.3, STM32Cube_FW_G4_V1.6.2, STM32Cube_FW_H5_V1.6.0, STM32Cube_FW_H7RS_V1.3.0, STM32Cube_FW_H7_V1.13.0, STM32Cube_FW_L0_V1.12.2, STM32Cube_FW_L4_V1.18.2, STM32Cube_FW_L5_V1.6.0, STM32Cube_FW_N6_V1.3.0, STM32Cube_FW_U0_V1.3.0, STM32Cube_FW_U3_V1.3.0, STM32Cube_FW_U5_V1.8.0, STM32Cube_FW_WB0_V1.4.0, STM32Cube_FW_WBA_V1.9.0, STM32Cube_FW_WB_V1.24.0, STM32Cube_FW_WL3_V1.4.0, STM32Cube_FW_WL_V1.5.0, X-CUBE-ALGOBUILD_V1.4.0, X-CUBE-ALS_V1.0.2, X-CUBE-AZRTOS-F4_V1.1.0, X-CUBE-AZRTOS-F7_V1.1.0, X-CUBE-AZRTOS-G0_V1.1.0, X-CUBE-AZRTOS-G4_V2.0.0, X-CUBE-AZRTOS-H7RS_V1.1.0, X-CUBE-AZRTOS-H7_V3.5.0, X-CUBE-AZRTOS-L4_V2.0.0, X-CUBE-AZRTOS-L5_V2.0.0, X-CUBE-AZRTOS-WB_V2.0.0, X-CUBE-AZRTOS-WL_V2.0.0, X-CUBE-BLE1_V7.1.0, X-CUBE-BLE2_V3.3.0, X-CUBE-BLEMGR_V4.1.0, X-CUBE-EEPRMA1_V5.2.0, X-CUBE-FREERTOS_V1.5.0, X-CUBE-GNSS1_V6.0.0, X-CUBE-MEMS1_V12.0.0, X-CUBE-NFC4_V3.0.0, X-CUBE-NFC7_V2.0.0, X-CUBE-SFXS2LP1_V4.0.0, X-CUBE-ST67W61_V1.2.0, X-CUBE-SUBG2_V5.0.0, X-CUBE-TOF1_V3.4.3]
2026-05-14 13:26:35,133 [ERROR] LogOutputStream:75 - [STDERR_REDIRECT] [Fatal Error] :1:1: Premature end of file.
2026-05-14 13:26:35,133 [ERROR] LogOutputStream:75 - [STDERR_REDIRECT] 
2026-05-14 13:26:36,132 [ERROR] LogOutputStream:75 - [STDERR_REDIRECT] [Fatal Error] :1:1: Premature end of file.
2026-05-14 13:26:36,132 [ERROR] LogOutputStream:75 - [STDERR_REDIRECT] 
2026-05-14 13:26:36,888 [INFO] ApiDb:240 - Found 880 in-development CPN: [B-G473E-ZEST1S, B-WB1M-WPAN1, B-WBA5M-WPAN, B-WL5M-SUBG1, NUCLEO-C031C6, NUCLEO-C051C8, NUCLEO-C071RB, NUCLEO-C092RC, NUCLEO-H503RB, NUCLEO-H533RE, NUCLEO-H563ZI, NUCLEO-H7S3L8, NUCLEO-N657X0-Q, NUCLEO-U031R8, NUCLEO-U083RC, NUCLEO-U385RG-Q, NUCLEO-U545RE-Q, NUCLEO-U5A5ZJ-Q, NUCLEO-WB05KZ, NUCLEO-WB07CC, NUCLEO-WB09KE, NUCLEO-WBA52CG, NUCLEO-WBA55CG, NUCLEO-WL33CC1, NUCLEO-WL33CC2, STEVAL-PROTEUS1, STEVAL-SMARTAG2, STEVAL-STWINBX1, STM320518-EVAL, STM32C0116-DK, STM32C011D6Y3TR, STM32C011D6Y6TR, STM32C011F4P3, STM32C011F4P6, STM32C011F4U3, STM32C011F4U6TR, STM32C011F6P3, STM32C011F6P6, STM32C011F6U3, STM32C011F6U6TR, STM32C011J4M3, STM32C011J4M6, STM32C011J6M3, STM32C011J6M6, STM32C0316-DK, STM32C031C4T3, STM32C031C4T6, STM32C031C4U3, STM32C031C4U6, STM32C031C6T3, STM32C031C6T6, STM32C031C6U3, STM32C031C6U6, STM32C031F4P3, STM32C031F4P6, STM32C031F6P3, STM32C031F6P6, STM32C031G4U3, STM32C031G4U6, STM32C031G6U3, STM32C031G6U6, STM32C031K4T3, STM32C031K4T6, STM32C031K4U3, STM32C031K4U6, STM32C031K6T3, STM32C031K6T6, STM32C031K6U3, STM32C031K6U6, STM32C051C6T6, STM32C051C6U6, STM32C051C8T6, STM32C051C8U6, STM32C051D8Y6TR, STM32C051F6P6, STM32C051F8P6, STM32C051G6U6, STM32C051G8U6, STM32C051K6T6, STM32C051K6U6, STM32C051K8T6, STM32C071C8T6, STM32C071C8T6N, STM32C071C8U6, STM32C071C8U6N, STM32C071CBT6, STM32C071CBT6N, STM32C071CBU6, STM32C071CBU6N, STM32C071F8P6, STM32C071F8P6N, STM32C071FBP6, STM32C071FBP6N, STM32C071FBY6TR, STM32C071G8U6, STM32C071G8U6N, STM32C071GBU6, STM32C071GBU6N, STM32C071K8T6, STM32C071K8T6N, STM32C071K8U6, STM32C071K8U6N, STM32C071KBT6, STM32C071KBT6N, STM32C071KBU6, STM32C071KBU6N, STM32C071R8T6, STM32C071R8T6N, STM32C071RBI6N, STM32C071RBT6, STM32C071RBT6N, STM32C091CBT6, STM32C091CBU6, STM32C091CCT6, STM32C091CCU6, STM32C091ECY6TR, STM32C091FBP6, STM32C091FCP6, STM32C091GBU6, STM32C091GCU6, STM32C091KBT6, STM32C091KBU6, STM32C091KCT6, STM32C091KCU6, STM32C091RBT6, STM32C091RCI6, STM32C091RCT6, STM32C092CBT6, STM32C092CBU6, STM32C092CCT6, STM32C092CCU6, STM32C092ECY6TR, STM32C092FBP6, STM32C092FCP6, STM32C092GBU6, STM32C092GCU6, STM32C092KBT6, STM32C092KBU6, STM32C092KCT6, STM32C092KCU6, STM32C092RBT6, STM32C092RCI6, STM32C092RCT6, STM32G071K8TXN, STM32G071K8UXN, STM32G081GBU6N, STM32G081KBT6N, STM32G081KBUXN, STM32G0B1CCT6N, STM32G0B1KCT6, STM32G0B1NEY6TR, STM32G0B1RCT6N, STM32G0C1CCT6, STM32G0C1CCT6N, STM32G0C1CCU6N, STM32G0C1CET6N, STM32G0C1CEU6N, STM32G0C1KCT6, STM32G0C1NEY6TR, STM32G0C1RCI6N, STM32G0C1RCT6N, STM32G0C1REI6N, STM32G0C1RET6N, STM32G0C1VCI6, STM32G0C1VEI6, STM32G411C6T3, STM32G411C6T6, STM32G411C6U3, STM32G411C6U6, STM32G411C8T3, STM32G411C8T6, STM32G411C8U3, STM32G411C8U6, STM32G411CBT3, STM32G411CBT6, STM32G411CBU3, STM32G411CBU6, STM32G411K6T3, STM32G411K6T6, STM32G411K6U3, STM32G411K6U6, STM32G411K8T3, STM32G411K8T6, STM32G411K8U3, STM32G411K8U6, STM32G411KBT3, STM32G411KBT6, STM32G411KBU3, STM32G411KBU6, STM32G411M6T3, STM32G411M6T6, STM32G411M8T3, STM32G411M8T6, STM32G411MBT3, STM32G411MBT6, STM32G411R6T3, STM32G411R6T6, STM32G411R8T3, STM32G411R8T6, STM32G411RBT3, STM32G411RBT6, STM32G414CBT3, STM32G414CBT6, STM32G414CBU3, STM32G414CBU6, STM32G414CCT3, STM32G414CCT6, STM32G414CCU3, STM32G414CCU6, STM32G414MBT3, STM32G414MBT6, STM32G414MCT3, STM32G414MCT6, STM32G414RBT3, STM32G414RBT6, STM32G414RCT3, STM32G414RCT6, STM32G414VBT3, STM32G414VBT6, STM32G414VCT3, STM32G414VCT6, STM32G431CBT3Z, STM32G431RBT3Z, STM32G471CCT6, STM32G471CCU6, STM32G471CET3, STM32G471CET6, STM32G471CEU3, STM32G471CEU6, STM32G471MCT6, STM32G471MET3, STM32G471MET6, STM32G471MEY6TR, STM32G471QCT6, STM32G471QET3, STM32G471RCT6, STM32G471RET3, STM32G471RET6, STM32G471VCH6, STM32G471VCI6, STM32G471VCT6, STM32G471VEH3, STM32G471VEH6, STM32G471VEI3, STM32G471VEI6, STM32G471VET3, STM32G471VET6, STM32G473QET3Z, STM32G473RET3Z, STM32G474CCT6, STM32G491RET3Z, STM32H503CBT6, STM32H503CBU6, STM32H503EBY6TR, STM32H503KBU6, STM32H503RBT6, STM32H523CCT6, STM32H523CCU6, STM32H523CET6, STM32H523CEU6, STM32H523HEY6TR, STM32H523RCT6, STM32H523RET6, STM32H523VCI6, STM32H523VCT6, STM32H523VEI6, STM32H523VET6, STM32H523ZCJ6, STM32H523ZCT6, STM32H523ZEJ6, STM32H523ZET6, STM32H533CET6, STM32H533CEU6, STM32H533HEY6TR, STM32H533RET6, STM32H533VEI6, STM32H533VET6, STM32H533ZEJ6, STM32H533ZET6, STM32H562AGI6, STM32H562AII6, STM32H562IGK6, STM32H562IGT6, STM32H562IIK6, STM32H562IIT6, STM32H562RGT6, STM32H562RGV6, STM32H562RIT6, STM32H562RIV6, STM32H562VGT6, STM32H562VIT6, STM32H562ZGT6, STM32H562ZIT6, STM32H563AGI6, STM32H563AII3Q, STM32H563AII6, STM32H563IGK6, STM32H563IGT6, STM32H563IIK3Q, STM32H563IIK6, STM32H563IIT3Q, STM32H563IIT6, STM32H563MIY3QTR, STM32H563RGT6, STM32H563RGV6, STM32H563RIT6, STM32H563RIV6, STM32H563VGT6, STM32H563VIT3Q, STM32H563VIT6, STM32H563ZGT6, STM32H563ZIT3Q, STM32H563ZIT6, STM32H573AII3Q, STM32H573AII6, STM32H573I-DK, STM32H573IIK3Q, STM32H573IIK6, STM32H573IIT3Q, STM32H573IIT6, STM32H573MIY3QTR, STM32H573RIT6, STM32H573RIV6, STM32H573VIT3Q, STM32H573VIT6, STM32H573ZIT3Q, STM32H573ZIT6, STM32H7R3A8I6, STM32H7R3I8K6, STM32H7R3I8T6, STM32H7R3L8H6, STM32H7R3L8H6H, STM32H7R3R8V6, STM32H7R3V8H6, STM32H7R3V8T6, STM32H7R3V8Y6TR, STM32H7R3Z8J6, STM32H7R3Z8T6, STM32H7R7A8I6, STM32H7R7I8K6, STM32H7R7I8T6, STM32H7R7L8H6, STM32H7R7L8H6H, STM32H7R7Z8J6, STM32H7S3A8I6, STM32H7S3I8K6, STM32H7S3I8T6, STM32H7S3L8H6, STM32H7S3L8H6H, STM32H7S3R8V6, STM32H7S3V8H6, STM32H7S3V8T6, STM32H7S3V8Y6TR, STM32H7S3Z8J6, STM32H7S3Z8T6, STM32H7S78-DK, STM32H7S7A8I6, STM32H7S7I8K6, STM32H7S7I8T6, STM32H7S7L8H6, STM32H7S7L8H6H, STM32H7S7Z8J6, STM32L4R5QGI6STR, STM32MP131AAE3, STM32MP131AAF3, STM32MP131AAG3, STM32MP131CAE3, STM32MP131CAF3, STM32MP131CAG3, STM32MP131DAE7, STM32MP131DAF7, STM32MP131DAG7, STM32MP131FAE7, STM32MP131FAF7, STM32MP131FAG7, STM32MP133AAE3, STM32MP133AAF3, STM32MP133AAG3, STM32MP133CAE3, STM32MP133CAF3, STM32MP133CAG3, STM32MP133DAE7, STM32MP133DAF7, STM32MP133DAG7, STM32MP133FAE7, STM32MP133FAF7, STM32MP133FAG7, STM32MP135AAE3, STM32MP135AAF3, STM32MP135AAG3, STM32MP135CAE3, STM32MP135CAF3, STM32MP135CAG3, STM32MP135DAE7, STM32MP135DAF7, STM32MP135DAG7, STM32MP135F-DK, STM32MP135FAE7, STM32MP135FAF7, STM32MP135FAF7T, STM32MP135FAF7U, STM32MP135FAG7, STM32MP211AAL3, STM32MP211AAM3, STM32MP211AAN3, STM32MP211AAO3, STM32MP211CAL3, STM32MP211CAM3, STM32MP211CAN3, STM32MP211CAO3, STM32MP211DAL3, STM32MP211DAM3, STM32MP211DAN3, STM32MP211DAO3, STM32MP211FAL3, STM32MP211FAM3, STM32MP211FAN3, STM32MP211FAO3, STM32MP213AAL3, STM32MP213AAM3, STM32MP213AAN3, STM32MP213AAO3, STM32MP213CAL3, STM32MP213CAM3, STM32MP213CAN3, STM32MP213CAO3, STM32MP213DAL3, STM32MP213DAM3, STM32MP213DAN3, STM32MP213DAO3, STM32MP213FAL3, STM32MP213FAM3, STM32MP213FAN3, STM32MP213FAO3, STM32MP215AAL3, STM32MP215AAM3, STM32MP215AAN3, STM32MP215AAO3, STM32MP215CAL3, STM32MP215CAM3, STM32MP215CAN3, STM32MP215CAO3, STM32MP215DAL3, STM32MP215DAM3, STM32MP215DAN3, STM32MP215DAO3, STM32MP215F-DK, STM32MP215FAL3, STM32MP215FAM3, STM32MP215FAN3, STM32MP215FAO3, STM32MP231AAJ3, STM32MP231AAK3, STM32MP231AAL3, STM32MP231CAJ3, STM32MP231CAK3, STM32MP231CAL3, STM32MP231DAJ3, STM32MP231DAK3, STM32MP231DAL3, STM32MP231FAJ3, STM32MP231FAK3, STM32MP231FAL3, STM32MP233AAJ3, STM32MP233AAK3, STM32MP233AAL3, STM32MP233CAJ3, STM32MP233CAK3, STM32MP233CAL3, STM32MP233DAJ3, STM32MP233DAK3, STM32MP233DAL3, STM32MP233FAJ3, STM32MP233FAK3, STM32MP233FAL3, STM32MP235AAJ3, STM32MP235AAK3, STM32MP235AAL3, STM32MP235CAJ3, STM32MP235CAK3, STM32MP235CAL3, STM32MP235DAJ3, STM32MP235DAK3, STM32MP235DAL3, STM32MP235FAJ3, STM32MP235FAK3, STM32MP235FAL3, STM32MP251AAI3, STM32MP251AAK3, STM32MP251AAL3, STM32MP251CAI3, STM32MP251CAK3, STM32MP251CAL3, STM32MP251DAI3, STM32MP251DAK3, STM32MP251DAL3, STM32MP251FAI3, STM32MP251FAK3, STM32MP251FAL3, STM32MP253AAI3, STM32MP253AAK3, STM32MP253AAL3, STM32MP253CAI3, STM32MP253CAK3, STM32MP253CAL3, STM32MP253DAI3, STM32MP253DAK3, STM32MP253DAL3, STM32MP253FAI3, STM32MP253FAK3, STM32MP253FAL3, STM32MP255AAI3, STM32MP255AAK3, STM32MP255AAL3, STM32MP255CAI3, STM32MP255CAK3, STM32MP255CAL3, STM32MP255DAI3, STM32MP255DAK3, STM32MP255DAL3, STM32MP255FAI3, STM32MP255FAK3, STM32MP255FAL3, STM32MP257AAI3, STM32MP257AAK3, STM32MP257AAL3, STM32MP257CAI3, STM32MP257CAK3, STM32MP257CAL3, STM32MP257DAI3, STM32MP257DAK3, STM32MP257DAL3, STM32MP257F-DK, STM32MP257F-EV1, STM32MP257FAI3, STM32MP257FAK3, STM32MP257FAL3, STM32N645A0H3Q, STM32N645B0H3Q, STM32N645I0H3Q, STM32N645L0H3Q, STM32N645X0H3Q, STM32N645Z0H3Q, STM32N647A0H3Q, STM32N647B0H3Q, STM32N647I0H3Q, STM32N647L0H3Q, STM32N647X0H3Q, STM32N647Z0H3Q, STM32N655A0H3Q, STM32N655B0H3Q, STM32N655I0H3Q, STM32N655L0H3Q, STM32N655X0H3Q, STM32N655Z0H3Q, STM32N6570-DK, STM32N657A0H3Q, STM32N657B0H3Q, STM32N657I0H3Q, STM32N657L0H3Q, STM32N657X0H3Q, STM32N657Z0H3Q, STM32U031C6T6, STM32U031C6U6, STM32U031C8T6, STM32U031C8U6, STM32U031F4P6, STM32U031F6P6, STM32U031F8P6, STM32U031G6Y6TR, STM32U031G8Y6TR, STM32U031K4U6, STM32U031K6U6, STM32U031K8U6, STM32U031R6I6, STM32U031R6T6, STM32U031R8I6, STM32U031R8T6, STM32U073C8T6, STM32U073C8U6, STM32U073CBT6, STM32U073CBU6, STM32U073CCT6, STM32U073CCU6, STM32U073H8Y6TR, STM32U073HBY6TR, STM32U073HCY6TR, STM32U073K8U6, STM32U073KBU6, STM32U073KCU6, STM32U073M8I6, STM32U073M8T6, STM32U073MBI6, STM32U073MBT6, STM32U073MCI6, STM32U073MCT6, STM32U073R8I6, STM32U073R8T6, STM32U073RBI6, STM32U073RBT6, STM32U073RCI6, STM32U073RCT6, STM32U083C-DK, STM32U083CCT6, STM32U083CCU6, STM32U083HCY6TR, STM32U083KCU6, STM32U083MCI6, STM32U083MCT6, STM32U083RCI6, STM32U083RCT6, STM32U375CET6, STM32U375CET6Q, STM32U375CEU6, STM32U375CEU6Q, STM32U375CEY6QTR, STM32U375CGT6, STM32U375CGT6Q, STM32U375CGU6, STM32U375CGU6Q, STM32U375CGY6QTR, STM32U375KEU6, STM32U375KGU6, STM32U375REI6, STM32U375REI6Q, STM32U375RET6, STM32U375RET6Q, STM32U375REY6GTR, STM32U375REY6QTR, STM32U375RGI6, STM32U375RGI6Q, STM32U375RGT6, STM32U375RGT6Q, STM32U375RGY6GTR, STM32U375RGY6QTR, STM32U375VEI6, STM32U375VEI6Q, STM32U375VET6, STM32U375VET6Q, STM32U375VGI6, STM32U375VGI6Q, STM32U375VGT6, STM32U375VGT6Q, STM32U385CGT6, STM32U385CGT6Q, STM32U385CGU6, STM32U385CGU6Q, STM32U385CGY6QTR, STM32U385KGU6, STM32U385RGI6, STM32U385RGI6Q, STM32U385RGT6, STM32U385RGT6Q, STM32U385RGY6GTR, STM32U385RGY6QTR, STM32U385VGI6, STM32U385VGI6Q, STM32U385VGT6, STM32U385VGT6Q, STM32U535CBT6, STM32U535CBT6Q, STM32U535CBU6, STM32U535CBU6Q, STM32U535CCT6, STM32U535CCT6Q, STM32U535CCU6, STM32U535CCU6Q, STM32U535CET6, STM32U535CET6Q, STM32U535CEU6, STM32U535CEU6Q, STM32U535JEY6QTR, STM32U535NCY6QTR, STM32U535NEY6QTR, STM32U535RBI6, STM32U535RBI6Q, STM32U535RBT6, STM32U535RBT6Q, STM32U535RCI6, STM32U535RCI6Q, STM32U535RCT6, STM32U535RCT6Q, STM32U535REI6, STM32U535REI6Q, STM32U535RET6, STM32U535RET6Q, STM32U535VCI6, STM32U535VCI6Q, STM32U535VCT6, STM32U535VCT6Q, STM32U535VEI6, STM32U535VEI6Q, STM32U535VET6, STM32U535VET6Q, STM32U545CET6, STM32U545CET6Q, STM32U545CEU6, STM32U545CEU6Q, STM32U545JEY6QTR, STM32U545NEY6QTR, STM32U545REI6, STM32U545REI6Q, STM32U545RET6, STM32U545RET6Q, STM32U545VEI6, STM32U545VEI6Q, STM32U545VET6, STM32U545VET6Q, STM32U595AIH6, STM32U595AIH6Q, STM32U595AJH6, STM32U595AJH6Q, STM32U595QII6, STM32U595QII6Q, STM32U595QJI6, STM32U595QJI6Q, STM32U595RIT6, STM32U595RIT6Q, STM32U595RJT6, STM32U595RJT6Q, STM32U595VIT6, STM32U595VIT6Q, STM32U595VJT6, STM32U595VJT6Q, STM32U595ZIT6, STM32U595ZIT6Q, STM32U595ZIY6QTR, STM32U595ZJT6, STM32U595ZJT6Q, STM32U595ZJY6QTR, STM32U599BJY6QTR, STM32U599NIH6Q, STM32U599NJH6Q, STM32U599VIT6Q, STM32U599VJT6, STM32U599VJT6Q, STM32U599ZIT6Q, STM32U599ZIY6QTR, STM32U599ZJT6Q, STM32U599ZJY6QTR, STM32U5A5AJH6, STM32U5A5AJH6Q, STM32U5A5QII3Q , STM32U5A5QJI6, STM32U5A5QJI6Q, STM32U5A5RJT6, STM32U5A5RJT6Q, STM32U5A5VJT6, STM32U5A5VJT6Q, STM32U5A5ZJT6, STM32U5A5ZJT6Q, STM32U5A5ZJY6QTR, STM32U5A9BJY6QTR, STM32U5A9J-DK, STM32U5A9NJH6Q, STM32U5A9VJT6Q, STM32U5A9ZJT6Q, STM32U5A9ZJY6QTR, STM32U5F7VIT6, STM32U5F7VIT6Q, STM32U5F7VJT6, STM32U5F7VJT6Q, STM32U5F9BJY6QTR, STM32U5F9NJH6Q, STM32U5F9VIT6Q, STM32U5F9VJT6Q, STM32U5F9ZIJ6QTR, STM32U5F9ZIT6Q, STM32U5F9ZJJ6QTR, STM32U5F9ZJT6Q, STM32U5G7VJT6, STM32U5G7VJT6Q, STM32U5G9BJY6QTR, STM32U5G9J-DK1, STM32U5G9J-DK2, STM32U5G9NJH6Q, STM32U5G9VJT6Q, STM32U5G9ZJJ6QTR, STM32U5G9ZJT6Q, STM32WB05KZV6TR, STM32WB05KZV7TR, STM32WB05TZF6TR, STM32WB05TZF7TR, STM32WB06CCF6TR, STM32WB06CCF7TR, STM32WB06CCV6TR, STM32WB06CCV7TR, STM32WB06KCV6TR, STM32WB06KCV7TR, STM32WB07CCF6TR, STM32WB07CCF7TR, STM32WB07CCV6TR, STM32WB07CCV7TR, STM32WB07KCV6TR, STM32WB07KCV7TR, STM32WB09KEV6TR, STM32WB09KEV7TR, STM32WB09TEF6TR, STM32WB09TEF7TR, STM32WB1MMCH6, STM32WBA50KGU6, STM32WBA50KGU6TR, STM32WBA52CEU6, STM32WBA52CEU6TR, STM32WBA52CEU7, STM32WBA52CEU7TR, STM32WBA52CGU6, STM32WBA52CGU6TR, STM32WBA52CGU6U, STM32WBA52CGU7, STM32WBA52CGU7TR, STM32WBA52KEU6, STM32WBA52KEU6TR, STM32WBA52KGU6, STM32WBA52KGU6TR, STM32WBA54CEU6, STM32WBA54CEU6TR, STM32WBA54CEU7, STM32WBA54CEU7TR, STM32WBA54CGU6, STM32WBA54CGU6TR, STM32WBA54CGU7, STM32WBA54CGU7TR, STM32WBA54KEU6, STM32WBA54KEU6TR, STM32WBA54KEU7, STM32WBA54KEU7TR, STM32WBA54KGU6, STM32WBA54KGU6TR, STM32WBA54KGU7, STM32WBA54KGU7TR, STM32WBA55CEU6, STM32WBA55CEU6TR, STM32WBA55CEU7, STM32WBA55CEU7TR, STM32WBA55CGU6, STM32WBA55CGU6TR, STM32WBA55CGU6U, STM32WBA55CGU7, STM32WBA55CGU7TR, STM32WBA55G-DK1, STM32WBA55HEF6, STM32WBA55HEF7, STM32WBA55HGF6, STM32WBA55HGF7, STM32WBA55UEI6, STM32WBA55UEI6TR, STM32WBA55UEI7, STM32WBA55UEI7TR, STM32WBA55UGI6, STM32WBA55UGI6TR, STM32WBA55UGI7, STM32WBA55UGI7TR, STM32WBA5MMGH6TR, STM32WBA62MGF6, STM32WBA62MIF6, STM32WBA65MGF7, STM32WBA65MIF6, STM32WBA65MIF7, STM32WL30K8V6, STM32WL30KBV6, STM32WL31C8V6, STM32WL31CBV6, STM32WL31K8V6, STM32WL31KBV6, STM32WL33C8V6, STM32WL33C8V6X, STM32WL33CBV6, STM32WL33CBV6X, STM32WL33CCV6, STM32WL33CCV6A, STM32WL33CCV6X, STM32WL33K8V7, STM32WL33K8V7X, STM32WL33KBV7 , STM32WL33KBV7X, STM32WL33KCV7, STM32WL33KCV7X, STM32WL5MOCH6, STM32WL5MOCH6TR]
2026-05-14 13:26:36,890 [INFO] DbMcus:218 - Found 5086 MCUs, 4968 are supported
2026-05-14 13:26:36,890 [INFO] ApiDb:423 - Load user favorites file C:\Users\justa/.stm32cubeide/favorites.mcus.txt: 1 item(s)
2026-05-14 13:26:36,892 [INFO] ApiDb:427 - User favorites MCUs=[STM32F407VGT6]
2026-05-14 13:26:36,892 [INFO] DbMcus:224 - Set 1 / 1 favorites MCUs
2026-05-14 13:26:37,179 [ERROR] LogOutputStream:75 - [STDERR_REDIRECT] [Fatal Error] :1:1: Premature end of file.
2026-05-14 13:26:37,179 [ERROR] LogOutputStream:75 - [STDERR_REDIRECT] 
2026-05-14 13:26:37,220 [INFO] ApiDb:448 - Save user favorites file C:\Users\justa/.stm32cubeide/favorites.boards.txt: 0 item(s)
2026-05-14 13:26:37,220 [INFO] ApiDb:452 - User favorites Boards=[]
2026-05-14 13:26:37,222 [INFO] ApiDb:581 - Connected to CubeFinder SQLite database (C:\Users\justa\.stmcufinder\plugins\mcufinder\mcu\cube-finder-db.db)
2026-05-14 13:26:37,321 [INFO] ApiDb:668 - CubeFinder database Data Model version=2.1
2026-05-14 13:26:37,322 [INFO] ApiDb:669 - CubeFinder database Configuration version=3.0.42
2026-05-14 13:26:37,322 [INFO] ApiDb:670 - CubeFinder database generation date=2026-05-06 (1778060171)
2026-05-14 13:26:37,322 [INFO] ApiDb:671 - CubeFinder database FW Pack versions=[FP-ATR-ASTRA1_V2.0.0, FP-SNS-FLIGHT1_V5.1.0, FP-SNS-MOTENV1_V5.1.0, FP-SNS-MOTENVWB1_V1.5.0, FP-SNS-SMARTAG2_V1.2.0, FP-SNS-STBOX1_V2.1.0, STM32Cube_FW_C0_V1.4.0, STM32Cube_FW_F4_V1.28.3, STM32Cube_FW_F7_V1.17.4, STM32Cube_FW_G0_V1.6.3, STM32Cube_FW_G4_V1.6.2, STM32Cube_FW_H5_V1.6.0, STM32Cube_FW_H7RS_V1.3.0, STM32Cube_FW_H7_V1.13.0, STM32Cube_FW_L0_V1.12.2, STM32Cube_FW_L4_V1.18.2, STM32Cube_FW_L5_V1.6.0, STM32Cube_FW_N6_V1.3.0, STM32Cube_FW_U0_V1.3.0, STM32Cube_FW_U3_V1.3.0, STM32Cube_FW_U5_V1.8.0, STM32Cube_FW_WB0_V1.4.0, STM32Cube_FW_WBA_V1.9.0, STM32Cube_FW_WB_V1.24.0, STM32Cube_FW_WL3_V1.4.0, STM32Cube_FW_WL_V1.5.0, X-CUBE-ALGOBUILD_V1.4.0, X-CUBE-ALS_V1.0.2, X-CUBE-AZRTOS-F4_V1.1.0, X-CUBE-AZRTOS-F7_V1.1.0, X-CUBE-AZRTOS-G0_V1.1.0, X-CUBE-AZRTOS-G4_V2.0.0, X-CUBE-AZRTOS-H7RS_V1.1.0, X-CUBE-AZRTOS-H7_V3.5.0, X-CUBE-AZRTOS-L4_V2.0.0, X-CUBE-AZRTOS-L5_V2.0.0, X-CUBE-AZRTOS-WB_V2.0.0, X-CUBE-AZRTOS-WL_V2.0.0, X-CUBE-BLE1_V7.1.0, X-CUBE-BLE2_V3.3.0, X-CUBE-BLEMGR_V4.1.0, X-CUBE-EEPRMA1_V5.2.0, X-CUBE-FREERTOS_V1.5.0, X-CUBE-GNSS1_V6.0.0, X-CUBE-MEMS1_V12.0.0, X-CUBE-NFC4_V3.0.0, X-CUBE-NFC7_V2.0.0, X-CUBE-SFXS2LP1_V4.0.0, X-CUBE-ST67W61_V1.2.0, X-CUBE-SUBG2_V5.0.0, X-CUBE-TOF1_V3.4.3]
2026-05-14 13:26:37,370 [INFO] DbBoardsSqlite:226 - include board P-NUCLEO-WB55-NUCLEO as a kit item of type 'Nucleo-64'
2026-05-14 13:26:37,370 [INFO] DbBoardsSqlite:226 - include board P-NUCLEO-WB55-USBDONGLE as a kit item of type 'Nucleo USB Dongle'
2026-05-14 13:26:37,370 [INFO] DbBoardsSqlite:226 - include board STEVAL-IDP005V1 as a kit item of type 'Evaluation Board'
2026-05-14 13:26:37,370 [INFO] DbBoardsSqlite:226 - include board STEVAL-IDP005V2 as a kit item of type 'Evaluation Board'
2026-05-14 13:26:37,458 [INFO] ApiDb:240 - Found 880 in-development CPN: [B-G473E-ZEST1S, B-WB1M-WPAN1, B-WBA5M-WPAN, B-WL5M-SUBG1, NUCLEO-C031C6, NUCLEO-C051C8, NUCLEO-C071RB, NUCLEO-C092RC, NUCLEO-H503RB, NUCLEO-H533RE, NUCLEO-H563ZI, NUCLEO-H7S3L8, NUCLEO-N657X0-Q, NUCLEO-U031R8, NUCLEO-U083RC, NUCLEO-U385RG-Q, NUCLEO-U545RE-Q, NUCLEO-U5A5ZJ-Q, NUCLEO-WB05KZ, NUCLEO-WB07CC, NUCLEO-WB09KE, NUCLEO-WBA52CG, NUCLEO-WBA55CG, NUCLEO-WL33CC1, NUCLEO-WL33CC2, STEVAL-PROTEUS1, STEVAL-SMARTAG2, STEVAL-STWINBX1, STM320518-EVAL, STM32C0116-DK, STM32C011D6Y3TR, STM32C011D6Y6TR, STM32C011F4P3, STM32C011F4P6, STM32C011F4U3, STM32C011F4U6TR, STM32C011F6P3, STM32C011F6P6, STM32C011F6U3, STM32C011F6U6TR, STM32C011J4M3, STM32C011J4M6, STM32C011J6M3, STM32C011J6M6, STM32C0316-DK, STM32C031C4T3, STM32C031C4T6, STM32C031C4U3, STM32C031C4U6, STM32C031C6T3, STM32C031C6T6, STM32C031C6U3, STM32C031C6U6, STM32C031F4P3, STM32C031F4P6, STM32C031F6P3, STM32C031F6P6, STM32C031G4U3, STM32C031G4U6, STM32C031G6U3, STM32C031G6U6, STM32C031K4T3, STM32C031K4T6, STM32C031K4U3, STM32C031K4U6, STM32C031K6T3, STM32C031K6T6, STM32C031K6U3, STM32C031K6U6, STM32C051C6T6, STM32C051C6U6, STM32C051C8T6, STM32C051C8U6, STM32C051D8Y6TR, STM32C051F6P6, STM32C051F8P6, STM32C051G6U6, STM32C051G8U6, STM32C051K6T6, STM32C051K6U6, STM32C051K8T6, STM32C071C8T6, STM32C071C8T6N, STM32C071C8U6, STM32C071C8U6N, STM32C071CBT6, STM32C071CBT6N, STM32C071CBU6, STM32C071CBU6N, STM32C071F8P6, STM32C071F8P6N, STM32C071FBP6, STM32C071FBP6N, STM32C071FBY6TR, STM32C071G8U6, STM32C071G8U6N, STM32C071GBU6, STM32C071GBU6N, STM32C071K8T6, STM32C071K8T6N, STM32C071K8U6, STM32C071K8U6N, STM32C071KBT6, STM32C071KBT6N, STM32C071KBU6, STM32C071KBU6N, STM32C071R8T6, STM32C071R8T6N, STM32C071RBI6N, STM32C071RBT6, STM32C071RBT6N, STM32C091CBT6, STM32C091CBU6, STM32C091CCT6, STM32C091CCU6, STM32C091ECY6TR, STM32C091FBP6, STM32C091FCP6, STM32C091GBU6, STM32C091GCU6, STM32C091KBT6, STM32C091KBU6, STM32C091KCT6, STM32C091KCU6, STM32C091RBT6, STM32C091RCI6, STM32C091RCT6, STM32C092CBT6, STM32C092CBU6, STM32C092CCT6, STM32C092CCU6, STM32C092ECY6TR, STM32C092FBP6, STM32C092FCP6, STM32C092GBU6, STM32C092GCU6, STM32C092KBT6, STM32C092KBU6, STM32C092KCT6, STM32C092KCU6, STM32C092RBT6, STM32C092RCI6, STM32C092RCT6, STM32G071K8TXN, STM32G071K8UXN, STM32G081GBU6N, STM32G081KBT6N, STM32G081KBUXN, STM32G0B1CCT6N, STM32G0B1KCT6, STM32G0B1NEY6TR, STM32G0B1RCT6N, STM32G0C1CCT6, STM32G0C1CCT6N, STM32G0C1CCU6N, STM32G0C1CET6N, STM32G0C1CEU6N, STM32G0C1KCT6, STM32G0C1NEY6TR, STM32G0C1RCI6N, STM32G0C1RCT6N, STM32G0C1REI6N, STM32G0C1RET6N, STM32G0C1VCI6, STM32G0C1VEI6, STM32G411C6T3, STM32G411C6T6, STM32G411C6U3, STM32G411C6U6, STM32G411C8T3, STM32G411C8T6, STM32G411C8U3, STM32G411C8U6, STM32G411CBT3, STM32G411CBT6, STM32G411CBU3, STM32G411CBU6, STM32G411K6T3, STM32G411K6T6, STM32G411K6U3, STM32G411K6U6, STM32G411K8T3, STM32G411K8T6, STM32G411K8U3, STM32G411K8U6, STM32G411KBT3, STM32G411KBT6, STM32G411KBU3, STM32G411KBU6, STM32G411M6T3, STM32G411M6T6, STM32G411M8T3, STM32G411M8T6, STM32G411MBT3, STM32G411MBT6, STM32G411R6T3, STM32G411R6T6, STM32G411R8T3, STM32G411R8T6, STM32G411RBT3, STM32G411RBT6, STM32G414CBT3, STM32G414CBT6, STM32G414CBU3, STM32G414CBU6, STM32G414CCT3, STM32G414CCT6, STM32G414CCU3, STM32G414CCU6, STM32G414MBT3, STM32G414MBT6, STM32G414MCT3, STM32G414MCT6, STM32G414RBT3, STM32G414RBT6, STM32G414RCT3, STM32G414RCT6, STM32G414VBT3, STM32G414VBT6, STM32G414VCT3, STM32G414VCT6, STM32G431CBT3Z, STM32G431RBT3Z, STM32G471CCT6, STM32G471CCU6, STM32G471CET3, STM32G471CET6, STM32G471CEU3, STM32G471CEU6, STM32G471MCT6, STM32G471MET3, STM32G471MET6, STM32G471MEY6TR, STM32G471QCT6, STM32G471QET3, STM32G471RCT6, STM32G471RET3, STM32G471RET6, STM32G471VCH6, STM32G471VCI6, STM32G471VCT6, STM32G471VEH3, STM32G471VEH6, STM32G471VEI3, STM32G471VEI6, STM32G471VET3, STM32G471VET6, STM32G473QET3Z, STM32G473RET3Z, STM32G474CCT6, STM32G491RET3Z, STM32H503CBT6, STM32H503CBU6, STM32H503EBY6TR, STM32H503KBU6, STM32H503RBT6, STM32H523CCT6, STM32H523CCU6, STM32H523CET6, STM32H523CEU6, STM32H523HEY6TR, STM32H523RCT6, STM32H523RET6, STM32H523VCI6, STM32H523VCT6, STM32H523VEI6, STM32H523VET6, STM32H523ZCJ6, STM32H523ZCT6, STM32H523ZEJ6, STM32H523ZET6, STM32H533CET6, STM32H533CEU6, STM32H533HEY6TR, STM32H533RET6, STM32H533VEI6, STM32H533VET6, STM32H533ZEJ6, STM32H533ZET6, STM32H562AGI6, STM32H562AII6, STM32H562IGK6, STM32H562IGT6, STM32H562IIK6, STM32H562IIT6, STM32H562RGT6, STM32H562RGV6, STM32H562RIT6, STM32H562RIV6, STM32H562VGT6, STM32H562VIT6, STM32H562ZGT6, STM32H562ZIT6, STM32H563AGI6, STM32H563AII3Q, STM32H563AII6, STM32H563IGK6, STM32H563IGT6, STM32H563IIK3Q, STM32H563IIK6, STM32H563IIT3Q, STM32H563IIT6, STM32H563MIY3QTR, STM32H563RGT6, STM32H563RGV6, STM32H563RIT6, STM32H563RIV6, STM32H563VGT6, STM32H563VIT3Q, STM32H563VIT6, STM32H563ZGT6, STM32H563ZIT3Q, STM32H563ZIT6, STM32H573AII3Q, STM32H573AII6, STM32H573I-DK, STM32H573IIK3Q, STM32H573IIK6, STM32H573IIT3Q, STM32H573IIT6, STM32H573MIY3QTR, STM32H573RIT6, STM32H573RIV6, STM32H573VIT3Q, STM32H573VIT6, STM32H573ZIT3Q, STM32H573ZIT6, STM32H7R3A8I6, STM32H7R3I8K6, STM32H7R3I8T6, STM32H7R3L8H6, STM32H7R3L8H6H, STM32H7R3R8V6, STM32H7R3V8H6, STM32H7R3V8T6, STM32H7R3V8Y6TR, STM32H7R3Z8J6, STM32H7R3Z8T6, STM32H7R7A8I6, STM32H7R7I8K6, STM32H7R7I8T6, STM32H7R7L8H6, STM32H7R7L8H6H, STM32H7R7Z8J6, STM32H7S3A8I6, STM32H7S3I8K6, STM32H7S3I8T6, STM32H7S3L8H6, STM32H7S3L8H6H, STM32H7S3R8V6, STM32H7S3V8H6, STM32H7S3V8T6, STM32H7S3V8Y6TR, STM32H7S3Z8J6, STM32H7S3Z8T6, STM32H7S78-DK, STM32H7S7A8I6, STM32H7S7I8K6, STM32H7S7I8T6, STM32H7S7L8H6, STM32H7S7L8H6H, STM32H7S7Z8J6, STM32L4R5QGI6STR, STM32MP131AAE3, STM32MP131AAF3, STM32MP131AAG3, STM32MP131CAE3, STM32MP131CAF3, STM32MP131CAG3, STM32MP131DAE7, STM32MP131DAF7, STM32MP131DAG7, STM32MP131FAE7, STM32MP131FAF7, STM32MP131FAG7, STM32MP133AAE3, STM32MP133AAF3, STM32MP133AAG3, STM32MP133CAE3, STM32MP133CAF3, STM32MP133CAG3, STM32MP133DAE7, STM32MP133DAF7, STM32MP133DAG7, STM32MP133FAE7, STM32MP133FAF7, STM32MP133FAG7, STM32MP135AAE3, STM32MP135AAF3, STM32MP135AAG3, STM32MP135CAE3, STM32MP135CAF3, STM32MP135CAG3, STM32MP135DAE7, STM32MP135DAF7, STM32MP135DAG7, STM32MP135F-DK, STM32MP135FAE7, STM32MP135FAF7, STM32MP135FAF7T, STM32MP135FAF7U, STM32MP135FAG7, STM32MP211AAL3, STM32MP211AAM3, STM32MP211AAN3, STM32MP211AAO3, STM32MP211CAL3, STM32MP211CAM3, STM32MP211CAN3, STM32MP211CAO3, STM32MP211DAL3, STM32MP211DAM3, STM32MP211DAN3, STM32MP211DAO3, STM32MP211FAL3, STM32MP211FAM3, STM32MP211FAN3, STM32MP211FAO3, STM32MP213AAL3, STM32MP213AAM3, STM32MP213AAN3, STM32MP213AAO3, STM32MP213CAL3, STM32MP213CAM3, STM32MP213CAN3, STM32MP213CAO3, STM32MP213DAL3, STM32MP213DAM3, STM32MP213DAN3, STM32MP213DAO3, STM32MP213FAL3, STM32MP213FAM3, STM32MP213FAN3, STM32MP213FAO3, STM32MP215AAL3, STM32MP215AAM3, STM32MP215AAN3, STM32MP215AAO3, STM32MP215CAL3, STM32MP215CAM3, STM32MP215CAN3, STM32MP215CAO3, STM32MP215DAL3, STM32MP215DAM3, STM32MP215DAN3, STM32MP215DAO3, STM32MP215F-DK, STM32MP215FAL3, STM32MP215FAM3, STM32MP215FAN3, STM32MP215FAO3, STM32MP231AAJ3, STM32MP231AAK3, STM32MP231AAL3, STM32MP231CAJ3, STM32MP231CAK3, STM32MP231CAL3, STM32MP231DAJ3, STM32MP231DAK3, STM32MP231DAL3, STM32MP231FAJ3, STM32MP231FAK3, STM32MP231FAL3, STM32MP233AAJ3, STM32MP233AAK3, STM32MP233AAL3, STM32MP233CAJ3, STM32MP233CAK3, STM32MP233CAL3, STM32MP233DAJ3, STM32MP233DAK3, STM32MP233DAL3, STM32MP233FAJ3, STM32MP233FAK3, STM32MP233FAL3, STM32MP235AAJ3, STM32MP235AAK3, STM32MP235AAL3, STM32MP235CAJ3, STM32MP235CAK3, STM32MP235CAL3, STM32MP235DAJ3, STM32MP235DAK3, STM32MP235DAL3, STM32MP235FAJ3, STM32MP235FAK3, STM32MP235FAL3, STM32MP251AAI3, STM32MP251AAK3, STM32MP251AAL3, STM32MP251CAI3, STM32MP251CAK3, STM32MP251CAL3, STM32MP251DAI3, STM32MP251DAK3, STM32MP251DAL3, STM32MP251FAI3, STM32MP251FAK3, STM32MP251FAL3, STM32MP253AAI3, STM32MP253AAK3, STM32MP253AAL3, STM32MP253CAI3, STM32MP253CAK3, STM32MP253CAL3, STM32MP253DAI3, STM32MP253DAK3, STM32MP253DAL3, STM32MP253FAI3, STM32MP253FAK3, STM32MP253FAL3, STM32MP255AAI3, STM32MP255AAK3, STM32MP255AAL3, STM32MP255CAI3, STM32MP255CAK3, STM32MP255CAL3, STM32MP255DAI3, STM32MP255DAK3, STM32MP255DAL3, STM32MP255FAI3, STM32MP255FAK3, STM32MP255FAL3, STM32MP257AAI3, STM32MP257AAK3, STM32MP257AAL3, STM32MP257CAI3, STM32MP257CAK3, STM32MP257CAL3, STM32MP257DAI3, STM32MP257DAK3, STM32MP257DAL3, STM32MP257F-DK, STM32MP257F-EV1, STM32MP257FAI3, STM32MP257FAK3, STM32MP257FAL3, STM32N645A0H3Q, STM32N645B0H3Q, STM32N645I0H3Q, STM32N645L0H3Q, STM32N645X0H3Q, STM32N645Z0H3Q, STM32N647A0H3Q, STM32N647B0H3Q, STM32N647I0H3Q, STM32N647L0H3Q, STM32N647X0H3Q, STM32N647Z0H3Q, STM32N655A0H3Q, STM32N655B0H3Q, STM32N655I0H3Q, STM32N655L0H3Q, STM32N655X0H3Q, STM32N655Z0H3Q, STM32N6570-DK, STM32N657A0H3Q, STM32N657B0H3Q, STM32N657I0H3Q, STM32N657L0H3Q, STM32N657X0H3Q, STM32N657Z0H3Q, STM32U031C6T6, STM32U031C6U6, STM32U031C8T6, STM32U031C8U6, STM32U031F4P6, STM32U031F6P6, STM32U031F8P6, STM32U031G6Y6TR, STM32U031G8Y6TR, STM32U031K4U6, STM32U031K6U6, STM32U031K8U6, STM32U031R6I6, STM32U031R6T6, STM32U031R8I6, STM32U031R8T6, STM32U073C8T6, STM32U073C8U6, STM32U073CBT6, STM32U073CBU6, STM32U073CCT6, STM32U073CCU6, STM32U073H8Y6TR, STM32U073HBY6TR, STM32U073HCY6TR, STM32U073K8U6, STM32U073KBU6, STM32U073KCU6, STM32U073M8I6, STM32U073M8T6, STM32U073MBI6, STM32U073MBT6, STM32U073MCI6, STM32U073MCT6, STM32U073R8I6, STM32U073R8T6, STM32U073RBI6, STM32U073RBT6, STM32U073RCI6, STM32U073RCT6, STM32U083C-DK, STM32U083CCT6, STM32U083CCU6, STM32U083HCY6TR, STM32U083KCU6, STM32U083MCI6, STM32U083MCT6, STM32U083RCI6, STM32U083RCT6, STM32U375CET6, STM32U375CET6Q, STM32U375CEU6, STM32U375CEU6Q, STM32U375CEY6QTR, STM32U375CGT6, STM32U375CGT6Q, STM32U375CGU6, STM32U375CGU6Q, STM32U375CGY6QTR, STM32U375KEU6, STM32U375KGU6, STM32U375REI6, STM32U375REI6Q, STM32U375RET6, STM32U375RET6Q, STM32U375REY6GTR, STM32U375REY6QTR, STM32U375RGI6, STM32U375RGI6Q, STM32U375RGT6, STM32U375RGT6Q, STM32U375RGY6GTR, STM32U375RGY6QTR, STM32U375VEI6, STM32U375VEI6Q, STM32U375VET6, STM32U375VET6Q, STM32U375VGI6, STM32U375VGI6Q, STM32U375VGT6, STM32U375VGT6Q, STM32U385CGT6, STM32U385CGT6Q, STM32U385CGU6, STM32U385CGU6Q, STM32U385CGY6QTR, STM32U385KGU6, STM32U385RGI6, STM32U385RGI6Q, STM32U385RGT6, STM32U385RGT6Q, STM32U385RGY6GTR, STM32U385RGY6QTR, STM32U385VGI6, STM32U385VGI6Q, STM32U385VGT6, STM32U385VGT6Q, STM32U535CBT6, STM32U535CBT6Q, STM32U535CBU6, STM32U535CBU6Q, STM32U535CCT6, STM32U535CCT6Q, STM32U535CCU6, STM32U535CCU6Q, STM32U535CET6, STM32U535CET6Q, STM32U535CEU6, STM32U535CEU6Q, STM32U535JEY6QTR, STM32U535NCY6QTR, STM32U535NEY6QTR, STM32U535RBI6, STM32U535RBI6Q, STM32U535RBT6, STM32U535RBT6Q, STM32U535RCI6, STM32U535RCI6Q, STM32U535RCT6, STM32U535RCT6Q, STM32U535REI6, STM32U535REI6Q, STM32U535RET6, STM32U535RET6Q, STM32U535VCI6, STM32U535VCI6Q, STM32U535VCT6, STM32U535VCT6Q, STM32U535VEI6, STM32U535VEI6Q, STM32U535VET6, STM32U535VET6Q, STM32U545CET6, STM32U545CET6Q, STM32U545CEU6, STM32U545CEU6Q, STM32U545JEY6QTR, STM32U545NEY6QTR, STM32U545REI6, STM32U545REI6Q, STM32U545RET6, STM32U545RET6Q, STM32U545VEI6, STM32U545VEI6Q, STM32U545VET6, STM32U545VET6Q, STM32U595AIH6, STM32U595AIH6Q, STM32U595AJH6, STM32U595AJH6Q, STM32U595QII6, STM32U595QII6Q, STM32U595QJI6, STM32U595QJI6Q, STM32U595RIT6, STM32U595RIT6Q, STM32U595RJT6, STM32U595RJT6Q, STM32U595VIT6, STM32U595VIT6Q, STM32U595VJT6, STM32U595VJT6Q, STM32U595ZIT6, STM32U595ZIT6Q, STM32U595ZIY6QTR, STM32U595ZJT6, STM32U595ZJT6Q, STM32U595ZJY6QTR, STM32U599BJY6QTR, STM32U599NIH6Q, STM32U599NJH6Q, STM32U599VIT6Q, STM32U599VJT6, STM32U599VJT6Q, STM32U599ZIT6Q, STM32U599ZIY6QTR, STM32U599ZJT6Q, STM32U599ZJY6QTR, STM32U5A5AJH6, STM32U5A5AJH6Q, STM32U5A5QII3Q , STM32U5A5QJI6, STM32U5A5QJI6Q, STM32U5A5RJT6, STM32U5A5RJT6Q, STM32U5A5VJT6, STM32U5A5VJT6Q, STM32U5A5ZJT6, STM32U5A5ZJT6Q, STM32U5A5ZJY6QTR, STM32U5A9BJY6QTR, STM32U5A9J-DK, STM32U5A9NJH6Q, STM32U5A9VJT6Q, STM32U5A9ZJT6Q, STM32U5A9ZJY6QTR, STM32U5F7VIT6, STM32U5F7VIT6Q, STM32U5F7VJT6, STM32U5F7VJT6Q, STM32U5F9BJY6QTR, STM32U5F9NJH6Q, STM32U5F9VIT6Q, STM32U5F9VJT6Q, STM32U5F9ZIJ6QTR, STM32U5F9ZIT6Q, STM32U5F9ZJJ6QTR, STM32U5F9ZJT6Q, STM32U5G7VJT6, STM32U5G7VJT6Q, STM32U5G9BJY6QTR, STM32U5G9J-DK1, STM32U5G9J-DK2, STM32U5G9NJH6Q, STM32U5G9VJT6Q, STM32U5G9ZJJ6QTR, STM32U5G9ZJT6Q, STM32WB05KZV6TR, STM32WB05KZV7TR, STM32WB05TZF6TR, STM32WB05TZF7TR, STM32WB06CCF6TR, STM32WB06CCF7TR, STM32WB06CCV6TR, STM32WB06CCV7TR, STM32WB06KCV6TR, STM32WB06KCV7TR, STM32WB07CCF6TR, STM32WB07CCF7TR, STM32WB07CCV6TR, STM32WB07CCV7TR, STM32WB07KCV6TR, STM32WB07KCV7TR, STM32WB09KEV6TR, STM32WB09KEV7TR, STM32WB09TEF6TR, STM32WB09TEF7TR, STM32WB1MMCH6, STM32WBA50KGU6, STM32WBA50KGU6TR, STM32WBA52CEU6, STM32WBA52CEU6TR, STM32WBA52CEU7, STM32WBA52CEU7TR, STM32WBA52CGU6, STM32WBA52CGU6TR, STM32WBA52CGU6U, STM32WBA52CGU7, STM32WBA52CGU7TR, STM32WBA52KEU6, STM32WBA52KEU6TR, STM32WBA52KGU6, STM32WBA52KGU6TR, STM32WBA54CEU6, STM32WBA54CEU6TR, STM32WBA54CEU7, STM32WBA54CEU7TR, STM32WBA54CGU6, STM32WBA54CGU6TR, STM32WBA54CGU7, STM32WBA54CGU7TR, STM32WBA54KEU6, STM32WBA54KEU6TR, STM32WBA54KEU7, STM32WBA54KEU7TR, STM32WBA54KGU6, STM32WBA54KGU6TR, STM32WBA54KGU7, STM32WBA54KGU7TR, STM32WBA55CEU6, STM32WBA55CEU6TR, STM32WBA55CEU7, STM32WBA55CEU7TR, STM32WBA55CGU6, STM32WBA55CGU6TR, STM32WBA55CGU6U, STM32WBA55CGU7, STM32WBA55CGU7TR, STM32WBA55G-DK1, STM32WBA55HEF6, STM32WBA55HEF7, STM32WBA55HGF6, STM32WBA55HGF7, STM32WBA55UEI6, STM32WBA55UEI6TR, STM32WBA55UEI7, STM32WBA55UEI7TR, STM32WBA55UGI6, STM32WBA55UGI6TR, STM32WBA55UGI7, STM32WBA55UGI7TR, STM32WBA5MMGH6TR, STM32WBA62MGF6, STM32WBA62MIF6, STM32WBA65MGF7, STM32WBA65MIF6, STM32WBA65MIF7, STM32WL30K8V6, STM32WL30KBV6, STM32WL31C8V6, STM32WL31CBV6, STM32WL31K8V6, STM32WL31KBV6, STM32WL33C8V6, STM32WL33C8V6X, STM32WL33CBV6, STM32WL33CBV6X, STM32WL33CCV6, STM32WL33CCV6A, STM32WL33CCV6X, STM32WL33K8V7, STM32WL33K8V7X, STM32WL33KBV7 , STM32WL33KBV7X, STM32WL33KCV7, STM32WL33KCV7X, STM32WL5MOCH6, STM32WL5MOCH6TR]
2026-05-14 13:26:37,562 [INFO] BoardInfo:889 - No configuration file found for board NUCLEO-H5E5ZJ
2026-05-14 13:26:37,563 [INFO] DbBoards:161 - Board is not supported: NUCLEO-H5E5ZJ
2026-05-14 13:26:37,622 [INFO] BoardInfo:889 - No configuration file found for board NUCLEO-U3C5ZI-Q
2026-05-14 13:26:37,622 [INFO] DbBoards:161 - Board is not supported: NUCLEO-U3C5ZI-Q
2026-05-14 13:26:37,639 [INFO] BoardInfo:889 - No configuration file found for board NUCLEO-WBA25CE1
2026-05-14 13:26:37,640 [INFO] DbBoards:161 - Board is not supported: NUCLEO-WBA25CE1
2026-05-14 13:26:37,651 [INFO] BoardInfo:889 - No configuration file found for board NUCLEO-WL3RKB1
2026-05-14 13:26:37,652 [INFO] DbBoards:161 - Board is not supported: NUCLEO-WL3RKB1
2026-05-14 13:26:37,653 [INFO] BoardInfo:889 - No configuration file found for board NUCLEO-WL3RKB2
2026-05-14 13:26:37,654 [INFO] DbBoards:161 - Board is not supported: NUCLEO-WL3RKB2
2026-05-14 13:26:37,662 [INFO] BoardInfo:889 - No configuration file found for board P-NUCLEO-WB55
2026-05-14 13:26:37,663 [INFO] DbBoards:161 - Kit is not supported: P-NUCLEO-WB55
2026-05-14 13:26:37,669 [INFO] BoardInfo:889 - No configuration file found for board STEVAL-BFA001V1B
2026-05-14 13:26:37,670 [INFO] DbBoards:161 - Kit is not supported: STEVAL-BFA001V1B
2026-05-14 13:26:37,672 [INFO] BoardInfo:889 - No configuration file found for board STEVAL-BFA001V2B
2026-05-14 13:26:37,673 [INFO] DbBoards:161 - Kit is not supported: STEVAL-BFA001V2B
2026-05-14 13:26:37,784 [INFO] BoardInfo:889 - No configuration file found for board STM32H5F5J-DK
2026-05-14 13:26:37,785 [INFO] DbBoards:161 - Board is not supported: STM32H5F5J-DK
2026-05-14 13:26:37,873 [INFO] DbBoards:168 - Found 218 boards, 209 are supported
2026-05-14 13:26:37,873 [INFO] DbBoards:169 - Found 218 boards, 43 of them is supported for  Bsp
2026-05-14 13:26:37,877 [INFO] ApiDb:423 - Load user favorites file C:\Users\justa/.stm32cubeide/favorites.boards.txt: 0 item(s)
2026-05-14 13:26:37,877 [INFO] ApiDb:427 - User favorites Boards=[]
2026-05-14 13:26:37,877 [INFO] DbBoards:198 - Set 0 / 0 favorites Boards
2026-05-14 13:26:37,909 [ERROR] TargetSelectorAdapter:267 - Unable to refresh data
2026-05-14 13:26:38,137 [ERROR] LogOutputStream:75 - [STDERR_REDIRECT] [Fatal Error] :1:1: Premature end of file.
2026-05-14 13:26:38,138 [ERROR] LogOutputStream:75 - [STDERR_REDIRECT] 
2026-05-14 13:26:39,129 [ERROR] LogOutputStream:75 - [STDERR_REDIRECT] [Fatal Error] :1:1: Premature end of file.
2026-05-14 13:26:39,129 [ERROR] LogOutputStream:75 - [STDERR_REDIRECT] 
2026-05-14 13:26:39,270 [INFO] McuFinderGlobals:63 - Set McuFinder mode to 2 (CubeIDE integrated)
2026-05-14 13:26:39,270 [INFO] UserAuth:171 - activating auth plugin
2026-05-14 13:26:39,273 [INFO] UserAuth:487 - Internet connection configuration mode: 1
2026-05-14 13:26:39,297 [INFO] McuFinderGlobals:76 - Set McuFinderConnectedMode to true
2026-05-14 13:26:39,307 [INFO] MultiScanPanel:200 - Auto-refresh data requested => check proxy status ongoing
2026-05-14 13:26:39,309 [INFO] FinderPluginLoader:96 - Searching for filters in installed packs
2026-05-14 13:26:40,186 [ERROR] LogOutputStream:75 - [STDERR_REDIRECT] [Fatal Error] :1:1: Premature end of file.
2026-05-14 13:26:40,186 [ERROR] LogOutputStream:75 - [STDERR_REDIRECT] 
2026-05-14 13:26:40,575 [INFO] ServerAccessManage:452 - Complete download http(s) 200
2026-05-14 13:26:40,577 [INFO] ServerAccessManage:509 - Download File 
2026-05-14 13:26:40,614 [INFO] LoadUrlFilesThread:185 - End of LoadServerUrlFiles without Thread
2026-05-14 13:26:40,624 [INFO] DetailPanel:341 - Set advertising image to C:/Users/justa/STM32Cube/Repository/\en.prom-stm32wba2-stm32-nucleo-board-0426.png
2026-05-14 13:26:41,151 [ERROR] LogOutputStream:75 - [STDERR_REDIRECT] [Fatal Error] :1:1: Premature end of file.
2026-05-14 13:26:41,151 [ERROR] LogOutputStream:75 - [STDERR_REDIRECT] 
2026-05-14 13:26:42,145 [ERROR] LogOutputStream:75 - [STDERR_REDIRECT] [Fatal Error] :1:1: Premature end of file.
2026-05-14 13:26:42,146 [ERROR] LogOutputStream:75 - [STDERR_REDIRECT] 
2026-05-14 13:26:43,137 [ERROR] LogOutputStream:75 - [STDERR_REDIRECT] [Fatal Error] :1:1: Premature end of file.
2026-05-14 13:26:43,137 [ERROR] LogOutputStream:75 - [STDERR_REDIRECT] 
2026-05-14 13:26:44,127 [ERROR] LogOutputStream:75 - [STDERR_REDIRECT] [Fatal Error] :1:1: Premature end of file.
2026-05-14 13:26:44,127 [ERROR] LogOutputStream:75 - [STDERR_REDIRECT] 
2026-05-14 13:26:45,128 [ERROR] LogOutputStream:75 - [STDERR_REDIRECT] [Fatal Error] :1:1: Premature end of file.
2026-05-14 13:26:45,128 [ERROR] LogOutputStream:75 - [STDERR_REDIRECT] 
2026-05-14 13:26:46,127 [ERROR] LogOutputStream:75 - [STDERR_REDIRECT] [Fatal Error] :1:1: Premature end of file.
2026-05-14 13:26:46,127 [ERROR] LogOutputStream:75 - [STDERR_REDIRECT] 
2026-05-14 13:26:47,128 [ERROR] LogOutputStream:75 - [STDERR_REDIRECT] [Fatal Error] :1:1: Premature end of file.
2026-05-14 13:26:47,129 [ERROR] LogOutputStream:75 - [STDERR_REDIRECT] 
2026-05-14 13:26:48,134 [ERROR] LogOutputStream:75 - [STDERR_REDIRECT] [Fatal Error] :1:1: Premature end of file.
2026-05-14 13:26:48,134 [ERROR] LogOutputStream:75 - [STDERR_REDIRECT] 
2026-05-14 13:26:49,124 [ERROR] LogOutputStream:75 - [STDERR_REDIRECT] [Fatal Error] :1:1: Premature end of file.
2026-05-14 13:26:49,124 [ERROR] LogOutputStream:75 - [STDERR_REDIRECT] 
2026-05-14 13:26:50,124 [ERROR] LogOutputStream:75 - [STDERR_REDIRECT] [Fatal Error] :1:1: Premature end of file.
2026-05-14 13:26:50,124 [ERROR] LogOutputStream:75 - [STDERR_REDIRECT] 
2026-05-14 13:26:51,147 [ERROR] LogOutputStream:75 - [STDERR_REDIRECT] [Fatal Error] :1:1: Premature end of file.
2026-05-14 13:26:51,147 [ERROR] LogOutputStream:75 - [STDERR_REDIRECT] 
2026-05-14 13:26:52,134 [ERROR] LogOutputStream:75 - [STDERR_REDIRECT] [Fatal Error] :1:1: Premature end of file.
2026-05-14 13:26:52,135 [ERROR] LogOutputStream:75 - [STDERR_REDIRECT] 
2026-05-14 13:26:53,127 [ERROR] LogOutputStream:75 - [STDERR_REDIRECT] [Fatal Error] :1:1: Premature end of file.
2026-05-14 13:26:53,127 [ERROR] LogOutputStream:75 - [STDERR_REDIRECT] 
2026-05-14 13:26:54,128 [ERROR] LogOutputStream:75 - [STDERR_REDIRECT] [Fatal Error] :1:1: Premature end of file.
2026-05-14 13:26:54,128 [ERROR] LogOutputStream:75 - [STDERR_REDIRECT] 
2026-05-14 13:26:55,124 [ERROR] LogOutputStream:75 - [STDERR_REDIRECT] [Fatal Error] :1:1: Premature end of file.
2026-05-14 13:26:55,124 [ERROR] LogOutputStream:75 - [STDERR_REDIRECT] 
2026-05-14 13:26:56,127 [ERROR] LogOutputStream:75 - [STDERR_REDIRECT] [Fatal Error] :1:1: Premature end of file.
2026-05-14 13:26:56,127 [ERROR] LogOutputStream:75 - [STDERR_REDIRECT] 
2026-05-14 13:26:57,128 [ERROR] LogOutputStream:75 - [STDERR_REDIRECT] [Fatal Error] :1:1: Premature end of file.
2026-05-14 13:26:57,128 [ERROR] LogOutputStream:75 - [STDERR_REDIRECT] 
2026-05-14 13:26:58,126 [ERROR] LogOutputStream:75 - [STDERR_REDIRECT] [Fatal Error] :1:1: Premature end of file.
2026-05-14 13:26:58,126 [ERROR] LogOutputStream:75 - [STDERR_REDIRECT] 
2026-05-14 13:26:59,126 [ERROR] LogOutputStream:75 - [STDERR_REDIRECT] [Fatal Error] :1:1: Premature end of file.
2026-05-14 13:26:59,126 [ERROR] LogOutputStream:75 - [STDERR_REDIRECT] 
2026-05-14 13:27:00,128 [ERROR] LogOutputStream:75 - [STDERR_REDIRECT] [Fatal Error] :1:1: Premature end of file.
2026-05-14 13:27:00,128 [ERROR] LogOutputStream:75 - [STDERR_REDIRECT] 
2026-05-14 13:27:01,152 [ERROR] LogOutputStream:75 - [STDERR_REDIRECT] [Fatal Error] :1:1: Premature end of file.
2026-05-14 13:27:01,154 [ERROR] LogOutputStream:75 - [STDERR_REDIRECT] 
2026-05-14 13:27:02,131 [ERROR] LogOutputStream:75 - [STDERR_REDIRECT] [Fatal Error] :1:1: Premature end of file.
2026-05-14 13:27:02,131 [ERROR] LogOutputStream:75 - [STDERR_REDIRECT] 
2026-05-14 13:27:03,125 [ERROR] LogOutputStream:75 - [STDERR_REDIRECT] [Fatal Error] :1:1: Premature end of file.
2026-05-14 13:27:03,125 [ERROR] LogOutputStream:75 - [STDERR_REDIRECT] 
2026-05-14 13:27:04,137 [ERROR] LogOutputStream:75 - [STDERR_REDIRECT] [Fatal Error] :1:1: Premature end of file.
2026-05-14 13:27:04,137 [ERROR] LogOutputStream:75 - [STDERR_REDIRECT] 
2026-05-14 13:27:05,133 [ERROR] LogOutputStream:75 - [STDERR_REDIRECT] [Fatal Error] :1:1: Premature end of file.
2026-05-14 13:27:05,133 [ERROR] LogOutputStream:75 - [STDERR_REDIRECT] 
2026-05-14 13:27:06,125 [ERROR] LogOutputStream:75 - [STDERR_REDIRECT] [Fatal Error] :1:1: Premature end of file.
2026-05-14 13:27:06,125 [ERROR] LogOutputStream:75 - [STDERR_REDIRECT] 
2026-05-14 13:27:07,129 [ERROR] LogOutputStream:75 - [STDERR_REDIRECT] [Fatal Error] :1:1: Premature end of file.
2026-05-14 13:27:07,129 [ERROR] LogOutputStream:75 - [STDERR_REDIRECT] 
2026-05-14 13:27:08,124 [ERROR] LogOutputStream:75 - [STDERR_REDIRECT] [Fatal Error] :1:1: Premature end of file.
2026-05-14 13:27:08,124 [ERROR] LogOutputStream:75 - [STDERR_REDIRECT] 
2026-05-14 13:27:09,132 [ERROR] LogOutputStream:75 - [STDERR_REDIRECT] [Fatal Error] :1:1: Premature end of file.
2026-05-14 13:27:09,132 [ERROR] LogOutputStream:75 - [STDERR_REDIRECT] 
2026-05-14 13:27:10,125 [ERROR] LogOutputStream:75 - [STDERR_REDIRECT] [Fatal Error] :1:1: Premature end of file.
2026-05-14 13:27:10,125 [ERROR] LogOutputStream:75 - [STDERR_REDIRECT] 
2026-05-14 13:27:11,121 [ERROR] LogOutputStream:75 - [STDERR_REDIRECT] [Fatal Error] :1:1: Premature end of file.
2026-05-14 13:27:11,124 [ERROR] LogOutputStream:75 - [STDERR_REDIRECT] 
2026-05-14 13:27:12,126 [ERROR] LogOutputStream:75 - [STDERR_REDIRECT] [Fatal Error] :1:1: Premature end of file.
2026-05-14 13:27:12,126 [ERROR] LogOutputStream:75 - [STDERR_REDIRECT] 
2026-05-14 13:27:13,124 [ERROR] LogOutputStream:75 - [STDERR_REDIRECT] [Fatal Error] :1:1: Premature end of file.
2026-05-14 13:27:13,124 [ERROR] LogOutputStream:75 - [STDERR_REDIRECT] 
2026-05-14 13:27:14,129 [ERROR] LogOutputStream:75 - [STDERR_REDIRECT] [Fatal Error] :1:1: Premature end of file.
2026-05-14 13:27:14,129 [ERROR] LogOutputStream:75 - [STDERR_REDIRECT] 
2026-05-14 13:27:15,127 [ERROR] LogOutputStream:75 - [STDERR_REDIRECT] [Fatal Error] :1:1: Premature end of file.
2026-05-14 13:27:15,127 [ERROR] LogOutputStream:75 - [STDERR_REDIRECT] 
2026-05-14 13:27:16,135 [ERROR] LogOutputStream:75 - [STDERR_REDIRECT] [Fatal Error] :1:1: Premature end of file.
2026-05-14 13:27:16,136 [ERROR] LogOutputStream:75 - [STDERR_REDIRECT] 
2026-05-14 13:27:17,131 [ERROR] LogOutputStream:75 - [STDERR_REDIRECT] [Fatal Error] :1:1: Premature end of file.
2026-05-14 13:27:17,131 [ERROR] LogOutputStream:75 - [STDERR_REDIRECT] 
2026-05-14 13:27:18,129 [ERROR] LogOutputStream:75 - [STDERR_REDIRECT] [Fatal Error] :1:1: Premature end of file.
2026-05-14 13:27:18,129 [ERROR] LogOutputStream:75 - [STDERR_REDIRECT] 
2026-05-14 13:27:19,130 [ERROR] LogOutputStream:75 - [STDERR_REDIRECT] [Fatal Error] :1:1: Premature end of file.
2026-05-14 13:27:19,130 [ERROR] LogOutputStream:75 - [STDERR_REDIRECT] 
2026-05-14 13:27:20,127 [ERROR] LogOutputStream:75 - [STDERR_REDIRECT] [Fatal Error] :1:1: Premature end of file.
2026-05-14 13:27:20,127 [ERROR] LogOutputStream:75 - [STDERR_REDIRECT] 
2026-05-14 13:27:21,076 [INFO] WebApp:650 - userauth.ini created with success
2026-05-14 13:27:21,137 [ERROR] LogOutputStream:75 - [STDERR_REDIRECT] [Fatal Error] :1:1: Premature end of file.
2026-05-14 13:27:21,137 [ERROR] LogOutputStream:75 - [STDERR_REDIRECT] 
2026-05-14 13:27:22,128 [ERROR] LogOutputStream:75 - [STDERR_REDIRECT] [Fatal Error] :1:1: Premature end of file.
2026-05-14 13:27:22,128 [ERROR] LogOutputStream:75 - [STDERR_REDIRECT] 
2026-05-14 13:27:23,127 [ERROR] LogOutputStream:75 - [STDERR_REDIRECT] [Fatal Error] :1:1: Premature end of file.
2026-05-14 13:27:23,127 [ERROR] LogOutputStream:75 - [STDERR_REDIRECT] 
2026-05-14 13:27:24,134 [ERROR] LogOutputStream:75 - [STDERR_REDIRECT] [Fatal Error] :1:1: Premature end of file.
2026-05-14 13:27:24,134 [ERROR] LogOutputStream:75 - [STDERR_REDIRECT] 
2026-05-14 13:27:25,136 [ERROR] LogOutputStream:75 - [STDERR_REDIRECT] [Fatal Error] :1:1: Premature end of file.
2026-05-14 13:27:25,136 [ERROR] LogOutputStream:75 - [STDERR_REDIRECT] 
2026-05-14 13:27:26,124 [ERROR] LogOutputStream:75 - [STDERR_REDIRECT] [Fatal Error] :1:1: Premature end of file.
2026-05-14 13:27:26,125 [ERROR] LogOutputStream:75 - [STDERR_REDIRECT] 
2026-05-14 13:27:27,128 [ERROR] LogOutputStream:75 - [STDERR_REDIRECT] [Fatal Error] :1:1: Premature end of file.
2026-05-14 13:27:27,128 [ERROR] LogOutputStream:75 - [STDERR_REDIRECT] 
2026-05-14 13:27:28,129 [ERROR] LogOutputStream:75 - [STDERR_REDIRECT] [Fatal Error] :1:1: Premature end of file.
2026-05-14 13:27:28,129 [ERROR] LogOutputStream:75 - [STDERR_REDIRECT] 
2026-05-14 13:27:29,143 [ERROR] LogOutputStream:75 - [STDERR_REDIRECT] [Fatal Error] :1:1: Premature end of file.
2026-05-14 13:27:29,143 [ERROR] LogOutputStream:75 - [STDERR_REDIRECT] 
2026-05-14 13:27:30,141 [ERROR] LogOutputStream:75 - [STDERR_REDIRECT] [Fatal Error] :1:1: Premature end of file.
2026-05-14 13:27:30,141 [ERROR] LogOutputStream:75 - [STDERR_REDIRECT] 
2026-05-14 13:27:31,147 [ERROR] LogOutputStream:75 - [STDERR_REDIRECT] [Fatal Error] :1:1: Premature end of file.
2026-05-14 13:27:31,148 [ERROR] LogOutputStream:75 - [STDERR_REDIRECT] 
2026-05-14 13:27:32,130 [ERROR] LogOutputStream:75 - [STDERR_REDIRECT] [Fatal Error] :1:1: Premature end of file.
2026-05-14 13:27:32,130 [ERROR] LogOutputStream:75 - [STDERR_REDIRECT] 
2026-05-14 13:27:33,125 [ERROR] LogOutputStream:75 - [STDERR_REDIRECT] [Fatal Error] :1:1: Premature end of file.
2026-05-14 13:27:33,126 [ERROR] LogOutputStream:75 - [STDERR_REDIRECT] 
2026-05-14 13:27:34,126 [ERROR] LogOutputStream:75 - [STDERR_REDIRECT] [Fatal Error] :1:1: Premature end of file.
2026-05-14 13:27:34,126 [ERROR] LogOutputStream:75 - [STDERR_REDIRECT] 
2026-05-14 13:27:35,122 [ERROR] LogOutputStream:75 - [STDERR_REDIRECT] [Fatal Error] :1:1: Premature end of file.
2026-05-14 13:27:35,122 [ERROR] LogOutputStream:75 - [STDERR_REDIRECT] 
2026-05-14 13:27:36,128 [ERROR] LogOutputStream:75 - [STDERR_REDIRECT] [Fatal Error] :1:1: Premature end of file.
2026-05-14 13:27:36,128 [ERROR] LogOutputStream:75 - [STDERR_REDIRECT] 
2026-05-14 13:27:37,129 [ERROR] LogOutputStream:75 - [STDERR_REDIRECT] [Fatal Error] :1:1: Premature end of file.
2026-05-14 13:27:37,129 [ERROR] LogOutputStream:75 - [STDERR_REDIRECT] 
2026-05-14 13:27:38,128 [ERROR] LogOutputStream:75 - [STDERR_REDIRECT] [Fatal Error] :1:1: Premature end of file.
2026-05-14 13:27:38,128 [ERROR] LogOutputStream:75 - [STDERR_REDIRECT] 
2026-05-14 13:27:39,147 [ERROR] LogOutputStream:75 - [STDERR_REDIRECT] [Fatal Error] :1:1: Premature end of file.
2026-05-14 13:27:39,147 [ERROR] LogOutputStream:75 - [STDERR_REDIRECT] 
2026-05-14 13:27:40,128 [ERROR] LogOutputStream:75 - [STDERR_REDIRECT] [Fatal Error] :1:1: Premature end of file.
2026-05-14 13:27:40,129 [ERROR] LogOutputStream:75 - [STDERR_REDIRECT] 
2026-05-14 13:27:41,126 [ERROR] LogOutputStream:75 - [STDERR_REDIRECT] [Fatal Error] :1:1: Premature end of file.
2026-05-14 13:27:41,127 [ERROR] LogOutputStream:75 - [STDERR_REDIRECT] 
2026-05-14 13:27:42,135 [ERROR] LogOutputStream:75 - [STDERR_REDIRECT] [Fatal Error] :1:1: Premature end of file.
2026-05-14 13:27:42,135 [ERROR] LogOutputStream:75 - [STDERR_REDIRECT] 
2026-05-14 13:27:43,129 [ERROR] LogOutputStream:75 - [STDERR_REDIRECT] [Fatal Error] :1:1: Premature end of file.
2026-05-14 13:27:43,129 [ERROR] LogOutputStream:75 - [STDERR_REDIRECT] 
2026-05-14 13:27:44,134 [ERROR] LogOutputStream:75 - [STDERR_REDIRECT] [Fatal Error] :1:1: Premature end of file.
2026-05-14 13:27:44,135 [ERROR] LogOutputStream:75 - [STDERR_REDIRECT] 
2026-05-14 13:27:45,125 [ERROR] LogOutputStream:75 - [STDERR_REDIRECT] [Fatal Error] :1:1: Premature end of file.
2026-05-14 13:27:45,125 [ERROR] LogOutputStream:75 - [STDERR_REDIRECT] 
2026-05-14 13:27:46,125 [ERROR] LogOutputStream:75 - [STDERR_REDIRECT] [Fatal Error] :1:1: Premature end of file.
2026-05-14 13:27:46,125 [ERROR] LogOutputStream:75 - [STDERR_REDIRECT] 
2026-05-14 13:27:47,126 [ERROR] LogOutputStream:75 - [STDERR_REDIRECT] [Fatal Error] :1:1: Premature end of file.
2026-05-14 13:27:47,126 [ERROR] LogOutputStream:75 - [STDERR_REDIRECT] 
2026-05-14 13:27:48,129 [ERROR] LogOutputStream:75 - [STDERR_REDIRECT] [Fatal Error] :1:1: Premature end of file.
2026-05-14 13:27:48,129 [ERROR] LogOutputStream:75 - [STDERR_REDIRECT] 
2026-05-14 13:27:49,132 [ERROR] LogOutputStream:75 - [STDERR_REDIRECT] [Fatal Error] :1:1: Premature end of file.
2026-05-14 13:27:49,132 [ERROR] LogOutputStream:75 - [STDERR_REDIRECT] 
2026-05-14 13:27:50,130 [ERROR] LogOutputStream:75 - [STDERR_REDIRECT] [Fatal Error] :1:1: Premature end of file.
2026-05-14 13:27:50,130 [ERROR] LogOutputStream:75 - [STDERR_REDIRECT] 
2026-05-14 13:27:50,263 [INFO] MainUpdater:2872 - connection check result : 10
2026-05-14 13:27:50,263 [INFO] MainUpdater:2872 - connection check result : 10
2026-05-14 13:27:50,734 [INFO] I2sManager:658 - 9.6E7
2026-05-14 13:27:50,734 [INFO] I2sManager:195 - I2S Clock Value : 9.6E7
2026-05-14 13:27:50,736 [INFO] I2sManager:553 - AudioClock : 46875Divider : 4Odd : 0
2026-05-14 13:27:50,738 [INFO] MicroXplorer:468 - Change Database Path : 
2026-05-14 13:27:50,738 [INFO] MicroXplorer:498 - Change Database Version : DB.6.0.150
2026-05-14 13:27:50,766 [ERROR] ProjectManagerView:395 - 
java.lang.NullPointerException: Cannot invoke "javax.swing.JTextField.getText()" because the return value of "java.util.List.get(int)" is null
	at com.st.microxplorer.plugins.projectmanager.gui.ProjectChoiceTab$9.caretUpdate(ProjectChoiceTab.java:2706) ~[filemanager.jar:?]
	at javax.swing.text.JTextComponent.fireCaretUpdate(JTextComponent.java:408) ~[?:?]
	at javax.swing.text.JTextComponent$MutableCaretEvent.fire(JTextComponent.java:4484) ~[?:?]
	at javax.swing.text.JTextComponent$MutableCaretEvent.stateChanged(JTextComponent.java:4506) ~[?:?]
	at javax.swing.text.DefaultCaret.fireStateChanged(DefaultCaret.java:857) ~[?:?]
	at javax.swing.text.DefaultCaret.changeCaretPosition(DefaultCaret.java:1343) ~[?:?]
	at javax.swing.text.DefaultCaret.handleSetDot(DefaultCaret.java:1242) ~[?:?]
	at javax.swing.text.DefaultCaret.setDot(DefaultCaret.java:1223) ~[?:?]
	at javax.swing.text.DefaultCaret$Handler.insertUpdate(DefaultCaret.java:1819) ~[?:?]
	at javax.swing.text.AbstractDocument.fireInsertUpdate(AbstractDocument.java:227) ~[?:?]
	at javax.swing.text.AbstractDocument.handleInsertString(AbstractDocument.java:781) ~[?:?]
	at javax.swing.text.AbstractDocument.insertString(AbstractDocument.java:740) ~[?:?]
	at javax.swing.text.PlainDocument.insertString(PlainDocument.java:131) ~[?:?]
	at javax.swing.text.AbstractDocument.replace(AbstractDocument.java:699) ~[?:?]
	at javax.swing.text.JTextComponent.setText(JTextComponent.java:1725) ~[?:?]
	at com.st.microxplorer.plugins.projectmanager.gui.ProjectChoiceTab.createHeapStackFields(ProjectChoiceTab.java:993) ~[filemanager.jar:?]
	at com.st.microxplorer.plugins.projectmanager.gui.ProjectChoiceTab.buildLinkSettingsPanel(ProjectChoiceTab.java:3813) ~[filemanager.jar:?]
	at com.st.microxplorer.plugins.projectmanager.gui.ProjectChoiceTab.defineWindowsFields(ProjectChoiceTab.java:1987) ~[filemanager.jar:?]
	at com.st.microxplorer.plugins.projectmanager.gui.ProjectChoiceTab.updateSettings(ProjectChoiceTab.java:558) ~[filemanager.jar:?]
	at com.st.microxplorer.plugins.projectmanager.gui.ProjectSettingsPanel.UpdateDialog(ProjectSettingsPanel.java:247) ~[filemanager.jar:?]
	at com.st.microxplorer.plugins.projectmanager.ProjectManagerView.propertyChange(ProjectManagerView.java:392) ~[filemanager.jar:?]
	at java.beans.PropertyChangeSupport.fire(PropertyChangeSupport.java:343) ~[?:?]
	at java.beans.PropertyChangeSupport.firePropertyChange(PropertyChangeSupport.java:335) ~[?:?]
	at java.beans.PropertyChangeSupport.firePropertyChange(PropertyChangeSupport.java:268) ~[?:?]
	at com.st.microxplorer.util.MXPropertyChangeSupport.firePropertyChange(MXPropertyChangeSupport.java:54) ~[STM32CubeMX.jar:?]
	at com.st.microxplorer.mxsystem.MxSystem.closeConfig(MxSystem.java:899) ~[STM32CubeMX.jar:?]
	at com.st.microxplorer.maingui.MainPanel.closeConfig(MainPanel.java:792) ~[STM32CubeMX.jar:?]
	at com.st.microxplorer.plugins.filemanager.engine.OpenFileManager.loadConfigurationFile(OpenFileManager.java:288) ~[filemanager.jar:?]
	at com.st.microxplorer.plugins.filemanager.engine.MainFileManager.userLoadConfig(MainFileManager.java:364) ~[filemanager.jar:?]
	at com.st.microxplorer.plugins.filemanager.engine.MainFileManager.userLoadConfig(MainFileManager.java:342) ~[filemanager.jar:?]
	at com.st.microxplorer.plugins.filemanager.FileManagerView.getSpecificTask(FileManagerView.java:264) ~[filemanager.jar:?]
	at com.st.stm32cube.common.mx.editor.CubeMxEditor.getMxTabbedPaneInstance(CubeMxEditor.java:1198) ~[com.st.stm32cube.common.mx_6.15.0.202507011659/:?]
	at com.st.stm32cube.common.mx.editor.CubeMxEditor$12$1.createSwingComponent(CubeMxEditor.java:1068) ~[com.st.stm32cube.common.mx_6.15.0.202507011659/:?]
	at com.st.stm32cube.common.mx.oss.core.awtswtbridge.EmbeddedSwingComposite.doComponentCreation(EmbeddedSwingComposite.java:492) ~[com.st.stm32cube.common.mx.oss_6.15.0.202507011659/:?]
	at com.st.stm32cube.common.mx.oss.core.awtswtbridge.EmbeddedSwingComposite$4.run(EmbeddedSwingComposite.java:291) ~[com.st.stm32cube.common.mx.oss_6.15.0.202507011659/:?]
	at com.st.stm32cube.common.mx.oss.core.awtswtbridge.AwtEnvironment$2.run(AwtEnvironment.java:166) ~[com.st.stm32cube.common.mx.oss_6.15.0.202507011659/:?]
	at java.awt.event.InvocationEvent.dispatch(InvocationEvent.java:318) ~[?:?]
	at java.awt.EventQueue.dispatchEventImpl(EventQueue.java:773) ~[?:?]
	at java.awt.EventQueue$4.run(EventQueue.java:720) ~[?:?]
	at java.awt.EventQueue$4.run(EventQueue.java:714) ~[?:?]
	at java.security.AccessController.doPrivileged(AccessController.java:400) ~[?:?]
	at java.security.ProtectionDomain$JavaSecurityAccessImpl.doIntersectionPrivilege(ProtectionDomain.java:87) ~[?:?]
	at java.awt.EventQueue.dispatchEvent(EventQueue.java:742) ~[?:?]
	at java.awt.EventDispatchThread.pumpOneEventForFilters(EventDispatchThread.java:203) ~[?:?]
	at java.awt.EventDispatchThread.pumpEventsForFilter(EventDispatchThread.java:124) ~[?:?]
	at java.awt.EventDispatchThread.pumpEventsForHierarchy(EventDispatchThread.java:113) ~[?:?]
	at java.awt.EventDispatchThread.pumpEvents(EventDispatchThread.java:109) ~[?:?]
	at java.awt.EventDispatchThread.pumpEvents(EventDispatchThread.java:101) ~[?:?]
	at java.awt.EventDispatchThread.run(EventDispatchThread.java:90) ~[?:?]
2026-05-14 13:27:50,775 [WARN] ThirdParty:871 - waiting for thirdparty lock release [close project]
2026-05-14 13:27:50,776 [INFO] ThirdParty:873 - entering critical section [close project]
2026-05-14 13:27:50,776 [INFO] ThirdParty:883 - exiting critical section [close project]
2026-05-14 13:27:50,778 [INFO] PinOutPanel:1589 - setPackage(No Configuration,No Configuration)
2026-05-14 13:27:50,795 [WARN] IpParametersView:155 - Warning: This peripheral hasn't parameters
2026-05-14 13:27:50,816 [WARN] MainPanel:289 - <html><b><center>Warning: This peripheral has no parameters to be configured<br></b></html>
2026-05-14 13:27:50,826 [INFO] UtilMem:75 - Begin LoadConfig() Used Memory: 905141752 Bytes (1073741824)
2026-05-14 13:27:50,827 [INFO] MicroXplorer:468 - Change Database Path : 
2026-05-14 13:27:50,827 [INFO] MicroXplorer:498 - Change Database Version : DB.6.0.150
2026-05-14 13:27:50,827 [INFO] OpenFileManager:355 - Change cursor
2026-05-14 13:27:50,858 [INFO] Mcu:2029 - Initializing MCU STM32F407VGTx STM32F407VGTx STM32F407VGT6
2026-05-14 13:27:51,143 [ERROR] LogOutputStream:75 - [STDERR_REDIRECT] [Fatal Error] :1:1: Premature end of file.
2026-05-14 13:27:51,143 [ERROR] LogOutputStream:75 - [STDERR_REDIRECT] 
2026-05-14 13:27:51,921 [INFO] Context:786 - Trying to add GPIOservice into a context  which must be forbidden
2026-05-14 13:27:52,174 [ERROR] LogOutputStream:75 - [STDERR_REDIRECT] [Fatal Error] :1:1: Premature end of file.
2026-05-14 13:27:52,174 [ERROR] LogOutputStream:75 - [STDERR_REDIRECT] 
2026-05-14 13:27:52,399 [INFO] ImportTextPane:234 - (OptionalMessage_ERROR) Unable to find key (Mcu.ThirdPartyNb) in loaded IOC file
2026-05-14 13:27:52,399 [INFO] ImportTextPane:234 - (OptionalMessage_ERROR) Unable to find key (Mcu.PinsNb) in loaded IOC file
2026-05-14 13:27:52,400 [INFO] ImportTextPane:234 - (OptionalMessage_ERROR) Pin0 (VP_RIF_VS_RIF1) cannot be retrieved for this MCU
2026-05-14 13:27:52,400 [INFO] ImportTextPane:234 - (OptionalMessage_ERROR) Unable to find key (Mcu.IPNb) in loaded IOC file
2026-05-14 13:27:52,483 [INFO] RtosManager:558 - Registered RTOS mode: class=CMSIS, group=RTOS, mode=CMSIS_V1, owner=FREERTOS
2026-05-14 13:27:52,483 [INFO] RtosManager:558 - Registered RTOS mode: class=CMSIS, group=RTOS2, mode=CMSIS_V2, owner=FREERTOS
2026-05-14 13:27:52,483 [INFO] RtosManager:558 - Registered RTOS mode: class=RTOS, group=Core, mode=CMSIS_V1, owner=FREERTOS
2026-05-14 13:27:52,483 [INFO] RtosManager:558 - Registered RTOS mode: class=RTOS, group=Core, mode=CMSIS_V2, owner=FREERTOS
2026-05-14 13:27:52,483 [WARN] ModelIntegratedComponent:184 - Missing modes for component STMicroelectronics:FreeRTOS:0.0.1:STMicroelectronics:RTOS:FreeRTOS:Core:::10.2.0:
2026-05-14 13:27:52,489 [WARN] ModelIntegratedComponent:63 - No mode defined for component null
2026-05-14 13:27:52,489 [WARN] ModelIntegratedComponent:63 - No mode defined for component null
2026-05-14 13:27:52,489 [WARN] ModelIntegratedComponent:63 - No mode defined for component null
2026-05-14 13:27:52,489 [WARN] ModelIntegratedComponent:63 - No mode defined for component null
2026-05-14 13:27:52,489 [WARN] ModelIntegratedComponent:63 - No mode defined for component null
2026-05-14 13:27:52,489 [WARN] ModelIntegratedComponent:63 - No mode defined for component null
2026-05-14 13:27:52,489 [WARN] ModelIntegratedComponent:63 - No mode defined for component null
2026-05-14 13:27:52,489 [WARN] ModelIntegratedComponent:63 - No mode defined for component null
2026-05-14 13:27:52,489 [WARN] ModelIntegratedComponent:63 - No mode defined for component null
2026-05-14 13:27:52,489 [WARN] ModelIntegratedComponent:63 - No mode defined for component null
2026-05-14 13:27:52,489 [WARN] ModelIntegratedComponent:63 - No mode defined for component null
2026-05-14 13:27:52,489 [WARN] ModelIntegratedComponent:63 - No mode defined for component null
2026-05-14 13:27:52,489 [WARN] ModelIntegratedComponent:63 - No mode defined for component null
2026-05-14 13:27:52,489 [WARN] ModelIntegratedComponent:63 - No mode defined for component null
2026-05-14 13:27:52,489 [WARN] ModelIntegratedComponent:63 - No mode defined for component null
2026-05-14 13:27:52,489 [WARN] ModelIntegratedComponent:63 - No mode defined for component null
2026-05-14 13:27:52,489 [WARN] ModelIntegratedComponent:63 - No mode defined for component null
2026-05-14 13:27:52,489 [WARN] ModelIntegratedComponent:63 - No mode defined for component null
2026-05-14 13:27:52,489 [WARN] ModelIntegratedComponent:63 - No mode defined for component null
2026-05-14 13:27:52,489 [WARN] ModelIntegratedComponent:63 - No mode defined for component null
2026-05-14 13:27:52,489 [WARN] ModelIntegratedComponent:63 - No mode defined for component null
2026-05-14 13:27:52,489 [WARN] ModelIntegratedComponent:63 - No mode defined for component null
2026-05-14 13:27:52,489 [WARN] ModelIntegratedComponent:63 - No mode defined for component null
2026-05-14 13:27:52,489 [WARN] ModelIntegratedComponent:63 - No mode defined for component null
2026-05-14 13:27:52,489 [WARN] ModelIntegratedComponent:63 - No mode defined for component null
2026-05-14 13:27:52,489 [WARN] ModelIntegratedComponent:63 - No mode defined for component null
2026-05-14 13:27:52,489 [WARN] ModelIntegratedComponent:63 - No mode defined for component null
2026-05-14 13:27:52,489 [WARN] ModelIntegratedComponent:63 - No mode defined for component null
2026-05-14 13:27:52,489 [WARN] ModelIntegratedComponent:63 - No mode defined for component null
2026-05-14 13:27:52,489 [WARN] ModelIntegratedComponent:63 - No mode defined for component null
2026-05-14 13:27:52,489 [WARN] ModelIntegratedComponent:63 - No mode defined for component null
2026-05-14 13:27:52,489 [WARN] ModelIntegratedComponent:63 - No mode defined for component null
2026-05-14 13:27:52,489 [WARN] ModelIntegratedComponent:63 - No mode defined for component null
2026-05-14 13:27:52,490 [WARN] ModelIntegratedComponent:63 - No mode defined for component null
2026-05-14 13:27:52,490 [WARN] ModelIntegratedComponent:63 - No mode defined for component null
2026-05-14 13:27:52,490 [WARN] ModelPack:524 - Component already loaded: STMicroelectronics:HAL Drivers:0.0.0:STMicroelectronics:Device:STMicro_Driver:XSPI:HAL::0.0.1:HAL_XSPI
2026-05-14 13:27:52,537 [INFO] ThirdPartyModel:298 - Start build external matchings
2026-05-14 13:27:52,984 [INFO] ThirdPartyModel:316 - End build external matchings
2026-05-14 13:27:53,138 [ERROR] LogOutputStream:75 - [STDERR_REDIRECT] [Fatal Error] :1:1: Premature end of file.
2026-05-14 13:27:53,138 [ERROR] LogOutputStream:75 - [STDERR_REDIRECT] 
2026-05-14 13:27:53,235 [INFO] UtilMem:75 - End LoadConfig() Used Memory: 819912216 Bytes (1073741824)
2026-05-14 13:27:53,253 [WARN] ThirdParty:833 - waiting for thirdparty lock release [change project]
2026-05-14 13:27:53,253 [INFO] ThirdParty:835 - entering critical section [change project]
2026-05-14 13:27:53,253 [INFO] ThirdParty:1030 - CMSIS Pack Vendor :STMicroelectronics X-CUBE-AZRTOS-H7 3.5.0
2026-05-14 13:27:53,253 [INFO] ThirdParty:1030 - CMSIS Pack Vendor :STMicroelectronics X-CUBE-PM33A1 1.0.0
2026-05-14 13:27:53,253 [INFO] ThirdParty:1030 - CMSIS Pack Vendor :STMicroelectronics USBPD 4.1
2026-05-14 13:27:53,253 [INFO] ThirdParty:1030 - CMSIS Pack Vendor :STMicroelectronics X-CUBE-NFC9 1.0.0
2026-05-14 13:27:53,253 [INFO] ThirdParty:1030 - CMSIS Pack Vendor :STMicroelectronics USB_HOST 2.0.0
2026-05-14 13:27:53,253 [INFO] ThirdParty:1030 - CMSIS Pack Vendor :STMicroelectronics X-CUBE-AZRTOS-F4 1.1.0
2026-05-14 13:27:53,253 [INFO] ThirdParty:1030 - CMSIS Pack Vendor :STMicroelectronics LIBJPEG 8.0.0
2026-05-14 13:27:53,253 [INFO] ThirdParty:1030 - CMSIS Pack Vendor :STMicroelectronics FP-ATR-ASTRA1 2.0.2
2026-05-14 13:27:53,253 [INFO] ThirdParty:1030 - CMSIS Pack Vendor :STMicroelectronics X-CUBE-BLE1 7.1.0
2026-05-14 13:27:53,253 [INFO] ThirdParty:1030 - CMSIS Pack Vendor :STMicroelectronics X-CUBE-SMBUS 2.1.0
2026-05-14 13:27:53,253 [INFO] ThirdParty:1030 - CMSIS Pack Vendor :wolfSSL I-CUBE-wolfMQTT 1.19.2
2026-05-14 13:27:53,253 [INFO] ThirdParty:1030 - CMSIS Pack Vendor :STMicroelectronics USB_DEVICE 3.0.0
2026-05-14 13:27:53,253 [INFO] ThirdParty:1030 - CMSIS Pack Vendor :STMicroelectronics X-CUBE-ISPU 2.1.0
2026-05-14 13:27:53,253 [INFO] ThirdParty:1030 - CMSIS Pack Vendor :STMicroelectronics X-CUBE-EEPRMA1 5.2.0
2026-05-14 13:27:53,253 [INFO] ThirdParty:1030 - CMSIS Pack Vendor :STMicroelectronics X-CUBE-IPS 3.2.0
2026-05-14 13:27:53,253 [INFO] ThirdParty:1030 - CMSIS Pack Vendor :STMicroelectronics X-CUBE-BLEMGR 4.1.0
2026-05-14 13:27:53,253 [INFO] ThirdParty:1030 - CMSIS Pack Vendor :STMicroelectronics eDS-WB_DPC_TT-BIDIR 2.1.1
2026-05-14 13:27:53,253 [INFO] ThirdParty:1030 - CMSIS Pack Vendor :STMicroelectronics X-CUBE-AZRTOS-WB 2.0.0
2026-05-14 13:27:53,253 [INFO] ThirdParty:1030 - CMSIS Pack Vendor :STMicroelectronics X-CUBE-NFC12 1.0.0
2026-05-14 13:27:53,253 [INFO] ThirdParty:1030 - CMSIS Pack Vendor :STMicroelectronics X-CUBE-AZRTOS-F7 1.1.0
2026-05-14 13:27:53,253 [INFO] ThirdParty:1030 - CMSIS Pack Vendor :STMicroelectronics X-CUBE-AZRTOS-L5 2.0.0
2026-05-14 13:27:53,253 [INFO] ThirdParty:1030 - CMSIS Pack Vendor :STMicroelectronics USB_DEVICE 2.0.0
2026-05-14 13:27:53,253 [INFO] ThirdParty:1030 - CMSIS Pack Vendor :STMicroelectronics FP-SNS-STAIOTCFT 1.1.0
2026-05-14 13:27:53,253 [INFO] ThirdParty:1030 - CMSIS Pack Vendor :quantropi X-CUBE-qispace-sdk-base 2.1.0
2026-05-14 13:27:53,253 [INFO] ThirdParty:1030 - CMSIS Pack Vendor :STMicroelectronics X-CUBE-MEMS1 12.0.0
2026-05-14 13:27:53,253 [INFO] ThirdParty:1030 - CMSIS Pack Vendor :STMicroelectronics X-CUBE-STSE01 2.0.0
2026-05-14 13:27:53,253 [INFO] ThirdParty:1030 - CMSIS Pack Vendor :STMicroelectronics FP-SNS-MOTENV1 5.1.0
2026-05-14 13:27:53,253 [INFO] ThirdParty:1030 - CMSIS Pack Vendor :STMicroelectronics FreeRTOS 0.0.1
2026-05-14 13:27:53,253 [INFO] ThirdParty:1030 - CMSIS Pack Vendor :STMicroelectronics X-CUBE-AZRTOS-G0 1.1.0
2026-05-14 13:27:53,253 [INFO] ThirdParty:1030 - CMSIS Pack Vendor :STMicroelectronics X-CUBE-NFC4 3.0.0
2026-05-14 13:27:53,253 [INFO] ThirdParty:1030 - CMSIS Pack Vendor :STMicroelectronics X-CUBE-SUBG2 5.0.0
2026-05-14 13:27:53,254 [INFO] ThirdParty:1030 - CMSIS Pack Vendor :STMicroelectronics STM32_WPAN 1.0.0
2026-05-14 13:27:53,254 [INFO] ThirdParty:1030 - CMSIS Pack Vendor :STMicroelectronics eDS-WB_DPC_VIENNA 1.2.0
2026-05-14 13:27:53,254 [INFO] ThirdParty:1030 - CMSIS Pack Vendor :EmbeddedOffice I-CUBE-FS-RTOS 1.0.1
2026-05-14 13:27:53,254 [INFO] ThirdParty:1030 - CMSIS Pack Vendor :STMicroelectronics lwIP 2.0.3
2026-05-14 13:27:53,254 [INFO] ThirdParty:1030 - CMSIS Pack Vendor :WES I-CUBE-Cesium 1.4.0
2026-05-14 13:27:53,254 [INFO] ThirdParty:1030 - CMSIS Pack Vendor :STMicroelectronics eDS-WB_DPC_3PH2L-BIDIR 1.1.1
2026-05-14 13:27:53,254 [INFO] ThirdParty:1030 - CMSIS Pack Vendor :STMicroelectronics USB_HOST 1.0.0
2026-05-14 13:27:53,254 [INFO] ThirdParty:1030 - CMSIS Pack Vendor :STMicroelectronics X-CUBE-AZRTOS-G4 2.0.0
2026-05-14 13:27:53,254 [INFO] ThirdParty:1030 - CMSIS Pack Vendor :STMicroelectronics PDM2PCM 3.1.0
2026-05-14 13:27:53,254 [INFO] ThirdParty:1030 - CMSIS Pack Vendor :STMicroelectronics PDM2PCM 3.3.0
2026-05-14 13:27:53,254 [INFO] ThirdParty:1030 - CMSIS Pack Vendor :wolfSSL I-CUBE-wolfTPM 3.8.0
2026-05-14 13:27:53,254 [INFO] ThirdParty:1030 - CMSIS Pack Vendor :STMicroelectronics X-CUBE-DISPLAY 3.0.0
2026-05-14 13:27:53,254 [INFO] ThirdParty:1030 - CMSIS Pack Vendor :wolfSSL I-CUBE-wolfSSH 1.4.20
2026-05-14 13:27:53,254 [INFO] ThirdParty:1030 - CMSIS Pack Vendor :STMicroelectronics X-CUBE-NFC7 2.0.0
2026-05-14 13:27:53,254 [INFO] ThirdParty:1030 - CMSIS Pack Vendor :STMicroelectronics X-CUBE-GNSS1 7.1.1
2026-05-14 13:27:53,254 [INFO] ThirdParty:1030 - CMSIS Pack Vendor :STMicroelectronics FP-SNS-MOTENVWB1 1.5.0
2026-05-14 13:27:53,254 [INFO] ThirdParty:1030 - CMSIS Pack Vendor :STMicroelectronics X-CUBE-TCPP 4.2.0
2026-05-14 13:27:53,254 [INFO] ThirdParty:1030 - CMSIS Pack Vendor :RealThread X-CUBE-RT-Thread_Nano 4.1.1
2026-05-14 13:27:53,254 [INFO] ThirdParty:1030 - CMSIS Pack Vendor :wolfSSL I-CUBE-wolfSSL 5.9.1
2026-05-14 13:27:53,254 [INFO] ThirdParty:1030 - CMSIS Pack Vendor :STMicroelectronics FP-ATR-SIGFOX1 3.2.0
2026-05-14 13:27:53,254 [INFO] ThirdParty:1030 - CMSIS Pack Vendor :STMicroelectronics X-CUBE-NFC10 1.0.0
2026-05-14 13:27:53,254 [INFO] ThirdParty:1030 - CMSIS Pack Vendor :STMicroelectronics HAL Drivers 0.0.0
2026-05-14 13:27:53,254 [INFO] ThirdParty:1030 - CMSIS Pack Vendor :STMicroelectronics X-CUBE-FREERTOS 1.5.0
2026-05-14 13:27:53,254 [INFO] ThirdParty:1030 - CMSIS Pack Vendor :STMicroelectronics MBEDTLS 2.16.2
2026-05-14 13:27:53,254 [INFO] ThirdParty:1030 - CMSIS Pack Vendor :STMicroelectronics X-CUBE-ST60 1.1.0
2026-05-14 13:27:53,254 [INFO] ThirdParty:1030 - CMSIS Pack Vendor :STMicroelectronics X-CUBE-ALS 1.0.2
2026-05-14 13:27:53,254 [INFO] ThirdParty:1030 - CMSIS Pack Vendor :emotas I-CUBE-CANOPEN 1.3.0
2026-05-14 13:27:53,254 [INFO] ThirdParty:1030 - CMSIS Pack Vendor :STMicroelectronics MBEDTLS 2.14.1
2026-05-14 13:27:53,254 [INFO] ThirdParty:1030 - CMSIS Pack Vendor :STMicroelectronics X-CUBE-GNSS1 7.1.0
2026-05-14 13:27:53,254 [INFO] ThirdParty:1030 - CMSIS Pack Vendor :ITTIA_DB I-CUBE-ITTIADB 8.9.0
2026-05-14 13:27:53,254 [INFO] ThirdParty:1030 - CMSIS Pack Vendor :Cesanta I-CUBE-Mongoose 7.21.7
2026-05-14 13:27:53,254 [INFO] ThirdParty:1030 - CMSIS Pack Vendor :STMicroelectronics X-CUBE-TOUCHGFX 4.26.1
2026-05-14 13:27:53,254 [INFO] ThirdParty:1030 - CMSIS Pack Vendor :STMicroelectronics X-CUBE-NFC6 3.2.0
2026-05-14 13:27:53,254 [INFO] ThirdParty:1030 - CMSIS Pack Vendor :STMicroelectronics FP-SNS-STBOX1 2.1.0
2026-05-14 13:27:53,254 [INFO] ThirdParty:1030 - CMSIS Pack Vendor :STMicroelectronics X-CUBE-AI 10.2.0
2026-05-14 13:27:53,254 [INFO] ThirdParty:1030 - CMSIS Pack Vendor :STMicroelectronics ThreadX 1.0.0
2026-05-14 13:27:53,254 [INFO] ThirdParty:1030 - CMSIS Pack Vendor :STMicroelectronics FP-SNS-SMARTAG2 1.2.0
2026-05-14 13:27:53,254 [INFO] ThirdParty:1030 - CMSIS Pack Vendor :STMicroelectronics X-CUBE-MEMS1 12.1.0
2026-05-14 13:27:53,254 [INFO] ThirdParty:1030 - CMSIS Pack Vendor :STMicroelectronics FP-SNS-FLIGHT1 5.1.0
2026-05-14 13:27:53,254 [INFO] ThirdParty:1030 - CMSIS Pack Vendor :STMicroelectronics X-CUBE-AZRTOS-WL 2.0.0
2026-05-14 13:27:53,254 [INFO] ThirdParty:1030 - CMSIS Pack Vendor :SEGGER I-CUBE-embOS 1.3.1
2026-05-14 13:27:53,254 [INFO] ThirdParty:1030 - CMSIS Pack Vendor :STMicroelectronics X-CUBE-ALGOBUILD 1.4.0
2026-05-14 13:27:53,254 [INFO] ThirdParty:1030 - CMSIS Pack Vendor :STMicroelectronics X-CUBE-DPower 1.3.0
2026-05-14 13:27:53,254 [INFO] ThirdParty:1030 - CMSIS Pack Vendor :STMicroelectronics USB_DEVICE 1.0.0
2026-05-14 13:27:53,254 [INFO] ThirdParty:1030 - CMSIS Pack Vendor :STMicroelectronics X-CUBE-AZRTOS-H7RS 1.2.0
2026-05-14 13:27:53,254 [INFO] ThirdParty:1030 - CMSIS Pack Vendor :STMicroelectronics X-CUBE-AZRTOS-L4 2.0.0
2026-05-14 13:27:53,254 [INFO] ThirdParty:1030 - CMSIS Pack Vendor :STMicroelectronics ThreadX 0.0.2
2026-05-14 13:27:53,254 [INFO] ThirdParty:1030 - CMSIS Pack Vendor :STMicroelectronics lwIP 2.1.2
2026-05-14 13:27:53,254 [INFO] ThirdParty:1030 - CMSIS Pack Vendor :STMicroelectronics X-CUBE-SFXS2LP1 4.0.0
2026-05-14 13:27:53,255 [INFO] ThirdParty:1030 - CMSIS Pack Vendor :STMicroelectronics X-CUBE-BLE2 3.3.0
2026-05-14 13:27:53,255 [INFO] ThirdParty:1030 - CMSIS Pack Vendor :Avnet-IOTCONNECT X-CUBE-iotc-st67-sdk 1.0.0
2026-05-14 13:27:53,255 [INFO] ThirdParty:1030 - CMSIS Pack Vendor :STMicroelectronics X-CUBE-TOF1 3.4.3
2026-05-14 13:27:53,255 [INFO] ThirdParty:1030 - CMSIS Pack Vendor :Infineon AIROC-Wi-Fi-Bluetooth-STM32 1.8.0
2026-05-14 13:27:53,255 [INFO] ThirdParty:1030 - CMSIS Pack Vendor :STMicroelectronics PDM2PCM 3.2.0
2026-05-14 13:27:53,255 [INFO] ThirdParty:1030 - CMSIS Pack Vendor :STMicroelectronics X-CUBE-WB05N 2.1.0
2026-05-14 13:27:53,255 [INFO] ThirdParty:841 - exiting critical section [change project]
2026-05-14 13:27:53,443 [INFO] PinOutPanel:1589 - setPackage(No Configuration,No Configuration)
2026-05-14 13:27:53,444 [INFO] PinOutPanel:1589 - setPackage(STM32F407VGTx,LQFP100)
2026-05-14 13:27:53,602 [INFO] UtilMem:75 - Before build in PCC Used Memory: 722859464 Bytes (1073741824)
2026-05-14 13:27:53,819 [INFO] UtilMem:75 - After build in PCC Used Memory: 768470472 Bytes (1073741824)
2026-05-14 13:27:53,835 [INFO] IPUIPlugin:80 - create IPUIPlugin
2026-05-14 13:27:53,835 [INFO] IPUIPlugin:80 - create IPUIPlugin
2026-05-14 13:27:53,835 [INFO] IPUIPlugin:80 - create IPUIPlugin
2026-05-14 13:27:53,836 [INFO] IPUIPlugin:80 - create IPUIPlugin
2026-05-14 13:27:53,836 [INFO] IPUIPlugin:80 - create IPUIPlugin
2026-05-14 13:27:53,836 [INFO] IPUIPlugin:80 - create IPUIPlugin
2026-05-14 13:27:53,836 [INFO] IPUIPlugin:80 - create IPUIPlugin
2026-05-14 13:27:53,836 [INFO] IPUIPlugin:80 - create IPUIPlugin
2026-05-14 13:27:53,836 [INFO] IPUIPlugin:80 - create IPUIPlugin
2026-05-14 13:27:53,836 [INFO] IPUIPlugin:80 - create IPUIPlugin
2026-05-14 13:27:53,836 [INFO] IPUIPlugin:80 - create IPUIPlugin
2026-05-14 13:27:53,836 [INFO] IPUIPlugin:80 - create IPUIPlugin
2026-05-14 13:27:53,836 [INFO] IPUIPlugin:80 - create IPUIPlugin
2026-05-14 13:27:53,837 [INFO] IPUIPlugin:80 - create IPUIPlugin
2026-05-14 13:27:53,837 [INFO] IPUIPlugin:80 - create IPUIPlugin
2026-05-14 13:27:53,837 [INFO] IPUIPlugin:80 - create IPUIPlugin
2026-05-14 13:27:53,837 [INFO] IPUIPlugin:80 - create IPUIPlugin
2026-05-14 13:27:53,837 [INFO] IPUIPlugin:80 - create IPUIPlugin
2026-05-14 13:27:53,837 [INFO] IPUIPlugin:80 - create IPUIPlugin
2026-05-14 13:27:53,837 [INFO] IPUIPlugin:80 - create IPUIPlugin
2026-05-14 13:27:53,837 [INFO] IPUIPlugin:80 - create IPUIPlugin
2026-05-14 13:27:53,837 [INFO] IPUIPlugin:80 - create IPUIPlugin
2026-05-14 13:27:53,837 [INFO] IPUIPlugin:80 - create IPUIPlugin
2026-05-14 13:27:53,839 [INFO] IPUIPlugin:80 - create IPUIPlugin
2026-05-14 13:27:53,839 [INFO] IPUIPlugin:80 - create IPUIPlugin
2026-05-14 13:27:53,839 [INFO] IPUIPlugin:80 - create IPUIPlugin
2026-05-14 13:27:53,839 [INFO] IPUIPlugin:80 - create IPUIPlugin
2026-05-14 13:27:53,839 [INFO] IPUIPlugin:80 - create IPUIPlugin
2026-05-14 13:27:53,839 [INFO] IPUIPlugin:80 - create IPUIPlugin
2026-05-14 13:27:53,839 [INFO] IPUIPlugin:80 - create IPUIPlugin
2026-05-14 13:27:53,839 [INFO] IPUIPlugin:80 - create IPUIPlugin
2026-05-14 13:27:53,839 [INFO] IPUIPlugin:80 - create IPUIPlugin
2026-05-14 13:27:53,839 [INFO] IPUIPlugin:80 - create IPUIPlugin
2026-05-14 13:27:53,839 [INFO] IPUIPlugin:80 - create IPUIPlugin
2026-05-14 13:27:53,839 [INFO] IPUIPlugin:80 - create IPUIPlugin
2026-05-14 13:27:53,839 [INFO] IPUIPlugin:80 - create IPUIPlugin
2026-05-14 13:27:53,839 [INFO] IPUIPlugin:80 - create IPUIPlugin
2026-05-14 13:27:53,840 [INFO] IPUIPlugin:80 - create IPUIPlugin
2026-05-14 13:27:53,840 [INFO] IPUIPlugin:80 - create IPUIPlugin
2026-05-14 13:27:53,840 [INFO] IPUIPlugin:80 - create IPUIPlugin
2026-05-14 13:27:53,840 [INFO] IPUIPlugin:80 - create IPUIPlugin
2026-05-14 13:27:53,840 [INFO] IPUIPlugin:80 - create IPUIPlugin
2026-05-14 13:27:53,840 [INFO] IPUIPlugin:80 - create IPUIPlugin
2026-05-14 13:27:53,840 [INFO] IPUIPlugin:80 - create IPUIPlugin
2026-05-14 13:27:53,840 [INFO] IPUIPlugin:80 - create IPUIPlugin
2026-05-14 13:27:53,840 [INFO] IPUIPlugin:80 - create IPUIPlugin
2026-05-14 13:27:53,840 [INFO] IPUIPlugin:80 - create IPUIPlugin
2026-05-14 13:27:53,840 [INFO] IPUIPlugin:80 - create IPUIPlugin
2026-05-14 13:27:53,840 [INFO] IPUIPlugin:80 - create IPUIPlugin
2026-05-14 13:27:53,840 [INFO] IPUIPlugin:80 - create IPUIPlugin
2026-05-14 13:27:53,842 [INFO] IPUIPlugin:80 - create IPUIPlugin
2026-05-14 13:27:53,842 [INFO] IPUIPlugin:80 - create IPUIPlugin
2026-05-14 13:27:53,842 [INFO] IPUIPlugin:80 - create IPUIPlugin
2026-05-14 13:27:53,843 [INFO] IPUIPlugin:80 - create IPUIPlugin
2026-05-14 13:27:53,843 [INFO] IPUIPlugin:80 - create IPUIPlugin
2026-05-14 13:27:53,843 [INFO] IPUIPlugin:80 - create IPUIPlugin
2026-05-14 13:27:53,843 [INFO] IPUIPlugin:80 - create IPUIPlugin
2026-05-14 13:27:53,844 [INFO] IPUIPlugin:80 - create IPUIPlugin
2026-05-14 13:27:53,847 [INFO] ApiDbMcu:532 - Load IP Config File for PDM2PCM
2026-05-14 13:27:53,867 [INFO] CADModel:165 - CPN selected for project levelSTM32F407VGT6
2026-05-14 13:27:53,867 [INFO] CADModel:114 - Register for checkConnection events
2026-05-14 13:27:53,914 [INFO] OpenFileManager:386 - Restore cursor
2026-05-14 13:27:54,132 [ERROR] LogOutputStream:75 - [STDERR_REDIRECT] [Fatal Error] :1:1: Premature end of file.
2026-05-14 13:27:54,132 [ERROR] LogOutputStream:75 - [STDERR_REDIRECT] 
2026-05-14 13:27:54,244 [INFO] UtilMem:75 - End SaveConfig() Used Memory: 870448176 Bytes (1073741824)
2026-05-14 13:27:54,546 [INFO] ServerAccessManage:452 - Complete download http(s) 200
2026-05-14 13:27:54,547 [INFO] ServerAccessManage:509 - Download File stm32cube_fw_f4_v1280.zip
2026-05-14 13:27:55,129 [ERROR] LogOutputStream:75 - [STDERR_REDIRECT] [Fatal Error] :1:1: Premature end of file.
2026-05-14 13:27:55,129 [ERROR] LogOutputStream:75 - [STDERR_REDIRECT] 
2026-05-14 13:27:56,131 [ERROR] LogOutputStream:75 - [STDERR_REDIRECT] [Fatal Error] :1:1: Premature end of file.
2026-05-14 13:27:56,131 [ERROR] LogOutputStream:75 - [STDERR_REDIRECT] 
2026-05-14 13:27:57,127 [ERROR] LogOutputStream:75 - [STDERR_REDIRECT] [Fatal Error] :1:1: Premature end of file.
2026-05-14 13:27:57,127 [ERROR] LogOutputStream:75 - [STDERR_REDIRECT] 
2026-05-14 13:27:58,125 [ERROR] LogOutputStream:75 - [STDERR_REDIRECT] [Fatal Error] :1:1: Premature end of file.
2026-05-14 13:27:58,125 [ERROR] LogOutputStream:75 - [STDERR_REDIRECT] 
2026-05-14 13:27:59,129 [ERROR] LogOutputStream:75 - [STDERR_REDIRECT] [Fatal Error] :1:1: Premature end of file.
2026-05-14 13:27:59,129 [ERROR] LogOutputStream:75 - [STDERR_REDIRECT] 
2026-05-14 13:28:00,128 [ERROR] LogOutputStream:75 - [STDERR_REDIRECT] [Fatal Error] :1:1: Premature end of file.
2026-05-14 13:28:00,128 [ERROR] LogOutputStream:75 - [STDERR_REDIRECT] 
2026-05-14 13:28:01,130 [ERROR] LogOutputStream:75 - [STDERR_REDIRECT] [Fatal Error] :1:1: Premature end of file.
2026-05-14 13:28:01,130 [ERROR] LogOutputStream:75 - [STDERR_REDIRECT] 
2026-05-14 13:28:02,127 [ERROR] LogOutputStream:75 - [STDERR_REDIRECT] [Fatal Error] :1:1: Premature end of file.
2026-05-14 13:28:02,127 [ERROR] LogOutputStream:75 - [STDERR_REDIRECT] 
2026-05-14 13:28:03,127 [ERROR] LogOutputStream:75 - [STDERR_REDIRECT] [Fatal Error] :1:1: Premature end of file.
2026-05-14 13:28:03,127 [ERROR] LogOutputStream:75 - [STDERR_REDIRECT] 
2026-05-14 13:28:04,126 [ERROR] LogOutputStream:75 - [STDERR_REDIRECT] [Fatal Error] :1:1: Premature end of file.
2026-05-14 13:28:04,126 [ERROR] LogOutputStream:75 - [STDERR_REDIRECT] 
2026-05-14 13:28:05,127 [ERROR] LogOutputStream:75 - [STDERR_REDIRECT] [Fatal Error] :1:1: Premature end of file.
2026-05-14 13:28:05,127 [ERROR] LogOutputStream:75 - [STDERR_REDIRECT] 
2026-05-14 13:28:06,126 [ERROR] LogOutputStream:75 - [STDERR_REDIRECT] [Fatal Error] :1:1: Premature end of file.
2026-05-14 13:28:06,126 [ERROR] LogOutputStream:75 - [STDERR_REDIRECT] 
2026-05-14 13:28:07,128 [ERROR] LogOutputStream:75 - [STDERR_REDIRECT] [Fatal Error] :1:1: Premature end of file.
2026-05-14 13:28:07,128 [ERROR] LogOutputStream:75 - [STDERR_REDIRECT] 
2026-05-14 13:28:08,126 [ERROR] LogOutputStream:75 - [STDERR_REDIRECT] [Fatal Error] :1:1: Premature end of file.
2026-05-14 13:28:08,126 [ERROR] LogOutputStream:75 - [STDERR_REDIRECT] 
2026-05-14 13:28:09,127 [ERROR] LogOutputStream:75 - [STDERR_REDIRECT] [Fatal Error] :1:1: Premature end of file.
2026-05-14 13:28:09,127 [ERROR] LogOutputStream:75 - [STDERR_REDIRECT] 
2026-05-14 13:28:10,131 [ERROR] LogOutputStream:75 - [STDERR_REDIRECT] [Fatal Error] :1:1: Premature end of file.
2026-05-14 13:28:10,131 [ERROR] LogOutputStream:75 - [STDERR_REDIRECT] 
2026-05-14 13:28:11,131 [ERROR] LogOutputStream:75 - [STDERR_REDIRECT] [Fatal Error] :1:1: Premature end of file.
2026-05-14 13:28:11,131 [ERROR] LogOutputStream:75 - [STDERR_REDIRECT] 
2026-05-14 13:28:12,129 [ERROR] LogOutputStream:75 - [STDERR_REDIRECT] [Fatal Error] :1:1: Premature end of file.
2026-05-14 13:28:12,129 [ERROR] LogOutputStream:75 - [STDERR_REDIRECT] 
2026-05-14 13:28:13,125 [ERROR] LogOutputStream:75 - [STDERR_REDIRECT] [Fatal Error] :1:1: Premature end of file.
2026-05-14 13:28:13,125 [ERROR] LogOutputStream:75 - [STDERR_REDIRECT] 
2026-05-14 13:28:14,127 [ERROR] LogOutputStream:75 - [STDERR_REDIRECT] [Fatal Error] :1:1: Premature end of file.
2026-05-14 13:28:14,127 [ERROR] LogOutputStream:75 - [STDERR_REDIRECT] 
2026-05-14 13:28:15,127 [ERROR] LogOutputStream:75 - [STDERR_REDIRECT] [Fatal Error] :1:1: Premature end of file.
2026-05-14 13:28:15,127 [ERROR] LogOutputStream:75 - [STDERR_REDIRECT] 
2026-05-14 13:28:16,126 [ERROR] LogOutputStream:75 - [STDERR_REDIRECT] [Fatal Error] :1:1: Premature end of file.
2026-05-14 13:28:16,126 [ERROR] LogOutputStream:75 - [STDERR_REDIRECT] 
2026-05-14 13:28:17,126 [ERROR] LogOutputStream:75 - [STDERR_REDIRECT] [Fatal Error] :1:1: Premature end of file.
2026-05-14 13:28:17,126 [ERROR] LogOutputStream:75 - [STDERR_REDIRECT] 
2026-05-14 13:28:18,128 [ERROR] LogOutputStream:75 - [STDERR_REDIRECT] [Fatal Error] :1:1: Premature end of file.
2026-05-14 13:28:18,128 [ERROR] LogOutputStream:75 - [STDERR_REDIRECT] 
2026-05-14 13:28:19,128 [ERROR] LogOutputStream:75 - [STDERR_REDIRECT] [Fatal Error] :1:1: Premature end of file.
2026-05-14 13:28:19,128 [ERROR] LogOutputStream:75 - [STDERR_REDIRECT] 
2026-05-14 13:28:20,131 [ERROR] LogOutputStream:75 - [STDERR_REDIRECT] [Fatal Error] :1:1: Premature end of file.
2026-05-14 13:28:20,131 [ERROR] LogOutputStream:75 - [STDERR_REDIRECT] 
2026-05-14 13:28:21,128 [ERROR] LogOutputStream:75 - [STDERR_REDIRECT] [Fatal Error] :1:1: Premature end of file.
2026-05-14 13:28:21,128 [ERROR] LogOutputStream:75 - [STDERR_REDIRECT] 
2026-05-14 13:28:22,129 [ERROR] LogOutputStream:75 - [STDERR_REDIRECT] [Fatal Error] :1:1: Premature end of file.
2026-05-14 13:28:22,129 [ERROR] LogOutputStream:75 - [STDERR_REDIRECT] 
2026-05-14 13:28:23,127 [ERROR] LogOutputStream:75 - [STDERR_REDIRECT] [Fatal Error] :1:1: Premature end of file.
2026-05-14 13:28:23,127 [ERROR] LogOutputStream:75 - [STDERR_REDIRECT] 
2026-05-14 13:28:24,129 [ERROR] LogOutputStream:75 - [STDERR_REDIRECT] [Fatal Error] :1:1: Premature end of file.
2026-05-14 13:28:24,129 [ERROR] LogOutputStream:75 - [STDERR_REDIRECT] 
2026-05-14 13:28:25,131 [ERROR] LogOutputStream:75 - [STDERR_REDIRECT] [Fatal Error] :1:1: Premature end of file.
2026-05-14 13:28:25,131 [ERROR] LogOutputStream:75 - [STDERR_REDIRECT] 
2026-05-14 13:28:26,127 [ERROR] LogOutputStream:75 - [STDERR_REDIRECT] [Fatal Error] :1:1: Premature end of file.
2026-05-14 13:28:26,127 [ERROR] LogOutputStream:75 - [STDERR_REDIRECT] 
2026-05-14 13:28:27,128 [ERROR] LogOutputStream:75 - [STDERR_REDIRECT] [Fatal Error] :1:1: Premature end of file.
2026-05-14 13:28:27,128 [ERROR] LogOutputStream:75 - [STDERR_REDIRECT] 
2026-05-14 13:28:28,129 [ERROR] LogOutputStream:75 - [STDERR_REDIRECT] [Fatal Error] :1:1: Premature end of file.
2026-05-14 13:28:28,129 [ERROR] LogOutputStream:75 - [STDERR_REDIRECT] 
2026-05-14 13:28:29,129 [ERROR] LogOutputStream:75 - [STDERR_REDIRECT] [Fatal Error] :1:1: Premature end of file.
2026-05-14 13:28:29,129 [ERROR] LogOutputStream:75 - [STDERR_REDIRECT] 
2026-05-14 13:28:30,128 [ERROR] LogOutputStream:75 - [STDERR_REDIRECT] [Fatal Error] :1:1: Premature end of file.
2026-05-14 13:28:30,128 [ERROR] LogOutputStream:75 - [STDERR_REDIRECT] 
2026-05-14 13:28:31,129 [ERROR] LogOutputStream:75 - [STDERR_REDIRECT] [Fatal Error] :1:1: Premature end of file.
2026-05-14 13:28:31,129 [ERROR] LogOutputStream:75 - [STDERR_REDIRECT] 
2026-05-14 13:28:32,127 [ERROR] LogOutputStream:75 - [STDERR_REDIRECT] [Fatal Error] :1:1: Premature end of file.
2026-05-14 13:28:32,127 [ERROR] LogOutputStream:75 - [STDERR_REDIRECT] 
2026-05-14 13:28:33,127 [ERROR] LogOutputStream:75 - [STDERR_REDIRECT] [Fatal Error] :1:1: Premature end of file.
2026-05-14 13:28:33,127 [ERROR] LogOutputStream:75 - [STDERR_REDIRECT] 
2026-05-14 13:28:34,128 [ERROR] LogOutputStream:75 - [STDERR_REDIRECT] [Fatal Error] :1:1: Premature end of file.
2026-05-14 13:28:34,128 [ERROR] LogOutputStream:75 - [STDERR_REDIRECT] 
2026-05-14 13:28:35,128 [ERROR] LogOutputStream:75 - [STDERR_REDIRECT] [Fatal Error] :1:1: Premature end of file.
2026-05-14 13:28:35,128 [ERROR] LogOutputStream:75 - [STDERR_REDIRECT] 
2026-05-14 13:28:36,127 [ERROR] LogOutputStream:75 - [STDERR_REDIRECT] [Fatal Error] :1:1: Premature end of file.
2026-05-14 13:28:36,129 [ERROR] LogOutputStream:75 - [STDERR_REDIRECT] 
2026-05-14 13:28:37,125 [ERROR] LogOutputStream:75 - [STDERR_REDIRECT] [Fatal Error] :1:1: Premature end of file.
2026-05-14 13:28:37,126 [ERROR] LogOutputStream:75 - [STDERR_REDIRECT] 
2026-05-14 13:28:38,127 [ERROR] LogOutputStream:75 - [STDERR_REDIRECT] [Fatal Error] :1:1: Premature end of file.
2026-05-14 13:28:38,127 [ERROR] LogOutputStream:75 - [STDERR_REDIRECT] 
2026-05-14 13:28:39,127 [ERROR] LogOutputStream:75 - [STDERR_REDIRECT] [Fatal Error] :1:1: Premature end of file.
2026-05-14 13:28:39,127 [ERROR] LogOutputStream:75 - [STDERR_REDIRECT] 
2026-05-14 13:28:40,129 [ERROR] LogOutputStream:75 - [STDERR_REDIRECT] [Fatal Error] :1:1: Premature end of file.
2026-05-14 13:28:40,129 [ERROR] LogOutputStream:75 - [STDERR_REDIRECT] 
2026-05-14 13:28:41,127 [ERROR] LogOutputStream:75 - [STDERR_REDIRECT] [Fatal Error] :1:1: Premature end of file.
2026-05-14 13:28:41,127 [ERROR] LogOutputStream:75 - [STDERR_REDIRECT] 
2026-05-14 13:28:42,126 [ERROR] LogOutputStream:75 - [STDERR_REDIRECT] [Fatal Error] :1:1: Premature end of file.
2026-05-14 13:28:42,126 [ERROR] LogOutputStream:75 - [STDERR_REDIRECT] 
2026-05-14 13:28:43,127 [ERROR] LogOutputStream:75 - [STDERR_REDIRECT] [Fatal Error] :1:1: Premature end of file.
2026-05-14 13:28:43,128 [ERROR] LogOutputStream:75 - [STDERR_REDIRECT] 
2026-05-14 13:28:44,125 [ERROR] LogOutputStream:75 - [STDERR_REDIRECT] [Fatal Error] :1:1: Premature end of file.
2026-05-14 13:28:44,125 [ERROR] LogOutputStream:75 - [STDERR_REDIRECT] 
2026-05-14 13:28:45,125 [ERROR] LogOutputStream:75 - [STDERR_REDIRECT] [Fatal Error] :1:1: Premature end of file.
2026-05-14 13:28:45,125 [ERROR] LogOutputStream:75 - [STDERR_REDIRECT] 
2026-05-14 13:28:46,126 [ERROR] LogOutputStream:75 - [STDERR_REDIRECT] [Fatal Error] :1:1: Premature end of file.
2026-05-14 13:28:46,127 [ERROR] LogOutputStream:75 - [STDERR_REDIRECT] 
2026-05-14 13:28:47,124 [ERROR] LogOutputStream:75 - [STDERR_REDIRECT] [Fatal Error] :1:1: Premature end of file.
2026-05-14 13:28:47,124 [ERROR] LogOutputStream:75 - [STDERR_REDIRECT] 
2026-05-14 13:28:48,127 [ERROR] LogOutputStream:75 - [STDERR_REDIRECT] [Fatal Error] :1:1: Premature end of file.
2026-05-14 13:28:48,127 [ERROR] LogOutputStream:75 - [STDERR_REDIRECT] 
2026-05-14 13:28:49,127 [ERROR] LogOutputStream:75 - [STDERR_REDIRECT] [Fatal Error] :1:1: Premature end of file.
2026-05-14 13:28:49,127 [ERROR] LogOutputStream:75 - [STDERR_REDIRECT] 
2026-05-14 13:28:50,128 [ERROR] LogOutputStream:75 - [STDERR_REDIRECT] [Fatal Error] :1:1: Premature end of file.
2026-05-14 13:28:50,128 [ERROR] LogOutputStream:75 - [STDERR_REDIRECT] 
2026-05-14 13:28:51,126 [ERROR] LogOutputStream:75 - [STDERR_REDIRECT] [Fatal Error] :1:1: Premature end of file.
2026-05-14 13:28:51,127 [ERROR] LogOutputStream:75 - [STDERR_REDIRECT] 
2026-05-14 13:28:52,129 [ERROR] LogOutputStream:75 - [STDERR_REDIRECT] [Fatal Error] :1:1: Premature end of file.
2026-05-14 13:28:52,129 [ERROR] LogOutputStream:75 - [STDERR_REDIRECT] 
2026-05-14 13:28:53,140 [ERROR] LogOutputStream:75 - [STDERR_REDIRECT] [Fatal Error] :1:1: Premature end of file.
2026-05-14 13:28:53,140 [ERROR] LogOutputStream:75 - [STDERR_REDIRECT] 
2026-05-14 13:28:54,162 [ERROR] LogOutputStream:75 - [STDERR_REDIRECT] [Fatal Error] :1:1: Premature end of file.
2026-05-14 13:28:54,163 [ERROR] LogOutputStream:75 - [STDERR_REDIRECT] 
2026-05-14 13:28:55,129 [ERROR] LogOutputStream:75 - [STDERR_REDIRECT] [Fatal Error] :1:1: Premature end of file.
2026-05-14 13:28:55,129 [ERROR] LogOutputStream:75 - [STDERR_REDIRECT] 
2026-05-14 13:28:56,130 [ERROR] LogOutputStream:75 - [STDERR_REDIRECT] [Fatal Error] :1:1: Premature end of file.
2026-05-14 13:28:56,130 [ERROR] LogOutputStream:75 - [STDERR_REDIRECT] 
2026-05-14 13:28:57,136 [ERROR] LogOutputStream:75 - [STDERR_REDIRECT] [Fatal Error] :1:1: Premature end of file.
2026-05-14 13:28:57,136 [ERROR] LogOutputStream:75 - [STDERR_REDIRECT] 
2026-05-14 13:28:57,176 [INFO] AnalyticsPlugin:368 - Accepted License(s): [FW.F4.1.28.0]
2026-05-14 13:28:57,177 [INFO] FileExtend:248 - Unzip File : stm32cube_fw_f4_v1280.zip
2026-05-14 13:28:57,178 [INFO] FileExtend:263 - Standard Zip Deflate
2026-05-14 13:28:58,176 [ERROR] LogOutputStream:75 - [STDERR_REDIRECT] [Fatal Error] :1:1: Premature end of file.
2026-05-14 13:28:58,177 [ERROR] LogOutputStream:75 - [STDERR_REDIRECT] 
2026-05-14 13:28:59,133 [ERROR] LogOutputStream:75 - [STDERR_REDIRECT] [Fatal Error] :1:1: Premature end of file.
2026-05-14 13:28:59,133 [ERROR] LogOutputStream:75 - [STDERR_REDIRECT] 
2026-05-14 13:29:00,130 [ERROR] LogOutputStream:75 - [STDERR_REDIRECT] [Fatal Error] :1:1: Premature end of file.
2026-05-14 13:29:00,130 [ERROR] LogOutputStream:75 - [STDERR_REDIRECT] 
2026-05-14 13:29:01,136 [ERROR] LogOutputStream:75 - [STDERR_REDIRECT] [Fatal Error] :1:1: Premature end of file.
2026-05-14 13:29:01,136 [ERROR] LogOutputStream:75 - [STDERR_REDIRECT] 
2026-05-14 13:29:02,132 [ERROR] LogOutputStream:75 - [STDERR_REDIRECT] [Fatal Error] :1:1: Premature end of file.
2026-05-14 13:29:02,132 [ERROR] LogOutputStream:75 - [STDERR_REDIRECT] 
2026-05-14 13:29:03,133 [ERROR] LogOutputStream:75 - [STDERR_REDIRECT] [Fatal Error] :1:1: Premature end of file.
2026-05-14 13:29:03,133 [ERROR] LogOutputStream:75 - [STDERR_REDIRECT] 
2026-05-14 13:29:04,132 [ERROR] LogOutputStream:75 - [STDERR_REDIRECT] [Fatal Error] :1:1: Premature end of file.
2026-05-14 13:29:04,132 [ERROR] LogOutputStream:75 - [STDERR_REDIRECT] 
2026-05-14 13:29:05,137 [ERROR] LogOutputStream:75 - [STDERR_REDIRECT] [Fatal Error] :1:1: Premature end of file.
2026-05-14 13:29:05,138 [ERROR] LogOutputStream:75 - [STDERR_REDIRECT] 
2026-05-14 13:29:06,131 [ERROR] LogOutputStream:75 - [STDERR_REDIRECT] [Fatal Error] :1:1: Premature end of file.
2026-05-14 13:29:06,131 [ERROR] LogOutputStream:75 - [STDERR_REDIRECT] 
2026-05-14 13:29:07,128 [ERROR] LogOutputStream:75 - [STDERR_REDIRECT] [Fatal Error] :1:1: Premature end of file.
2026-05-14 13:29:07,128 [ERROR] LogOutputStream:75 - [STDERR_REDIRECT] 
2026-05-14 13:29:08,128 [ERROR] LogOutputStream:75 - [STDERR_REDIRECT] [Fatal Error] :1:1: Premature end of file.
2026-05-14 13:29:08,128 [ERROR] LogOutputStream:75 - [STDERR_REDIRECT] 
2026-05-14 13:29:09,217 [ERROR] LogOutputStream:75 - [STDERR_REDIRECT] [Fatal Error] :1:1: Premature end of file.
2026-05-14 13:29:09,217 [ERROR] LogOutputStream:75 - [STDERR_REDIRECT] 
2026-05-14 13:29:10,175 [ERROR] LogOutputStream:75 - [STDERR_REDIRECT] [Fatal Error] :1:1: Premature end of file.
2026-05-14 13:29:10,175 [ERROR] LogOutputStream:75 - [STDERR_REDIRECT] 
2026-05-14 13:29:11,266 [ERROR] LogOutputStream:75 - [STDERR_REDIRECT] [Fatal Error] :1:1: Premature end of file.
2026-05-14 13:29:11,266 [ERROR] LogOutputStream:75 - [STDERR_REDIRECT] 
2026-05-14 13:29:12,136 [ERROR] LogOutputStream:75 - [STDERR_REDIRECT] [Fatal Error] :1:1: Premature end of file.
2026-05-14 13:29:12,136 [ERROR] LogOutputStream:75 - [STDERR_REDIRECT] 
2026-05-14 13:29:13,130 [ERROR] LogOutputStream:75 - [STDERR_REDIRECT] [Fatal Error] :1:1: Premature end of file.
2026-05-14 13:29:13,130 [ERROR] LogOutputStream:75 - [STDERR_REDIRECT] 
2026-05-14 13:29:14,127 [ERROR] LogOutputStream:75 - [STDERR_REDIRECT] [Fatal Error] :1:1: Premature end of file.
2026-05-14 13:29:14,128 [ERROR] LogOutputStream:75 - [STDERR_REDIRECT] 
2026-05-14 13:29:15,131 [ERROR] LogOutputStream:75 - [STDERR_REDIRECT] [Fatal Error] :1:1: Premature end of file.
2026-05-14 13:29:15,131 [ERROR] LogOutputStream:75 - [STDERR_REDIRECT] 
2026-05-14 13:29:16,235 [ERROR] LogOutputStream:75 - [STDERR_REDIRECT] [Fatal Error] :1:1: Premature end of file.
2026-05-14 13:29:16,235 [ERROR] LogOutputStream:75 - [STDERR_REDIRECT] 
2026-05-14 13:29:17,130 [ERROR] LogOutputStream:75 - [STDERR_REDIRECT] [Fatal Error] :1:1: Premature end of file.
2026-05-14 13:29:17,130 [ERROR] LogOutputStream:75 - [STDERR_REDIRECT] 
2026-05-14 13:29:18,126 [ERROR] LogOutputStream:75 - [STDERR_REDIRECT] [Fatal Error] :1:1: Premature end of file.
2026-05-14 13:29:18,127 [ERROR] LogOutputStream:75 - [STDERR_REDIRECT] 
2026-05-14 13:29:19,129 [ERROR] LogOutputStream:75 - [STDERR_REDIRECT] [Fatal Error] :1:1: Premature end of file.
2026-05-14 13:29:19,129 [ERROR] LogOutputStream:75 - [STDERR_REDIRECT] 
2026-05-14 13:29:20,128 [ERROR] LogOutputStream:75 - [STDERR_REDIRECT] [Fatal Error] :1:1: Premature end of file.
2026-05-14 13:29:20,128 [ERROR] LogOutputStream:75 - [STDERR_REDIRECT] 
2026-05-14 13:29:21,291 [ERROR] LogOutputStream:75 - [STDERR_REDIRECT] [Fatal Error] :1:1: Premature end of file.
2026-05-14 13:29:21,291 [ERROR] LogOutputStream:75 - [STDERR_REDIRECT] 
2026-05-14 13:29:22,201 [ERROR] LogOutputStream:75 - [STDERR_REDIRECT] [Fatal Error] :1:1: Premature end of file.
2026-05-14 13:29:22,202 [ERROR] LogOutputStream:75 - [STDERR_REDIRECT] 
2026-05-14 13:29:23,133 [ERROR] LogOutputStream:75 - [STDERR_REDIRECT] [Fatal Error] :1:1: Premature end of file.
2026-05-14 13:29:23,134 [ERROR] LogOutputStream:75 - [STDERR_REDIRECT] 
2026-05-14 13:29:24,129 [ERROR] LogOutputStream:75 - [STDERR_REDIRECT] [Fatal Error] :1:1: Premature end of file.
2026-05-14 13:29:24,131 [ERROR] LogOutputStream:75 - [STDERR_REDIRECT] 
2026-05-14 13:29:25,130 [ERROR] LogOutputStream:75 - [STDERR_REDIRECT] [Fatal Error] :1:1: Premature end of file.
2026-05-14 13:29:25,130 [ERROR] LogOutputStream:75 - [STDERR_REDIRECT] 
2026-05-14 13:29:26,140 [ERROR] LogOutputStream:75 - [STDERR_REDIRECT] [Fatal Error] :1:1: Premature end of file.
2026-05-14 13:29:26,140 [ERROR] LogOutputStream:75 - [STDERR_REDIRECT] 
2026-05-14 13:29:27,136 [ERROR] LogOutputStream:75 - [STDERR_REDIRECT] [Fatal Error] :1:1: Premature end of file.
2026-05-14 13:29:27,136 [ERROR] LogOutputStream:75 - [STDERR_REDIRECT] 
2026-05-14 13:29:28,404 [ERROR] LogOutputStream:75 - [STDERR_REDIRECT] [Fatal Error] :1:1: Premature end of file.
2026-05-14 13:29:28,404 [ERROR] LogOutputStream:75 - [STDERR_REDIRECT] 
2026-05-14 13:29:29,130 [ERROR] LogOutputStream:75 - [STDERR_REDIRECT] [Fatal Error] :1:1: Premature end of file.
2026-05-14 13:29:29,130 [ERROR] LogOutputStream:75 - [STDERR_REDIRECT] 
2026-05-14 13:29:30,132 [ERROR] LogOutputStream:75 - [STDERR_REDIRECT] [Fatal Error] :1:1: Premature end of file.
2026-05-14 13:29:30,132 [ERROR] LogOutputStream:75 - [STDERR_REDIRECT] 
2026-05-14 13:29:31,130 [ERROR] LogOutputStream:75 - [STDERR_REDIRECT] [Fatal Error] :1:1: Premature end of file.
2026-05-14 13:29:31,130 [ERROR] LogOutputStream:75 - [STDERR_REDIRECT] 
2026-05-14 13:29:32,132 [ERROR] LogOutputStream:75 - [STDERR_REDIRECT] [Fatal Error] :1:1: Premature end of file.
2026-05-14 13:29:32,132 [ERROR] LogOutputStream:75 - [STDERR_REDIRECT] 
2026-05-14 13:29:33,130 [ERROR] LogOutputStream:75 - [STDERR_REDIRECT] [Fatal Error] :1:1: Premature end of file.
2026-05-14 13:29:33,130 [ERROR] LogOutputStream:75 - [STDERR_REDIRECT] 
2026-05-14 13:29:34,130 [ERROR] LogOutputStream:75 - [STDERR_REDIRECT] [Fatal Error] :1:1: Premature end of file.
2026-05-14 13:29:34,130 [ERROR] LogOutputStream:75 - [STDERR_REDIRECT] 
2026-05-14 13:29:35,166 [ERROR] LogOutputStream:75 - [STDERR_REDIRECT] [Fatal Error] :1:1: Premature end of file.
2026-05-14 13:29:35,168 [ERROR] LogOutputStream:75 - [STDERR_REDIRECT] 
2026-05-14 13:29:36,130 [ERROR] LogOutputStream:75 - [STDERR_REDIRECT] [Fatal Error] :1:1: Premature end of file.
2026-05-14 13:29:36,130 [ERROR] LogOutputStream:75 - [STDERR_REDIRECT] 
2026-05-14 13:29:37,124 [ERROR] LogOutputStream:75 - [STDERR_REDIRECT] [Fatal Error] :1:1: Premature end of file.
2026-05-14 13:29:37,126 [ERROR] LogOutputStream:75 - [STDERR_REDIRECT] 
2026-05-14 13:29:38,143 [ERROR] LogOutputStream:75 - [STDERR_REDIRECT] [Fatal Error] :1:1: Premature end of file.
2026-05-14 13:29:38,143 [ERROR] LogOutputStream:75 - [STDERR_REDIRECT] 
2026-05-14 13:29:38,266 [INFO] ServerAccessManage:452 - Complete download http(s) 200
2026-05-14 13:29:38,266 [INFO] ServerAccessManage:509 - Download File stm32cube_fw_f4_v1283.zip
2026-05-14 13:29:39,130 [ERROR] LogOutputStream:75 - [STDERR_REDIRECT] [Fatal Error] :1:1: Premature end of file.
2026-05-14 13:29:39,130 [ERROR] LogOutputStream:75 - [STDERR_REDIRECT] 
2026-05-14 13:29:40,128 [ERROR] LogOutputStream:75 - [STDERR_REDIRECT] [Fatal Error] :1:1: Premature end of file.
2026-05-14 13:29:40,128 [ERROR] LogOutputStream:75 - [STDERR_REDIRECT] 
2026-05-14 13:29:41,132 [ERROR] LogOutputStream:75 - [STDERR_REDIRECT] [Fatal Error] :1:1: Premature end of file.
2026-05-14 13:29:41,133 [ERROR] LogOutputStream:75 - [STDERR_REDIRECT] 
2026-05-14 13:29:42,131 [ERROR] LogOutputStream:75 - [STDERR_REDIRECT] [Fatal Error] :1:1: Premature end of file.
2026-05-14 13:29:42,131 [ERROR] LogOutputStream:75 - [STDERR_REDIRECT] 
2026-05-14 13:29:43,132 [ERROR] LogOutputStream:75 - [STDERR_REDIRECT] [Fatal Error] :1:1: Premature end of file.
2026-05-14 13:29:43,132 [ERROR] LogOutputStream:75 - [STDERR_REDIRECT] 
2026-05-14 13:29:44,130 [ERROR] LogOutputStream:75 - [STDERR_REDIRECT] [Fatal Error] :1:1: Premature end of file.
2026-05-14 13:29:44,130 [ERROR] LogOutputStream:75 - [STDERR_REDIRECT] 
2026-05-14 13:29:45,132 [ERROR] LogOutputStream:75 - [STDERR_REDIRECT] [Fatal Error] :1:1: Premature end of file.
2026-05-14 13:29:45,132 [ERROR] LogOutputStream:75 - [STDERR_REDIRECT] 
2026-05-14 13:29:46,131 [ERROR] LogOutputStream:75 - [STDERR_REDIRECT] [Fatal Error] :1:1: Premature end of file.
2026-05-14 13:29:46,131 [ERROR] LogOutputStream:75 - [STDERR_REDIRECT] 
2026-05-14 13:29:47,130 [ERROR] LogOutputStream:75 - [STDERR_REDIRECT] [Fatal Error] :1:1: Premature end of file.
2026-05-14 13:29:47,130 [ERROR] LogOutputStream:75 - [STDERR_REDIRECT] 
2026-05-14 13:29:48,131 [ERROR] LogOutputStream:75 - [STDERR_REDIRECT] [Fatal Error] :1:1: Premature end of file.
2026-05-14 13:29:48,131 [ERROR] LogOutputStream:75 - [STDERR_REDIRECT] 
2026-05-14 13:29:49,129 [ERROR] LogOutputStream:75 - [STDERR_REDIRECT] [Fatal Error] :1:1: Premature end of file.
2026-05-14 13:29:49,129 [ERROR] LogOutputStream:75 - [STDERR_REDIRECT] 
2026-05-14 13:29:50,131 [ERROR] LogOutputStream:75 - [STDERR_REDIRECT] [Fatal Error] :1:1: Premature end of file.
2026-05-14 13:29:50,132 [ERROR] LogOutputStream:75 - [STDERR_REDIRECT] 
2026-05-14 13:29:51,133 [ERROR] LogOutputStream:75 - [STDERR_REDIRECT] [Fatal Error] :1:1: Premature end of file.
2026-05-14 13:29:51,133 [ERROR] LogOutputStream:75 - [STDERR_REDIRECT] 
2026-05-14 13:29:52,127 [ERROR] LogOutputStream:75 - [STDERR_REDIRECT] [Fatal Error] :1:1: Premature end of file.
2026-05-14 13:29:52,127 [ERROR] LogOutputStream:75 - [STDERR_REDIRECT] 
2026-05-14 13:29:53,129 [ERROR] LogOutputStream:75 - [STDERR_REDIRECT] [Fatal Error] :1:1: Premature end of file.
2026-05-14 13:29:53,129 [ERROR] LogOutputStream:75 - [STDERR_REDIRECT] 
2026-05-14 13:29:54,131 [ERROR] LogOutputStream:75 - [STDERR_REDIRECT] [Fatal Error] :1:1: Premature end of file.
2026-05-14 13:29:54,131 [ERROR] LogOutputStream:75 - [STDERR_REDIRECT] 
2026-05-14 13:29:55,126 [ERROR] LogOutputStream:75 - [STDERR_REDIRECT] [Fatal Error] :1:1: Premature end of file.
2026-05-14 13:29:55,126 [ERROR] LogOutputStream:75 - [STDERR_REDIRECT] 
2026-05-14 13:29:56,129 [ERROR] LogOutputStream:75 - [STDERR_REDIRECT] [Fatal Error] :1:1: Premature end of file.
2026-05-14 13:29:56,130 [ERROR] LogOutputStream:75 - [STDERR_REDIRECT] 
2026-05-14 13:29:57,127 [ERROR] LogOutputStream:75 - [STDERR_REDIRECT] [Fatal Error] :1:1: Premature end of file.
2026-05-14 13:29:57,127 [ERROR] LogOutputStream:75 - [STDERR_REDIRECT] 
2026-05-14 13:29:58,127 [ERROR] LogOutputStream:75 - [STDERR_REDIRECT] [Fatal Error] :1:1: Premature end of file.
2026-05-14 13:29:58,127 [ERROR] LogOutputStream:75 - [STDERR_REDIRECT] 
2026-05-14 13:29:59,127 [ERROR] LogOutputStream:75 - [STDERR_REDIRECT] [Fatal Error] :1:1: Premature end of file.
2026-05-14 13:29:59,127 [ERROR] LogOutputStream:75 - [STDERR_REDIRECT] 
2026-05-14 13:30:00,127 [ERROR] LogOutputStream:75 - [STDERR_REDIRECT] [Fatal Error] :1:1: Premature end of file.
2026-05-14 13:30:00,127 [ERROR] LogOutputStream:75 - [STDERR_REDIRECT] 
2026-05-14 13:30:01,126 [ERROR] LogOutputStream:75 - [STDERR_REDIRECT] [Fatal Error] :1:1: Premature end of file.
2026-05-14 13:30:01,127 [ERROR] LogOutputStream:75 - [STDERR_REDIRECT] 
2026-05-14 13:30:02,126 [ERROR] LogOutputStream:75 - [STDERR_REDIRECT] [Fatal Error] :1:1: Premature end of file.
2026-05-14 13:30:02,126 [ERROR] LogOutputStream:75 - [STDERR_REDIRECT] 
2026-05-14 13:30:03,129 [ERROR] LogOutputStream:75 - [STDERR_REDIRECT] [Fatal Error] :1:1: Premature end of file.
2026-05-14 13:30:03,129 [ERROR] LogOutputStream:75 - [STDERR_REDIRECT] 
2026-05-14 13:30:04,127 [ERROR] LogOutputStream:75 - [STDERR_REDIRECT] [Fatal Error] :1:1: Premature end of file.
2026-05-14 13:30:04,127 [ERROR] LogOutputStream:75 - [STDERR_REDIRECT] 
2026-05-14 13:30:05,128 [ERROR] LogOutputStream:75 - [STDERR_REDIRECT] [Fatal Error] :1:1: Premature end of file.
2026-05-14 13:30:05,128 [ERROR] LogOutputStream:75 - [STDERR_REDIRECT] 
2026-05-14 13:30:06,137 [ERROR] LogOutputStream:75 - [STDERR_REDIRECT] [Fatal Error] :1:1: Premature end of file.
2026-05-14 13:30:06,137 [ERROR] LogOutputStream:75 - [STDERR_REDIRECT] 
2026-05-14 13:30:07,129 [ERROR] LogOutputStream:75 - [STDERR_REDIRECT] [Fatal Error] :1:1: Premature end of file.
2026-05-14 13:30:07,129 [ERROR] LogOutputStream:75 - [STDERR_REDIRECT] 
2026-05-14 13:30:07,522 [INFO] FileExtend:248 - Unzip File : stm32cube_fw_f4_v1283.zip
2026-05-14 13:30:07,523 [INFO] FileExtend:263 - Standard Zip Deflate
2026-05-14 13:30:08,129 [ERROR] LogOutputStream:75 - [STDERR_REDIRECT] [Fatal Error] :1:1: Premature end of file.
2026-05-14 13:30:08,129 [ERROR] LogOutputStream:75 - [STDERR_REDIRECT] 
2026-05-14 13:30:09,133 [ERROR] LogOutputStream:75 - [STDERR_REDIRECT] [Fatal Error] :1:1: Premature end of file.
2026-05-14 13:30:09,133 [ERROR] LogOutputStream:75 - [STDERR_REDIRECT] 
2026-05-14 13:30:10,316 [ERROR] LogOutputStream:75 - [STDERR_REDIRECT] [Fatal Error] :1:1: Premature end of file.
2026-05-14 13:30:10,316 [ERROR] LogOutputStream:75 - [STDERR_REDIRECT] 
2026-05-14 13:30:11,183 [ERROR] LogOutputStream:75 - [STDERR_REDIRECT] [Fatal Error] :1:1: Premature end of file.
2026-05-14 13:30:11,184 [ERROR] LogOutputStream:75 - [STDERR_REDIRECT] 
2026-05-14 13:30:12,129 [ERROR] LogOutputStream:75 - [STDERR_REDIRECT] [Fatal Error] :1:1: Premature end of file.
2026-05-14 13:30:12,129 [ERROR] LogOutputStream:75 - [STDERR_REDIRECT] 
2026-05-14 13:30:13,127 [ERROR] LogOutputStream:75 - [STDERR_REDIRECT] [Fatal Error] :1:1: Premature end of file.
2026-05-14 13:30:13,128 [ERROR] LogOutputStream:75 - [STDERR_REDIRECT] 
2026-05-14 13:30:14,152 [ERROR] LogOutputStream:75 - [STDERR_REDIRECT] [Fatal Error] :1:1: Premature end of file.
2026-05-14 13:30:14,153 [ERROR] LogOutputStream:75 - [STDERR_REDIRECT] 
2026-05-14 13:30:15,132 [ERROR] LogOutputStream:75 - [STDERR_REDIRECT] [Fatal Error] :1:1: Premature end of file.
2026-05-14 13:30:15,133 [ERROR] LogOutputStream:75 - [STDERR_REDIRECT] 
2026-05-14 13:30:16,129 [ERROR] LogOutputStream:75 - [STDERR_REDIRECT] [Fatal Error] :1:1: Premature end of file.
2026-05-14 13:30:16,130 [ERROR] LogOutputStream:75 - [STDERR_REDIRECT] 
2026-05-14 13:30:17,145 [ERROR] LogOutputStream:75 - [STDERR_REDIRECT] [Fatal Error] :1:1: Premature end of file.
2026-05-14 13:30:17,145 [ERROR] LogOutputStream:75 - [STDERR_REDIRECT] 
2026-05-14 13:30:18,134 [ERROR] LogOutputStream:75 - [STDERR_REDIRECT] [Fatal Error] :1:1: Premature end of file.
2026-05-14 13:30:18,134 [ERROR] LogOutputStream:75 - [STDERR_REDIRECT] 
2026-05-14 13:30:19,130 [ERROR] LogOutputStream:75 - [STDERR_REDIRECT] [Fatal Error] :1:1: Premature end of file.
2026-05-14 13:30:19,130 [ERROR] LogOutputStream:75 - [STDERR_REDIRECT] 
2026-05-14 13:30:20,157 [ERROR] LogOutputStream:75 - [STDERR_REDIRECT] [Fatal Error] :1:1: Premature end of file.
2026-05-14 13:30:20,157 [ERROR] LogOutputStream:75 - [STDERR_REDIRECT] 
2026-05-14 13:30:21,131 [ERROR] LogOutputStream:75 - [STDERR_REDIRECT] [Fatal Error] :1:1: Premature end of file.
2026-05-14 13:30:21,131 [ERROR] LogOutputStream:75 - [STDERR_REDIRECT] 
2026-05-14 13:30:22,130 [ERROR] LogOutputStream:75 - [STDERR_REDIRECT] [Fatal Error] :1:1: Premature end of file.
2026-05-14 13:30:22,130 [ERROR] LogOutputStream:75 - [STDERR_REDIRECT] 
2026-05-14 13:30:23,181 [ERROR] LogOutputStream:75 - [STDERR_REDIRECT] [Fatal Error] :1:1: Premature end of file.
2026-05-14 13:30:23,181 [ERROR] LogOutputStream:75 - [STDERR_REDIRECT] 
2026-05-14 13:30:24,135 [ERROR] LogOutputStream:75 - [STDERR_REDIRECT] [Fatal Error] :1:1: Premature end of file.
2026-05-14 13:30:24,135 [ERROR] LogOutputStream:75 - [STDERR_REDIRECT] 
2026-05-14 13:30:25,129 [ERROR] LogOutputStream:75 - [STDERR_REDIRECT] [Fatal Error] :1:1: Premature end of file.
2026-05-14 13:30:25,130 [ERROR] LogOutputStream:75 - [STDERR_REDIRECT] 
2026-05-14 13:30:26,281 [ERROR] LogOutputStream:75 - [STDERR_REDIRECT] [Fatal Error] :1:1: Premature end of file.
2026-05-14 13:30:26,281 [ERROR] LogOutputStream:75 - [STDERR_REDIRECT] 
2026-05-14 13:30:27,137 [ERROR] LogOutputStream:75 - [STDERR_REDIRECT] [Fatal Error] :1:1: Premature end of file.
2026-05-14 13:30:27,137 [ERROR] LogOutputStream:75 - [STDERR_REDIRECT] 
2026-05-14 13:30:28,132 [ERROR] LogOutputStream:75 - [STDERR_REDIRECT] [Fatal Error] :1:1: Premature end of file.
2026-05-14 13:30:28,132 [ERROR] LogOutputStream:75 - [STDERR_REDIRECT] 
2026-05-14 13:30:29,132 [ERROR] LogOutputStream:75 - [STDERR_REDIRECT] [Fatal Error] :1:1: Premature end of file.
2026-05-14 13:30:29,132 [ERROR] LogOutputStream:75 - [STDERR_REDIRECT] 
2026-05-14 13:30:30,145 [ERROR] LogOutputStream:75 - [STDERR_REDIRECT] [Fatal Error] :1:1: Premature end of file.
2026-05-14 13:30:30,145 [ERROR] LogOutputStream:75 - [STDERR_REDIRECT] 
2026-05-14 13:30:31,144 [ERROR] LogOutputStream:75 - [STDERR_REDIRECT] [Fatal Error] :1:1: Premature end of file.
2026-05-14 13:30:31,144 [ERROR] LogOutputStream:75 - [STDERR_REDIRECT] 
2026-05-14 13:30:32,332 [ERROR] LogOutputStream:75 - [STDERR_REDIRECT] [Fatal Error] :1:1: Premature end of file.
2026-05-14 13:30:32,333 [ERROR] LogOutputStream:75 - [STDERR_REDIRECT] 
2026-05-14 13:30:33,171 [ERROR] LogOutputStream:75 - [STDERR_REDIRECT] [Fatal Error] :1:1: Premature end of file.
2026-05-14 13:30:33,171 [ERROR] LogOutputStream:75 - [STDERR_REDIRECT] 
2026-05-14 13:30:34,131 [ERROR] LogOutputStream:75 - [STDERR_REDIRECT] [Fatal Error] :1:1: Premature end of file.
2026-05-14 13:30:34,131 [ERROR] LogOutputStream:75 - [STDERR_REDIRECT] 
2026-05-14 13:30:35,136 [ERROR] LogOutputStream:75 - [STDERR_REDIRECT] [Fatal Error] :1:1: Premature end of file.
2026-05-14 13:30:35,137 [ERROR] LogOutputStream:75 - [STDERR_REDIRECT] 
2026-05-14 13:30:36,212 [ERROR] LogOutputStream:75 - [STDERR_REDIRECT] [Fatal Error] :1:1: Premature end of file.
2026-05-14 13:30:36,212 [ERROR] LogOutputStream:75 - [STDERR_REDIRECT] 
2026-05-14 13:30:37,108 [INFO] LoadServerPackagesThread:196 - End of LoadServerPackages Thread
2026-05-14 13:30:37,152 [ERROR] LogOutputStream:75 - [STDERR_REDIRECT] [Fatal Error] :1:1: Premature end of file.
2026-05-14 13:30:37,152 [ERROR] LogOutputStream:75 - [STDERR_REDIRECT] 
2026-05-14 13:30:37,376 [INFO] ThirdPartyModel:298 - Start build external matchings
2026-05-14 13:30:37,401 [INFO] UtilMem:75 - End SaveConfig() Used Memory: 821381552 Bytes (1073741824)
2026-05-14 13:30:38,187 [INFO] BlockDiagram:2775 - set Specific Code input for plugin: RCC
2026-05-14 13:30:38,188 [INFO] BlockDiagram:2775 - set Specific Code input for plugin: NVIC
2026-05-14 13:30:38,192 [INFO] CodeGenerator:892 - code generatio: config db path: C:\ST\STM32CubeIDE_1.19.0\STM32CubeIDE\plugins\com.st.stm32cube.common.mx_6.15.0.202507011659\\db\
2026-05-14 13:30:38,238 [ERROR] LogOutputStream:75 - [STDERR_REDIRECT] [Fatal Error] :1:1: Premature end of file.
2026-05-14 13:30:38,238 [ERROR] LogOutputStream:75 - [STDERR_REDIRECT] 
2026-05-14 13:30:38,491 [INFO] CodeEngine:265 - oldGeneratedFile, C:\Users\justa\STM32CubeIDE\workspace_1.19.0\Lab5\MXTmpFiles\license.tmp_save
2026-05-14 13:30:38,499 [INFO] ThirdPartyModel:316 - End build external matchings
2026-05-14 13:30:38,523 [INFO] CheckServerUpdateThread:120 - End of CheckServer Thread
2026-05-14 13:30:38,968 [INFO] CodeEngine:289 - Generated code: C:\Users\justa\STM32CubeIDE\workspace_1.19.0\Lab5\MXTmpFiles\license.tmp
2026-05-14 13:30:39,008 [INFO] CodeEngine:265 - oldGeneratedFile, C:\Users\justa\STM32CubeIDE\workspace_1.19.0\Lab5\Core\Src\stm32f4xx_it.c_save
2026-05-14 13:30:39,179 [ERROR] LogOutputStream:75 - [STDERR_REDIRECT] [Fatal Error] :1:1: Premature end of file.
2026-05-14 13:30:39,179 [ERROR] LogOutputStream:75 - [STDERR_REDIRECT] 
2026-05-14 13:30:39,191 [INFO] CodeEngine:289 - Generated code: C:\Users\justa\STM32CubeIDE\workspace_1.19.0\Lab5\Core\Src\stm32f4xx_it.c
2026-05-14 13:30:39,204 [INFO] CodeEngine:265 - oldGeneratedFile, C:\Users\justa\STM32CubeIDE\workspace_1.19.0\Lab5\Core\Inc\stm32f4xx_it.h_save
2026-05-14 13:30:39,297 [INFO] CodeEngine:289 - Generated code: C:\Users\justa\STM32CubeIDE\workspace_1.19.0\Lab5\Core\Inc\stm32f4xx_it.h
2026-05-14 13:30:39,402 [INFO] CodeEngine:265 - oldGeneratedFile, C:\Users\justa\STM32CubeIDE\workspace_1.19.0\Lab5\Core\Src\stm32f4xx_hal_msp.c_save
2026-05-14 13:30:39,545 [INFO] CodeEngine:289 - Generated code: C:\Users\justa\STM32CubeIDE\workspace_1.19.0\Lab5\Core\Src\stm32f4xx_hal_msp.c
2026-05-14 13:30:39,565 [INFO] CodeEngine:265 - oldGeneratedFile, C:\Users\justa\STM32CubeIDE\workspace_1.19.0\Lab5\MXTmpFiles\system.tmp_save
2026-05-14 13:30:39,634 [INFO] CodeEngine:289 - Generated code: C:\Users\justa\STM32CubeIDE\workspace_1.19.0\Lab5\MXTmpFiles\system.tmp
2026-05-14 13:30:39,657 [INFO] CodeEngine:321 - oldGeneratedFile, C:\Users\justa\STM32CubeIDE\workspace_1.19.0\Lab5\Core\Inc\stm32f4xx_hal_conf.h_save
2026-05-14 13:30:39,793 [INFO] CodeEngine:345 - Generated code: C:\Users\justa\STM32CubeIDE\workspace_1.19.0\Lab5\Core\Inc\stm32f4xx_hal_conf.h
2026-05-14 13:30:39,858 [INFO] ApiDbMcu:532 - Load IP Config File for RCC
2026-05-14 13:30:39,918 [INFO] CodeEngine:265 - oldGeneratedFile, C:\Users\justa\STM32CubeIDE\workspace_1.19.0\Lab5\Core\Inc\main.h_save
2026-05-14 13:30:40,069 [INFO] CodeEngine:289 - Generated code: C:\Users\justa\STM32CubeIDE\workspace_1.19.0\Lab5\Core\Inc\main.h
2026-05-14 13:30:40,120 [INFO] CodeEngine:265 - oldGeneratedFile, C:\Users\justa\STM32CubeIDE\workspace_1.19.0\Lab5\Core\Src\main.c_save
2026-05-14 13:30:40,143 [ERROR] LogOutputStream:75 - [STDERR_REDIRECT] [Fatal Error] :1:1: Premature end of file.
2026-05-14 13:30:40,143 [ERROR] LogOutputStream:75 - [STDERR_REDIRECT] 
2026-05-14 13:30:40,261 [INFO] CodeEngine:289 - Generated code: C:\Users\justa\STM32CubeIDE\workspace_1.19.0\Lab5\Core\Src\main.c
2026-05-14 13:30:40,654 [INFO] ProjectBuilder:3606 - Time for Copy HAL[1] : 217mS.
2026-05-14 13:30:40,663 [INFO] ProjectBuilder:5216 - Project Generator version: 4.7.0-B52
2026-05-14 13:30:40,729 [INFO] ConfigFileManager:1595 - The Die is : DIE413
2026-05-14 13:30:40,739 [INFO] ApiDbMcu:532 - Load IP Config File for FATFS
2026-05-14 13:30:40,749 [INFO] ApiDbMcu:532 - Load IP Config File for FREERTOS
2026-05-14 13:30:40,754 [INFO] ApiDbMcu:532 - Load IP Config File for LIBJPEG
2026-05-14 13:30:40,763 [INFO] ApiDbMcu:532 - Load IP Config File for LWIP
2026-05-14 13:30:40,774 [INFO] ApiDbMcu:532 - Load IP Config File for MBEDTLS
2026-05-14 13:30:40,785 [INFO] ApiDbMcu:532 - Load IP Config File for USB_DEVICE
2026-05-14 13:30:40,792 [INFO] ApiDbMcu:532 - Load IP Config File for USB_HOST
2026-05-14 13:30:41,152 [ERROR] LogOutputStream:75 - [STDERR_REDIRECT] [Fatal Error] :1:1: Premature end of file.
2026-05-14 13:30:41,152 [ERROR] LogOutputStream:75 - [STDERR_REDIRECT] 
2026-05-14 13:30:41,160 [INFO] LogOutputStream:77 - [STDOUT_REDIRECT] 
2026-05-14 13:30:42,131 [ERROR] LogOutputStream:75 - [STDERR_REDIRECT] [Fatal Error] :1:1: Premature end of file.
2026-05-14 13:30:42,131 [ERROR] LogOutputStream:75 - [STDERR_REDIRECT] 
2026-05-14 13:30:43,150 [ERROR] LogOutputStream:75 - [STDERR_REDIRECT] [Fatal Error] :1:1: Premature end of file.
2026-05-14 13:30:43,150 [ERROR] LogOutputStream:75 - [STDERR_REDIRECT] 
2026-05-14 13:30:44,090 [INFO] ProjectBuilder:5496 - Time for Generating toolchain IDE Files: 3427mS.
2026-05-14 13:30:44,092 [INFO] ProjectBuilder:3463 - Time for Copy CMSIS : 1mS.
2026-05-14 13:30:44,096 [INFO] ProjectBuilder:3463 - Time for Copy CMSIS : 0mS.
2026-05-14 13:30:44,178 [ERROR] LogOutputStream:75 - [STDERR_REDIRECT] [Fatal Error] :1:1: Premature end of file.
2026-05-14 13:30:44,180 [ERROR] LogOutputStream:75 - [STDERR_REDIRECT] 
2026-05-14 13:30:45,032 [INFO] McuFinderGlobals:76 - Set McuFinderConnectedMode to true
2026-05-14 13:30:45,038 [INFO] ApiDb:448 - Save user favorites file C:\Users\justa/.stm32cubeide/favorites.mcus.txt: 1 item(s)
2026-05-14 13:30:45,039 [INFO] ApiDb:452 - User favorites MCUs=[STM32F407VGT6]
2026-05-14 13:30:45,348 [ERROR] LogOutputStream:75 - [STDERR_REDIRECT] [Fatal Error] :1:1: Premature end of file.
2026-05-14 13:30:45,349 [ERROR] LogOutputStream:75 - [STDERR_REDIRECT] 
2026-05-14 13:30:46,162 [ERROR] LogOutputStream:75 - [STDERR_REDIRECT] [Fatal Error] :1:1: Premature end of file.
2026-05-14 13:30:46,162 [ERROR] LogOutputStream:75 - [STDERR_REDIRECT] 
2026-05-14 13:30:47,127 [ERROR] LogOutputStream:75 - [STDERR_REDIRECT] [Fatal Error] :1:1: Premature end of file.
2026-05-14 13:30:47,128 [ERROR] LogOutputStream:75 - [STDERR_REDIRECT] 
2026-05-14 13:30:48,134 [ERROR] LogOutputStream:75 - [STDERR_REDIRECT] [Fatal Error] :1:1: Premature end of file.
2026-05-14 13:30:48,134 [ERROR] LogOutputStream:75 - [STDERR_REDIRECT] 
2026-05-14 13:30:49,132 [ERROR] LogOutputStream:75 - [STDERR_REDIRECT] [Fatal Error] :1:1: Premature end of file.
2026-05-14 13:30:49,132 [ERROR] LogOutputStream:75 - [STDERR_REDIRECT] 
2026-05-14 13:30:50,128 [ERROR] LogOutputStream:75 - [STDERR_REDIRECT] [Fatal Error] :1:1: Premature end of file.
2026-05-14 13:30:50,128 [ERROR] LogOutputStream:75 - [STDERR_REDIRECT] 
2026-05-14 13:30:51,127 [ERROR] LogOutputStream:75 - [STDERR_REDIRECT] [Fatal Error] :1:1: Premature end of file.
2026-05-14 13:30:51,129 [ERROR] LogOutputStream:75 - [STDERR_REDIRECT] 
2026-05-14 13:30:52,128 [ERROR] LogOutputStream:75 - [STDERR_REDIRECT] [Fatal Error] :1:1: Premature end of file.
2026-05-14 13:30:52,128 [ERROR] LogOutputStream:75 - [STDERR_REDIRECT] 
2026-05-14 13:30:53,129 [ERROR] LogOutputStream:75 - [STDERR_REDIRECT] [Fatal Error] :1:1: Premature end of file.
2026-05-14 13:30:53,129 [ERROR] LogOutputStream:75 - [STDERR_REDIRECT] 
2026-05-14 13:30:54,134 [ERROR] LogOutputStream:75 - [STDERR_REDIRECT] [Fatal Error] :1:1: Premature end of file.
2026-05-14 13:30:54,134 [ERROR] LogOutputStream:75 - [STDERR_REDIRECT] 
2026-05-14 13:30:55,126 [ERROR] LogOutputStream:75 - [STDERR_REDIRECT] [Fatal Error] :1:1: Premature end of file.
2026-05-14 13:30:55,126 [ERROR] LogOutputStream:75 - [STDERR_REDIRECT] 
2026-05-14 13:30:56,136 [ERROR] LogOutputStream:75 - [STDERR_REDIRECT] [Fatal Error] :1:1: Premature end of file.
2026-05-14 13:30:56,136 [ERROR] LogOutputStream:75 - [STDERR_REDIRECT] 
2026-05-14 13:30:57,129 [ERROR] LogOutputStream:75 - [STDERR_REDIRECT] [Fatal Error] :1:1: Premature end of file.
2026-05-14 13:30:57,129 [ERROR] LogOutputStream:75 - [STDERR_REDIRECT] 
2026-05-14 13:30:58,126 [ERROR] LogOutputStream:75 - [STDERR_REDIRECT] [Fatal Error] :1:1: Premature end of file.
2026-05-14 13:30:58,126 [ERROR] LogOutputStream:75 - [STDERR_REDIRECT] 
2026-05-14 13:30:59,126 [ERROR] LogOutputStream:75 - [STDERR_REDIRECT] [Fatal Error] :1:1: Premature end of file.
2026-05-14 13:30:59,126 [ERROR] LogOutputStream:75 - [STDERR_REDIRECT] 
2026-05-14 13:31:00,127 [ERROR] LogOutputStream:75 - [STDERR_REDIRECT] [Fatal Error] :1:1: Premature end of file.
2026-05-14 13:31:00,127 [ERROR] LogOutputStream:75 - [STDERR_REDIRECT] 
2026-05-14 13:31:01,135 [ERROR] LogOutputStream:75 - [STDERR_REDIRECT] [Fatal Error] :1:1: Premature end of file.
2026-05-14 13:31:01,135 [ERROR] LogOutputStream:75 - [STDERR_REDIRECT] 
2026-05-14 13:31:02,129 [ERROR] LogOutputStream:75 - [STDERR_REDIRECT] [Fatal Error] :1:1: Premature end of file.
2026-05-14 13:31:02,129 [ERROR] LogOutputStream:75 - [STDERR_REDIRECT] 
2026-05-14 13:31:03,134 [ERROR] LogOutputStream:75 - [STDERR_REDIRECT] [Fatal Error] :1:1: Premature end of file.
2026-05-14 13:31:03,134 [ERROR] LogOutputStream:75 - [STDERR_REDIRECT] 
2026-05-14 13:31:04,128 [ERROR] LogOutputStream:75 - [STDERR_REDIRECT] [Fatal Error] :1:1: Premature end of file.
2026-05-14 13:31:04,128 [ERROR] LogOutputStream:75 - [STDERR_REDIRECT] 
2026-05-14 13:31:05,127 [ERROR] LogOutputStream:75 - [STDERR_REDIRECT] [Fatal Error] :1:1: Premature end of file.
2026-05-14 13:31:05,127 [ERROR] LogOutputStream:75 - [STDERR_REDIRECT] 
2026-05-14 13:31:06,128 [ERROR] LogOutputStream:75 - [STDERR_REDIRECT] [Fatal Error] :1:1: Premature end of file.
2026-05-14 13:31:06,128 [ERROR] LogOutputStream:75 - [STDERR_REDIRECT] 
2026-05-14 13:31:07,128 [ERROR] LogOutputStream:75 - [STDERR_REDIRECT] [Fatal Error] :1:1: Premature end of file.
2026-05-14 13:31:07,128 [ERROR] LogOutputStream:75 - [STDERR_REDIRECT] 
2026-05-14 13:31:08,130 [ERROR] LogOutputStream:75 - [STDERR_REDIRECT] [Fatal Error] :1:1: Premature end of file.
2026-05-14 13:31:08,130 [ERROR] LogOutputStream:75 - [STDERR_REDIRECT] 
2026-05-14 13:31:09,148 [ERROR] LogOutputStream:75 - [STDERR_REDIRECT] [Fatal Error] :1:1: Premature end of file.
2026-05-14 13:31:09,149 [ERROR] LogOutputStream:75 - [STDERR_REDIRECT] 
2026-05-14 13:31:10,128 [ERROR] LogOutputStream:75 - [STDERR_REDIRECT] [Fatal Error] :1:1: Premature end of file.
2026-05-14 13:31:10,128 [ERROR] LogOutputStream:75 - [STDERR_REDIRECT] 
2026-05-14 13:31:11,125 [ERROR] LogOutputStream:75 - [STDERR_REDIRECT] [Fatal Error] :1:1: Premature end of file.
2026-05-14 13:31:11,125 [ERROR] LogOutputStream:75 - [STDERR_REDIRECT] 
2026-05-14 13:31:12,127 [ERROR] LogOutputStream:75 - [STDERR_REDIRECT] [Fatal Error] :1:1: Premature end of file.
2026-05-14 13:31:12,127 [ERROR] LogOutputStream:75 - [STDERR_REDIRECT] 
2026-05-14 13:31:13,125 [ERROR] LogOutputStream:75 - [STDERR_REDIRECT] [Fatal Error] :1:1: Premature end of file.
2026-05-14 13:31:13,125 [ERROR] LogOutputStream:75 - [STDERR_REDIRECT] 
2026-05-14 13:31:14,126 [ERROR] LogOutputStream:75 - [STDERR_REDIRECT] [Fatal Error] :1:1: Premature end of file.
2026-05-14 13:31:14,126 [ERROR] LogOutputStream:75 - [STDERR_REDIRECT] 
2026-05-14 13:31:15,128 [ERROR] LogOutputStream:75 - [STDERR_REDIRECT] [Fatal Error] :1:1: Premature end of file.
2026-05-14 13:31:15,128 [ERROR] LogOutputStream:75 - [STDERR_REDIRECT] 
2026-05-14 13:31:16,128 [ERROR] LogOutputStream:75 - [STDERR_REDIRECT] [Fatal Error] :1:1: Premature end of file.
2026-05-14 13:31:16,128 [ERROR] LogOutputStream:75 - [STDERR_REDIRECT] 
2026-05-14 13:31:17,123 [ERROR] LogOutputStream:75 - [STDERR_REDIRECT] [Fatal Error] :1:1: Premature end of file.
2026-05-14 13:31:17,123 [ERROR] LogOutputStream:75 - [STDERR_REDIRECT] 
2026-05-14 13:31:18,126 [ERROR] LogOutputStream:75 - [STDERR_REDIRECT] [Fatal Error] :1:1: Premature end of file.
2026-05-14 13:31:18,126 [ERROR] LogOutputStream:75 - [STDERR_REDIRECT] 
2026-05-14 13:31:19,125 [ERROR] LogOutputStream:75 - [STDERR_REDIRECT] [Fatal Error] :1:1: Premature end of file.
2026-05-14 13:31:19,125 [ERROR] LogOutputStream:75 - [STDERR_REDIRECT] 
2026-05-14 13:31:20,137 [ERROR] LogOutputStream:75 - [STDERR_REDIRECT] [Fatal Error] :1:1: Premature end of file.
2026-05-14 13:31:20,137 [ERROR] LogOutputStream:75 - [STDERR_REDIRECT] 
2026-05-14 13:31:21,127 [ERROR] LogOutputStream:75 - [STDERR_REDIRECT] [Fatal Error] :1:1: Premature end of file.
2026-05-14 13:31:21,127 [ERROR] LogOutputStream:75 - [STDERR_REDIRECT] 
2026-05-14 13:31:22,127 [ERROR] LogOutputStream:75 - [STDERR_REDIRECT] [Fatal Error] :1:1: Premature end of file.
2026-05-14 13:31:22,127 [ERROR] LogOutputStream:75 - [STDERR_REDIRECT] 
2026-05-14 13:31:23,124 [ERROR] LogOutputStream:75 - [STDERR_REDIRECT] [Fatal Error] :1:1: Premature end of file.
2026-05-14 13:31:23,124 [ERROR] LogOutputStream:75 - [STDERR_REDIRECT] 
2026-05-14 13:31:24,128 [ERROR] LogOutputStream:75 - [STDERR_REDIRECT] [Fatal Error] :1:1: Premature end of file.
2026-05-14 13:31:24,128 [ERROR] LogOutputStream:75 - [STDERR_REDIRECT] 
2026-05-14 13:31:25,128 [ERROR] LogOutputStream:75 - [STDERR_REDIRECT] [Fatal Error] :1:1: Premature end of file.
2026-05-14 13:31:25,128 [ERROR] LogOutputStream:75 - [STDERR_REDIRECT] 
2026-05-14 13:31:26,125 [ERROR] LogOutputStream:75 - [STDERR_REDIRECT] [Fatal Error] :1:1: Premature end of file.
2026-05-14 13:31:26,125 [ERROR] LogOutputStream:75 - [STDERR_REDIRECT] 
2026-05-14 13:31:27,126 [ERROR] LogOutputStream:75 - [STDERR_REDIRECT] [Fatal Error] :1:1: Premature end of file.
2026-05-14 13:31:27,126 [ERROR] LogOutputStream:75 - [STDERR_REDIRECT] 
2026-05-14 13:31:28,127 [ERROR] LogOutputStream:75 - [STDERR_REDIRECT] [Fatal Error] :1:1: Premature end of file.
2026-05-14 13:31:28,127 [ERROR] LogOutputStream:75 - [STDERR_REDIRECT] 
2026-05-14 13:31:29,126 [ERROR] LogOutputStream:75 - [STDERR_REDIRECT] [Fatal Error] :1:1: Premature end of file.
2026-05-14 13:31:29,126 [ERROR] LogOutputStream:75 - [STDERR_REDIRECT] 
2026-05-14 13:31:30,127 [ERROR] LogOutputStream:75 - [STDERR_REDIRECT] [Fatal Error] :1:1: Premature end of file.
2026-05-14 13:31:30,127 [ERROR] LogOutputStream:75 - [STDERR_REDIRECT] 
2026-05-14 13:31:31,125 [ERROR] LogOutputStream:75 - [STDERR_REDIRECT] [Fatal Error] :1:1: Premature end of file.
2026-05-14 13:31:31,125 [ERROR] LogOutputStream:75 - [STDERR_REDIRECT] 
2026-05-14 13:31:32,127 [ERROR] LogOutputStream:75 - [STDERR_REDIRECT] [Fatal Error] :1:1: Premature end of file.
2026-05-14 13:31:32,127 [ERROR] LogOutputStream:75 - [STDERR_REDIRECT] 
2026-05-14 13:31:33,130 [ERROR] LogOutputStream:75 - [STDERR_REDIRECT] [Fatal Error] :1:1: Premature end of file.
2026-05-14 13:31:33,130 [ERROR] LogOutputStream:75 - [STDERR_REDIRECT] 
2026-05-14 13:31:34,128 [ERROR] LogOutputStream:75 - [STDERR_REDIRECT] [Fatal Error] :1:1: Premature end of file.
2026-05-14 13:31:34,128 [ERROR] LogOutputStream:75 - [STDERR_REDIRECT] 
2026-05-14 13:31:35,130 [ERROR] LogOutputStream:75 - [STDERR_REDIRECT] [Fatal Error] :1:1: Premature end of file.
2026-05-14 13:31:35,131 [ERROR] LogOutputStream:75 - [STDERR_REDIRECT] 
2026-05-14 13:31:36,132 [ERROR] LogOutputStream:75 - [STDERR_REDIRECT] [Fatal Error] :1:1: Premature end of file.
2026-05-14 13:31:36,132 [ERROR] LogOutputStream:75 - [STDERR_REDIRECT] 
2026-05-14 13:31:37,329 [ERROR] LogOutputStream:75 - [STDERR_REDIRECT] [Fatal Error] :1:1: Premature end of file.
2026-05-14 13:31:37,329 [ERROR] LogOutputStream:75 - [STDERR_REDIRECT] 
2026-05-14 13:31:38,128 [ERROR] LogOutputStream:75 - [STDERR_REDIRECT] [Fatal Error] :1:1: Premature end of file.
2026-05-14 13:31:38,128 [ERROR] LogOutputStream:75 - [STDERR_REDIRECT] 
2026-05-14 13:31:39,127 [ERROR] LogOutputStream:75 - [STDERR_REDIRECT] [Fatal Error] :1:1: Premature end of file.
2026-05-14 13:31:39,127 [ERROR] LogOutputStream:75 - [STDERR_REDIRECT] 
2026-05-14 13:31:40,127 [ERROR] LogOutputStream:75 - [STDERR_REDIRECT] [Fatal Error] :1:1: Premature end of file.
2026-05-14 13:31:40,127 [ERROR] LogOutputStream:75 - [STDERR_REDIRECT] 
2026-05-14 13:31:41,128 [ERROR] LogOutputStream:75 - [STDERR_REDIRECT] [Fatal Error] :1:1: Premature end of file.
2026-05-14 13:31:41,129 [ERROR] LogOutputStream:75 - [STDERR_REDIRECT] 
2026-05-14 13:31:42,125 [ERROR] LogOutputStream:75 - [STDERR_REDIRECT] [Fatal Error] :1:1: Premature end of file.
2026-05-14 13:31:42,126 [ERROR] LogOutputStream:75 - [STDERR_REDIRECT] 
2026-05-14 13:31:43,124 [ERROR] LogOutputStream:75 - [STDERR_REDIRECT] [Fatal Error] :1:1: Premature end of file.
2026-05-14 13:31:43,125 [ERROR] LogOutputStream:75 - [STDERR_REDIRECT] 
2026-05-14 13:31:44,125 [ERROR] LogOutputStream:75 - [STDERR_REDIRECT] [Fatal Error] :1:1: Premature end of file.
2026-05-14 13:31:44,125 [ERROR] LogOutputStream:75 - [STDERR_REDIRECT] 
2026-05-14 13:31:45,122 [ERROR] LogOutputStream:75 - [STDERR_REDIRECT] [Fatal Error] :1:1: Premature end of file.
2026-05-14 13:31:45,122 [ERROR] LogOutputStream:75 - [STDERR_REDIRECT] 
2026-05-14 13:31:46,125 [ERROR] LogOutputStream:75 - [STDERR_REDIRECT] [Fatal Error] :1:1: Premature end of file.
2026-05-14 13:31:46,125 [ERROR] LogOutputStream:75 - [STDERR_REDIRECT] 
2026-05-14 13:31:47,145 [ERROR] LogOutputStream:75 - [STDERR_REDIRECT] [Fatal Error] :1:1: Premature end of file.
2026-05-14 13:31:47,145 [ERROR] LogOutputStream:75 - [STDERR_REDIRECT] 
2026-05-14 13:31:48,144 [ERROR] LogOutputStream:75 - [STDERR_REDIRECT] [Fatal Error] :1:1: Premature end of file.
2026-05-14 13:31:48,146 [ERROR] LogOutputStream:75 - [STDERR_REDIRECT] 
2026-05-14 13:31:49,126 [ERROR] LogOutputStream:75 - [STDERR_REDIRECT] [Fatal Error] :1:1: Premature end of file.
2026-05-14 13:31:49,126 [ERROR] LogOutputStream:75 - [STDERR_REDIRECT] 
2026-05-14 13:31:50,126 [ERROR] LogOutputStream:75 - [STDERR_REDIRECT] [Fatal Error] :1:1: Premature end of file.
2026-05-14 13:31:50,126 [ERROR] LogOutputStream:75 - [STDERR_REDIRECT] 
2026-05-14 13:31:51,128 [ERROR] LogOutputStream:75 - [STDERR_REDIRECT] [Fatal Error] :1:1: Premature end of file.
2026-05-14 13:31:51,129 [ERROR] LogOutputStream:75 - [STDERR_REDIRECT] 
2026-05-14 13:31:52,125 [ERROR] LogOutputStream:75 - [STDERR_REDIRECT] [Fatal Error] :1:1: Premature end of file.
2026-05-14 13:31:52,125 [ERROR] LogOutputStream:75 - [STDERR_REDIRECT] 
2026-05-14 13:31:53,126 [ERROR] LogOutputStream:75 - [STDERR_REDIRECT] [Fatal Error] :1:1: Premature end of file.
2026-05-14 13:31:53,126 [ERROR] LogOutputStream:75 - [STDERR_REDIRECT] 
2026-05-14 13:31:54,124 [ERROR] LogOutputStream:75 - [STDERR_REDIRECT] [Fatal Error] :1:1: Premature end of file.
2026-05-14 13:31:54,127 [ERROR] LogOutputStream:75 - [STDERR_REDIRECT] 
2026-05-14 13:31:55,126 [ERROR] LogOutputStream:75 - [STDERR_REDIRECT] [Fatal Error] :1:1: Premature end of file.
2026-05-14 13:31:55,126 [ERROR] LogOutputStream:75 - [STDERR_REDIRECT] 
2026-05-14 13:31:56,123 [ERROR] LogOutputStream:75 - [STDERR_REDIRECT] [Fatal Error] :1:1: Premature end of file.
2026-05-14 13:31:56,123 [ERROR] LogOutputStream:75 - [STDERR_REDIRECT] 
2026-05-14 13:31:57,123 [ERROR] LogOutputStream:75 - [STDERR_REDIRECT] [Fatal Error] :1:1: Premature end of file.
2026-05-14 13:31:57,123 [ERROR] LogOutputStream:75 - [STDERR_REDIRECT] 
2026-05-14 13:31:58,043 [INFO] MainUpdater:2872 - connection check result : 10
2026-05-14 13:31:58,043 [INFO] MainUpdater:2872 - connection check result : 10
2026-05-14 13:31:58,135 [ERROR] LogOutputStream:75 - [STDERR_REDIRECT] [Fatal Error] :1:1: Premature end of file.
2026-05-14 13:31:58,137 [ERROR] LogOutputStream:75 - [STDERR_REDIRECT] 
2026-05-14 13:31:58,489 [INFO] MicroXplorer:468 - Change Database Path : 
2026-05-14 13:31:58,489 [INFO] MicroXplorer:498 - Change Database Version : DB.6.0.150
2026-05-14 13:31:58,511 [ERROR] ProjectManagerView:395 - 
java.lang.NullPointerException: Cannot invoke "javax.swing.JTextField.getText()" because the return value of "java.util.List.get(int)" is null
	at com.st.microxplorer.plugins.projectmanager.gui.ProjectChoiceTab$9.caretUpdate(ProjectChoiceTab.java:2706) ~[filemanager.jar:?]
	at javax.swing.text.JTextComponent.fireCaretUpdate(JTextComponent.java:408) ~[?:?]
	at javax.swing.text.JTextComponent$MutableCaretEvent.fire(JTextComponent.java:4484) ~[?:?]
	at javax.swing.text.JTextComponent$MutableCaretEvent.stateChanged(JTextComponent.java:4506) ~[?:?]
	at javax.swing.text.DefaultCaret.fireStateChanged(DefaultCaret.java:857) ~[?:?]
	at javax.swing.text.DefaultCaret.changeCaretPosition(DefaultCaret.java:1343) ~[?:?]
	at javax.swing.text.DefaultCaret.handleSetDot(DefaultCaret.java:1242) ~[?:?]
	at javax.swing.text.DefaultCaret.setDot(DefaultCaret.java:1223) ~[?:?]
	at javax.swing.text.DefaultCaret$Handler.insertUpdate(DefaultCaret.java:1819) ~[?:?]
	at javax.swing.text.AbstractDocument.fireInsertUpdate(AbstractDocument.java:227) ~[?:?]
	at javax.swing.text.AbstractDocument.handleInsertString(AbstractDocument.java:781) ~[?:?]
	at javax.swing.text.AbstractDocument.insertString(AbstractDocument.java:740) ~[?:?]
	at javax.swing.text.PlainDocument.insertString(PlainDocument.java:131) ~[?:?]
	at javax.swing.text.AbstractDocument.replace(AbstractDocument.java:699) ~[?:?]
	at javax.swing.text.JTextComponent.setText(JTextComponent.java:1725) ~[?:?]
	at com.st.microxplorer.plugins.projectmanager.gui.ProjectChoiceTab.createHeapStackFields(ProjectChoiceTab.java:993) ~[filemanager.jar:?]
	at com.st.microxplorer.plugins.projectmanager.gui.ProjectChoiceTab.buildLinkSettingsPanel(ProjectChoiceTab.java:3813) ~[filemanager.jar:?]
	at com.st.microxplorer.plugins.projectmanager.gui.ProjectChoiceTab.defineWindowsFields(ProjectChoiceTab.java:1987) ~[filemanager.jar:?]
	at com.st.microxplorer.plugins.projectmanager.gui.ProjectChoiceTab.updateSettings(ProjectChoiceTab.java:558) ~[filemanager.jar:?]
	at com.st.microxplorer.plugins.projectmanager.gui.ProjectSettingsPanel.UpdateDialog(ProjectSettingsPanel.java:247) ~[filemanager.jar:?]
	at com.st.microxplorer.plugins.projectmanager.ProjectManagerView.propertyChange(ProjectManagerView.java:392) ~[filemanager.jar:?]
	at java.beans.PropertyChangeSupport.fire(PropertyChangeSupport.java:343) ~[?:?]
	at java.beans.PropertyChangeSupport.firePropertyChange(PropertyChangeSupport.java:335) ~[?:?]
	at java.beans.PropertyChangeSupport.firePropertyChange(PropertyChangeSupport.java:268) ~[?:?]
	at com.st.microxplorer.util.MXPropertyChangeSupport.firePropertyChange(MXPropertyChangeSupport.java:54) ~[STM32CubeMX.jar:?]
	at com.st.microxplorer.mxsystem.MxSystem.closeConfig(MxSystem.java:899) ~[STM32CubeMX.jar:?]
	at com.st.microxplorer.maingui.MainPanel.closeConfig(MainPanel.java:792) ~[STM32CubeMX.jar:?]
	at com.st.microxplorer.plugins.filemanager.engine.OpenFileManager.loadConfigurationFile(OpenFileManager.java:288) ~[filemanager.jar:?]
	at com.st.microxplorer.plugins.filemanager.engine.MainFileManager.userLoadConfig(MainFileManager.java:364) ~[filemanager.jar:?]
	at com.st.microxplorer.plugins.filemanager.engine.MainFileManager.userLoadConfig(MainFileManager.java:342) ~[filemanager.jar:?]
	at com.st.microxplorer.plugins.filemanager.FileManagerView.getSpecificTask(FileManagerView.java:264) ~[filemanager.jar:?]
	at com.st.stm32cube.common.mx.editor.CubeMxEditor.getMxTabbedPaneInstance(CubeMxEditor.java:1198) ~[com.st.stm32cube.common.mx_6.15.0.202507011659/:?]
	at com.st.stm32cube.common.mx.editor.CubeMxEditor$12$1.createSwingComponent(CubeMxEditor.java:1068) ~[com.st.stm32cube.common.mx_6.15.0.202507011659/:?]
	at com.st.stm32cube.common.mx.oss.core.awtswtbridge.EmbeddedSwingComposite.doComponentCreation(EmbeddedSwingComposite.java:492) ~[com.st.stm32cube.common.mx.oss_6.15.0.202507011659/:?]
	at com.st.stm32cube.common.mx.oss.core.awtswtbridge.EmbeddedSwingComposite$4.run(EmbeddedSwingComposite.java:291) ~[com.st.stm32cube.common.mx.oss_6.15.0.202507011659/:?]
	at com.st.stm32cube.common.mx.oss.core.awtswtbridge.AwtEnvironment$2.run(AwtEnvironment.java:166) ~[com.st.stm32cube.common.mx.oss_6.15.0.202507011659/:?]
	at java.awt.event.InvocationEvent.dispatch(InvocationEvent.java:318) ~[?:?]
	at java.awt.EventQueue.dispatchEventImpl(EventQueue.java:773) ~[?:?]
	at java.awt.EventQueue$4.run(EventQueue.java:720) ~[?:?]
	at java.awt.EventQueue$4.run(EventQueue.java:714) ~[?:?]
	at java.security.AccessController.doPrivileged(AccessController.java:400) ~[?:?]
	at java.security.ProtectionDomain$JavaSecurityAccessImpl.doIntersectionPrivilege(ProtectionDomain.java:87) ~[?:?]
	at java.awt.EventQueue.dispatchEvent(EventQueue.java:742) ~[?:?]
	at java.awt.EventDispatchThread.pumpOneEventForFilters(EventDispatchThread.java:203) ~[?:?]
	at java.awt.EventDispatchThread.pumpEventsForFilter(EventDispatchThread.java:124) ~[?:?]
	at java.awt.EventDispatchThread.pumpEventsForHierarchy(EventDispatchThread.java:113) ~[?:?]
	at java.awt.EventDispatchThread.pumpEvents(EventDispatchThread.java:109) ~[?:?]
	at java.awt.EventDispatchThread.pumpEvents(EventDispatchThread.java:101) ~[?:?]
	at java.awt.EventDispatchThread.run(EventDispatchThread.java:90) ~[?:?]
2026-05-14 13:31:58,512 [WARN] ThirdParty:871 - waiting for thirdparty lock release [close project]
2026-05-14 13:31:58,512 [INFO] ThirdParty:873 - entering critical section [close project]
2026-05-14 13:31:58,512 [INFO] ThirdParty:883 - exiting critical section [close project]
2026-05-14 13:31:58,514 [INFO] PinOutPanel:1589 - setPackage(No Configuration,No Configuration)
2026-05-14 13:31:58,522 [WARN] IpParametersView:155 - Warning: This peripheral hasn't parameters
2026-05-14 13:31:58,530 [WARN] MainPanel:289 - <html><b><center>Warning: This peripheral has no parameters to be configured<br></b></html>
2026-05-14 13:31:58,532 [INFO] UtilMem:75 - Begin LoadConfig() Used Memory: 840747448 Bytes (1073741824)
2026-05-14 13:31:58,533 [INFO] MicroXplorer:468 - Change Database Path : 
2026-05-14 13:31:58,533 [INFO] MicroXplorer:498 - Change Database Version : DB.6.0.150
2026-05-14 13:31:58,533 [INFO] OpenFileManager:355 - Change cursor
2026-05-14 13:31:58,553 [INFO] RulesReader:64 - Compatibility file has been processed (317 Rules)
2026-05-14 13:31:58,559 [INFO] Mcu:2029 - Initializing MCU STM32F407V(E-G)Tx STM32F407VGTx STM32F407VGT6
2026-05-14 13:31:59,127 [ERROR] LogOutputStream:75 - [STDERR_REDIRECT] [Fatal Error] :1:1: Premature end of file.
2026-05-14 13:31:59,127 [ERROR] LogOutputStream:75 - [STDERR_REDIRECT] 
2026-05-14 13:31:59,534 [INFO] Context:786 - Trying to add GPIOservice into a context  which must be forbidden
2026-05-14 13:32:00,057 [INFO] ImportTextPane:234 - (OptionalMessage_ERROR) Pin0 (VP_RIF_VS_RIF1) cannot be retrieved for this MCU
2026-05-14 13:32:00,150 [ERROR] LogOutputStream:75 - [STDERR_REDIRECT] [Fatal Error] :1:1: Premature end of file.
2026-05-14 13:32:00,150 [ERROR] LogOutputStream:75 - [STDERR_REDIRECT] 
2026-05-14 13:32:00,153 [INFO] RtosManager:558 - Registered RTOS mode: class=CMSIS, group=RTOS, mode=CMSIS_V1, owner=FREERTOS
2026-05-14 13:32:00,153 [INFO] RtosManager:558 - Registered RTOS mode: class=CMSIS, group=RTOS2, mode=CMSIS_V2, owner=FREERTOS
2026-05-14 13:32:00,153 [INFO] RtosManager:558 - Registered RTOS mode: class=RTOS, group=Core, mode=CMSIS_V1, owner=FREERTOS
2026-05-14 13:32:00,154 [INFO] RtosManager:558 - Registered RTOS mode: class=RTOS, group=Core, mode=CMSIS_V2, owner=FREERTOS
2026-05-14 13:32:00,154 [WARN] ModelIntegratedComponent:184 - Missing modes for component STMicroelectronics:FreeRTOS:0.0.1:STMicroelectronics:RTOS:FreeRTOS:Core:::10.2.0:
2026-05-14 13:32:00,160 [WARN] ModelIntegratedComponent:63 - No mode defined for component null
2026-05-14 13:32:00,160 [WARN] ModelIntegratedComponent:63 - No mode defined for component null
2026-05-14 13:32:00,160 [WARN] ModelIntegratedComponent:63 - No mode defined for component null
2026-05-14 13:32:00,160 [WARN] ModelIntegratedComponent:63 - No mode defined for component null
2026-05-14 13:32:00,160 [WARN] ModelIntegratedComponent:63 - No mode defined for component null
2026-05-14 13:32:00,160 [WARN] ModelIntegratedComponent:63 - No mode defined for component null
2026-05-14 13:32:00,160 [WARN] ModelIntegratedComponent:63 - No mode defined for component null
2026-05-14 13:32:00,160 [WARN] ModelIntegratedComponent:63 - No mode defined for component null
2026-05-14 13:32:00,160 [WARN] ModelIntegratedComponent:63 - No mode defined for component null
2026-05-14 13:32:00,160 [WARN] ModelIntegratedComponent:63 - No mode defined for component null
2026-05-14 13:32:00,161 [WARN] ModelIntegratedComponent:63 - No mode defined for component null
2026-05-14 13:32:00,161 [WARN] ModelIntegratedComponent:63 - No mode defined for component null
2026-05-14 13:32:00,161 [WARN] ModelIntegratedComponent:63 - No mode defined for component null
2026-05-14 13:32:00,161 [WARN] ModelIntegratedComponent:63 - No mode defined for component null
2026-05-14 13:32:00,161 [WARN] ModelIntegratedComponent:63 - No mode defined for component null
2026-05-14 13:32:00,161 [WARN] ModelIntegratedComponent:63 - No mode defined for component null
2026-05-14 13:32:00,161 [WARN] ModelIntegratedComponent:63 - No mode defined for component null
2026-05-14 13:32:00,161 [WARN] ModelIntegratedComponent:63 - No mode defined for component null
2026-05-14 13:32:00,162 [WARN] ModelIntegratedComponent:63 - No mode defined for component null
2026-05-14 13:32:00,162 [WARN] ModelIntegratedComponent:63 - No mode defined for component null
2026-05-14 13:32:00,162 [WARN] ModelIntegratedComponent:63 - No mode defined for component null
2026-05-14 13:32:00,162 [WARN] ModelIntegratedComponent:63 - No mode defined for component null
2026-05-14 13:32:00,162 [WARN] ModelIntegratedComponent:63 - No mode defined for component null
2026-05-14 13:32:00,162 [WARN] ModelIntegratedComponent:63 - No mode defined for component null
2026-05-14 13:32:00,162 [WARN] ModelIntegratedComponent:63 - No mode defined for component null
2026-05-14 13:32:00,162 [WARN] ModelIntegratedComponent:63 - No mode defined for component null
2026-05-14 13:32:00,162 [WARN] ModelIntegratedComponent:63 - No mode defined for component null
2026-05-14 13:32:00,162 [WARN] ModelIntegratedComponent:63 - No mode defined for component null
2026-05-14 13:32:00,162 [WARN] ModelIntegratedComponent:63 - No mode defined for component null
2026-05-14 13:32:00,162 [WARN] ModelIntegratedComponent:63 - No mode defined for component null
2026-05-14 13:32:00,162 [WARN] ModelIntegratedComponent:63 - No mode defined for component null
2026-05-14 13:32:00,164 [WARN] ModelIntegratedComponent:63 - No mode defined for component null
2026-05-14 13:32:00,164 [WARN] ModelIntegratedComponent:63 - No mode defined for component null
2026-05-14 13:32:00,164 [WARN] ModelIntegratedComponent:63 - No mode defined for component null
2026-05-14 13:32:00,164 [WARN] ModelIntegratedComponent:63 - No mode defined for component null
2026-05-14 13:32:00,164 [WARN] ModelPack:524 - Component already loaded: STMicroelectronics:HAL Drivers:0.0.0:STMicroelectronics:Device:STMicro_Driver:XSPI:HAL::0.0.1:HAL_XSPI
2026-05-14 13:32:00,212 [INFO] ThirdPartyModel:298 - Start build external matchings
2026-05-14 13:32:00,781 [INFO] ThirdPartyModel:316 - End build external matchings
2026-05-14 13:32:01,048 [INFO] UtilMem:75 - End LoadConfig() Used Memory: 855935960 Bytes (1073741824)
2026-05-14 13:32:01,076 [WARN] ThirdParty:833 - waiting for thirdparty lock release [change project]
2026-05-14 13:32:01,077 [INFO] ThirdParty:835 - entering critical section [change project]
2026-05-14 13:32:01,077 [INFO] ThirdParty:1030 - CMSIS Pack Vendor :STMicroelectronics X-CUBE-AZRTOS-H7 3.5.0
2026-05-14 13:32:01,077 [INFO] ThirdParty:1030 - CMSIS Pack Vendor :STMicroelectronics X-CUBE-PM33A1 1.0.0
2026-05-14 13:32:01,077 [INFO] ThirdParty:1030 - CMSIS Pack Vendor :STMicroelectronics USBPD 4.1
2026-05-14 13:32:01,077 [INFO] ThirdParty:1030 - CMSIS Pack Vendor :STMicroelectronics X-CUBE-NFC9 1.0.0
2026-05-14 13:32:01,077 [INFO] ThirdParty:1030 - CMSIS Pack Vendor :STMicroelectronics USB_HOST 2.0.0
2026-05-14 13:32:01,077 [INFO] ThirdParty:1030 - CMSIS Pack Vendor :STMicroelectronics X-CUBE-AZRTOS-F4 1.1.0
2026-05-14 13:32:01,077 [INFO] ThirdParty:1030 - CMSIS Pack Vendor :STMicroelectronics LIBJPEG 8.0.0
2026-05-14 13:32:01,077 [INFO] ThirdParty:1030 - CMSIS Pack Vendor :STMicroelectronics FP-ATR-ASTRA1 2.0.2
2026-05-14 13:32:01,077 [INFO] ThirdParty:1030 - CMSIS Pack Vendor :STMicroelectronics X-CUBE-BLE1 7.1.0
2026-05-14 13:32:01,077 [INFO] ThirdParty:1030 - CMSIS Pack Vendor :STMicroelectronics X-CUBE-SMBUS 2.1.0
2026-05-14 13:32:01,077 [INFO] ThirdParty:1030 - CMSIS Pack Vendor :wolfSSL I-CUBE-wolfMQTT 1.19.2
2026-05-14 13:32:01,077 [INFO] ThirdParty:1030 - CMSIS Pack Vendor :STMicroelectronics USB_DEVICE 3.0.0
2026-05-14 13:32:01,077 [INFO] ThirdParty:1030 - CMSIS Pack Vendor :STMicroelectronics X-CUBE-ISPU 2.1.0
2026-05-14 13:32:01,077 [INFO] ThirdParty:1030 - CMSIS Pack Vendor :STMicroelectronics X-CUBE-EEPRMA1 5.2.0
2026-05-14 13:32:01,077 [INFO] ThirdParty:1030 - CMSIS Pack Vendor :STMicroelectronics X-CUBE-IPS 3.2.0
2026-05-14 13:32:01,077 [INFO] ThirdParty:1030 - CMSIS Pack Vendor :STMicroelectronics X-CUBE-BLEMGR 4.1.0
2026-05-14 13:32:01,077 [INFO] ThirdParty:1030 - CMSIS Pack Vendor :STMicroelectronics eDS-WB_DPC_TT-BIDIR 2.1.1
2026-05-14 13:32:01,077 [INFO] ThirdParty:1030 - CMSIS Pack Vendor :STMicroelectronics X-CUBE-AZRTOS-WB 2.0.0
2026-05-14 13:32:01,077 [INFO] ThirdParty:1030 - CMSIS Pack Vendor :STMicroelectronics X-CUBE-NFC12 1.0.0
2026-05-14 13:32:01,078 [INFO] ThirdParty:1030 - CMSIS Pack Vendor :STMicroelectronics X-CUBE-AZRTOS-F7 1.1.0
2026-05-14 13:32:01,078 [INFO] ThirdParty:1030 - CMSIS Pack Vendor :STMicroelectronics X-CUBE-AZRTOS-L5 2.0.0
2026-05-14 13:32:01,078 [INFO] ThirdParty:1030 - CMSIS Pack Vendor :STMicroelectronics USB_DEVICE 2.0.0
2026-05-14 13:32:01,078 [INFO] ThirdParty:1030 - CMSIS Pack Vendor :STMicroelectronics FP-SNS-STAIOTCFT 1.1.0
2026-05-14 13:32:01,078 [INFO] ThirdParty:1030 - CMSIS Pack Vendor :quantropi X-CUBE-qispace-sdk-base 2.1.0
2026-05-14 13:32:01,078 [INFO] ThirdParty:1030 - CMSIS Pack Vendor :STMicroelectronics X-CUBE-MEMS1 12.0.0
2026-05-14 13:32:01,078 [INFO] ThirdParty:1030 - CMSIS Pack Vendor :STMicroelectronics X-CUBE-STSE01 2.0.0
2026-05-14 13:32:01,078 [INFO] ThirdParty:1030 - CMSIS Pack Vendor :STMicroelectronics FP-SNS-MOTENV1 5.1.0
2026-05-14 13:32:01,078 [INFO] ThirdParty:1030 - CMSIS Pack Vendor :STMicroelectronics FreeRTOS 0.0.1
2026-05-14 13:32:01,078 [INFO] ThirdParty:1030 - CMSIS Pack Vendor :STMicroelectronics X-CUBE-AZRTOS-G0 1.1.0
2026-05-14 13:32:01,078 [INFO] ThirdParty:1030 - CMSIS Pack Vendor :STMicroelectronics X-CUBE-NFC4 3.0.0
2026-05-14 13:32:01,078 [INFO] ThirdParty:1030 - CMSIS Pack Vendor :STMicroelectronics X-CUBE-SUBG2 5.0.0
2026-05-14 13:32:01,078 [INFO] ThirdParty:1030 - CMSIS Pack Vendor :STMicroelectronics STM32_WPAN 1.0.0
2026-05-14 13:32:01,078 [INFO] ThirdParty:1030 - CMSIS Pack Vendor :STMicroelectronics eDS-WB_DPC_VIENNA 1.2.0
2026-05-14 13:32:01,078 [INFO] ThirdParty:1030 - CMSIS Pack Vendor :EmbeddedOffice I-CUBE-FS-RTOS 1.0.1
2026-05-14 13:32:01,078 [INFO] ThirdParty:1030 - CMSIS Pack Vendor :STMicroelectronics lwIP 2.0.3
2026-05-14 13:32:01,078 [INFO] ThirdParty:1030 - CMSIS Pack Vendor :WES I-CUBE-Cesium 1.4.0
2026-05-14 13:32:01,078 [INFO] ThirdParty:1030 - CMSIS Pack Vendor :STMicroelectronics eDS-WB_DPC_3PH2L-BIDIR 1.1.1
2026-05-14 13:32:01,078 [INFO] ThirdParty:1030 - CMSIS Pack Vendor :STMicroelectronics USB_HOST 1.0.0
2026-05-14 13:32:01,078 [INFO] ThirdParty:1030 - CMSIS Pack Vendor :STMicroelectronics X-CUBE-AZRTOS-G4 2.0.0
2026-05-14 13:32:01,078 [INFO] ThirdParty:1030 - CMSIS Pack Vendor :STMicroelectronics PDM2PCM 3.1.0
2026-05-14 13:32:01,078 [INFO] ThirdParty:1030 - CMSIS Pack Vendor :STMicroelectronics PDM2PCM 3.3.0
2026-05-14 13:32:01,078 [INFO] ThirdParty:1030 - CMSIS Pack Vendor :wolfSSL I-CUBE-wolfTPM 3.8.0
2026-05-14 13:32:01,078 [INFO] ThirdParty:1030 - CMSIS Pack Vendor :STMicroelectronics X-CUBE-DISPLAY 3.0.0
2026-05-14 13:32:01,078 [INFO] ThirdParty:1030 - CMSIS Pack Vendor :wolfSSL I-CUBE-wolfSSH 1.4.20
2026-05-14 13:32:01,078 [INFO] ThirdParty:1030 - CMSIS Pack Vendor :STMicroelectronics X-CUBE-NFC7 2.0.0
2026-05-14 13:32:01,079 [INFO] ThirdParty:1030 - CMSIS Pack Vendor :STMicroelectronics X-CUBE-GNSS1 7.1.1
2026-05-14 13:32:01,079 [INFO] ThirdParty:1030 - CMSIS Pack Vendor :STMicroelectronics FP-SNS-MOTENVWB1 1.5.0
2026-05-14 13:32:01,079 [INFO] ThirdParty:1030 - CMSIS Pack Vendor :STMicroelectronics X-CUBE-TCPP 4.2.0
2026-05-14 13:32:01,079 [INFO] ThirdParty:1030 - CMSIS Pack Vendor :RealThread X-CUBE-RT-Thread_Nano 4.1.1
2026-05-14 13:32:01,079 [INFO] ThirdParty:1030 - CMSIS Pack Vendor :wolfSSL I-CUBE-wolfSSL 5.9.1
2026-05-14 13:32:01,079 [INFO] ThirdParty:1030 - CMSIS Pack Vendor :STMicroelectronics FP-ATR-SIGFOX1 3.2.0
2026-05-14 13:32:01,079 [INFO] ThirdParty:1030 - CMSIS Pack Vendor :STMicroelectronics X-CUBE-NFC10 1.0.0
2026-05-14 13:32:01,079 [INFO] ThirdParty:1030 - CMSIS Pack Vendor :STMicroelectronics HAL Drivers 0.0.0
2026-05-14 13:32:01,079 [INFO] ThirdParty:1030 - CMSIS Pack Vendor :STMicroelectronics X-CUBE-FREERTOS 1.5.0
2026-05-14 13:32:01,079 [INFO] ThirdParty:1030 - CMSIS Pack Vendor :STMicroelectronics MBEDTLS 2.16.2
2026-05-14 13:32:01,079 [INFO] ThirdParty:1030 - CMSIS Pack Vendor :STMicroelectronics X-CUBE-ST60 1.1.0
2026-05-14 13:32:01,079 [INFO] ThirdParty:1030 - CMSIS Pack Vendor :STMicroelectronics X-CUBE-ALS 1.0.2
2026-05-14 13:32:01,079 [INFO] ThirdParty:1030 - CMSIS Pack Vendor :emotas I-CUBE-CANOPEN 1.3.0
2026-05-14 13:32:01,079 [INFO] ThirdParty:1030 - CMSIS Pack Vendor :STMicroelectronics MBEDTLS 2.14.1
2026-05-14 13:32:01,079 [INFO] ThirdParty:1030 - CMSIS Pack Vendor :STMicroelectronics X-CUBE-GNSS1 7.1.0
2026-05-14 13:32:01,079 [INFO] ThirdParty:1030 - CMSIS Pack Vendor :ITTIA_DB I-CUBE-ITTIADB 8.9.0
2026-05-14 13:32:01,079 [INFO] ThirdParty:1030 - CMSIS Pack Vendor :Cesanta I-CUBE-Mongoose 7.21.7
2026-05-14 13:32:01,079 [INFO] ThirdParty:1030 - CMSIS Pack Vendor :STMicroelectronics X-CUBE-TOUCHGFX 4.26.1
2026-05-14 13:32:01,079 [INFO] ThirdParty:1030 - CMSIS Pack Vendor :STMicroelectronics X-CUBE-NFC6 3.2.0
2026-05-14 13:32:01,079 [INFO] ThirdParty:1030 - CMSIS Pack Vendor :STMicroelectronics FP-SNS-STBOX1 2.1.0
2026-05-14 13:32:01,079 [INFO] ThirdParty:1030 - CMSIS Pack Vendor :STMicroelectronics X-CUBE-AI 10.2.0
2026-05-14 13:32:01,079 [INFO] ThirdParty:1030 - CMSIS Pack Vendor :STMicroelectronics ThreadX 1.0.0
2026-05-14 13:32:01,079 [INFO] ThirdParty:1030 - CMSIS Pack Vendor :STMicroelectronics FP-SNS-SMARTAG2 1.2.0
2026-05-14 13:32:01,079 [INFO] ThirdParty:1030 - CMSIS Pack Vendor :STMicroelectronics X-CUBE-MEMS1 12.1.0
2026-05-14 13:32:01,079 [INFO] ThirdParty:1030 - CMSIS Pack Vendor :STMicroelectronics FP-SNS-FLIGHT1 5.1.0
2026-05-14 13:32:01,080 [INFO] ThirdParty:1030 - CMSIS Pack Vendor :STMicroelectronics X-CUBE-AZRTOS-WL 2.0.0
2026-05-14 13:32:01,080 [INFO] ThirdParty:1030 - CMSIS Pack Vendor :SEGGER I-CUBE-embOS 1.3.1
2026-05-14 13:32:01,080 [INFO] ThirdParty:1030 - CMSIS Pack Vendor :STMicroelectronics X-CUBE-ALGOBUILD 1.4.0
2026-05-14 13:32:01,080 [INFO] ThirdParty:1030 - CMSIS Pack Vendor :STMicroelectronics X-CUBE-DPower 1.3.0
2026-05-14 13:32:01,080 [INFO] ThirdParty:1030 - CMSIS Pack Vendor :STMicroelectronics USB_DEVICE 1.0.0
2026-05-14 13:32:01,080 [INFO] ThirdParty:1030 - CMSIS Pack Vendor :STMicroelectronics X-CUBE-AZRTOS-H7RS 1.2.0
2026-05-14 13:32:01,080 [INFO] ThirdParty:1030 - CMSIS Pack Vendor :STMicroelectronics X-CUBE-AZRTOS-L4 2.0.0
2026-05-14 13:32:01,080 [INFO] ThirdParty:1030 - CMSIS Pack Vendor :STMicroelectronics ThreadX 0.0.2
2026-05-14 13:32:01,080 [INFO] ThirdParty:1030 - CMSIS Pack Vendor :STMicroelectronics lwIP 2.1.2
2026-05-14 13:32:01,080 [INFO] ThirdParty:1030 - CMSIS Pack Vendor :STMicroelectronics X-CUBE-SFXS2LP1 4.0.0
2026-05-14 13:32:01,080 [INFO] ThirdParty:1030 - CMSIS Pack Vendor :STMicroelectronics X-CUBE-BLE2 3.3.0
2026-05-14 13:32:01,080 [INFO] ThirdParty:1030 - CMSIS Pack Vendor :Avnet-IOTCONNECT X-CUBE-iotc-st67-sdk 1.0.0
2026-05-14 13:32:01,080 [INFO] ThirdParty:1030 - CMSIS Pack Vendor :STMicroelectronics X-CUBE-TOF1 3.4.3
2026-05-14 13:32:01,080 [INFO] ThirdParty:1030 - CMSIS Pack Vendor :Infineon AIROC-Wi-Fi-Bluetooth-STM32 1.8.0
2026-05-14 13:32:01,080 [INFO] ThirdParty:1030 - CMSIS Pack Vendor :STMicroelectronics PDM2PCM 3.2.0
2026-05-14 13:32:01,080 [INFO] ThirdParty:1030 - CMSIS Pack Vendor :STMicroelectronics X-CUBE-WB05N 2.1.0
2026-05-14 13:32:01,080 [INFO] ThirdParty:841 - exiting critical section [change project]
2026-05-14 13:32:01,153 [ERROR] LogOutputStream:75 - [STDERR_REDIRECT] [Fatal Error] :1:1: Premature end of file.
2026-05-14 13:32:01,154 [ERROR] LogOutputStream:75 - [STDERR_REDIRECT] 
2026-05-14 13:32:01,314 [INFO] PinOutPanel:1589 - setPackage(No Configuration,No Configuration)
2026-05-14 13:32:01,315 [INFO] PinOutPanel:1589 - setPackage(STM32F407VGTx,LQFP100)
2026-05-14 13:32:01,484 [INFO] UtilMem:75 - Before build in PCC Used Memory: 748728104 Bytes (1073741824)
2026-05-14 13:32:01,723 [INFO] UtilMem:75 - After build in PCC Used Memory: 794865448 Bytes (1073741824)
2026-05-14 13:32:01,743 [INFO] IPUIPlugin:80 - create IPUIPlugin
2026-05-14 13:32:01,743 [INFO] IPUIPlugin:80 - create IPUIPlugin
2026-05-14 13:32:01,743 [INFO] IPUIPlugin:80 - create IPUIPlugin
2026-05-14 13:32:01,743 [INFO] IPUIPlugin:80 - create IPUIPlugin
2026-05-14 13:32:01,743 [INFO] IPUIPlugin:80 - create IPUIPlugin
2026-05-14 13:32:01,743 [INFO] IPUIPlugin:80 - create IPUIPlugin
2026-05-14 13:32:01,743 [INFO] IPUIPlugin:80 - create IPUIPlugin
2026-05-14 13:32:01,743 [INFO] IPUIPlugin:80 - create IPUIPlugin
2026-05-14 13:32:01,743 [INFO] IPUIPlugin:80 - create IPUIPlugin
2026-05-14 13:32:01,743 [INFO] IPUIPlugin:80 - create IPUIPlugin
2026-05-14 13:32:01,743 [INFO] IPUIPlugin:80 - create IPUIPlugin
2026-05-14 13:32:01,744 [INFO] IPUIPlugin:80 - create IPUIPlugin
2026-05-14 13:32:01,744 [INFO] IPUIPlugin:80 - create IPUIPlugin
2026-05-14 13:32:01,744 [INFO] IPUIPlugin:80 - create IPUIPlugin
2026-05-14 13:32:01,744 [INFO] IPUIPlugin:80 - create IPUIPlugin
2026-05-14 13:32:01,744 [INFO] IPUIPlugin:80 - create IPUIPlugin
2026-05-14 13:32:01,744 [INFO] IPUIPlugin:80 - create IPUIPlugin
2026-05-14 13:32:01,744 [INFO] IPUIPlugin:80 - create IPUIPlugin
2026-05-14 13:32:01,744 [INFO] IPUIPlugin:80 - create IPUIPlugin
2026-05-14 13:32:01,744 [INFO] IPUIPlugin:80 - create IPUIPlugin
2026-05-14 13:32:01,744 [INFO] IPUIPlugin:80 - create IPUIPlugin
2026-05-14 13:32:01,744 [INFO] IPUIPlugin:80 - create IPUIPlugin
2026-05-14 13:32:01,744 [INFO] IPUIPlugin:80 - create IPUIPlugin
2026-05-14 13:32:01,745 [INFO] IPUIPlugin:80 - create IPUIPlugin
2026-05-14 13:32:01,745 [INFO] IPUIPlugin:80 - create IPUIPlugin
2026-05-14 13:32:01,745 [INFO] IPUIPlugin:80 - create IPUIPlugin
2026-05-14 13:32:01,745 [INFO] IPUIPlugin:80 - create IPUIPlugin
2026-05-14 13:32:01,745 [INFO] IPUIPlugin:80 - create IPUIPlugin
2026-05-14 13:32:01,745 [INFO] IPUIPlugin:80 - create IPUIPlugin
2026-05-14 13:32:01,746 [INFO] IPUIPlugin:80 - create IPUIPlugin
2026-05-14 13:32:01,746 [INFO] IPUIPlugin:80 - create IPUIPlugin
2026-05-14 13:32:01,746 [INFO] IPUIPlugin:80 - create IPUIPlugin
2026-05-14 13:32:01,746 [INFO] IPUIPlugin:80 - create IPUIPlugin
2026-05-14 13:32:01,746 [INFO] IPUIPlugin:80 - create IPUIPlugin
2026-05-14 13:32:01,746 [INFO] IPUIPlugin:80 - create IPUIPlugin
2026-05-14 13:32:01,746 [INFO] IPUIPlugin:80 - create IPUIPlugin
2026-05-14 13:32:01,746 [INFO] IPUIPlugin:80 - create IPUIPlugin
2026-05-14 13:32:01,747 [INFO] IPUIPlugin:80 - create IPUIPlugin
2026-05-14 13:32:01,747 [INFO] IPUIPlugin:80 - create IPUIPlugin
2026-05-14 13:32:01,747 [INFO] IPUIPlugin:80 - create IPUIPlugin
2026-05-14 13:32:01,747 [INFO] IPUIPlugin:80 - create IPUIPlugin
2026-05-14 13:32:01,747 [INFO] IPUIPlugin:80 - create IPUIPlugin
2026-05-14 13:32:01,747 [INFO] IPUIPlugin:80 - create IPUIPlugin
2026-05-14 13:32:01,747 [INFO] IPUIPlugin:80 - create IPUIPlugin
2026-05-14 13:32:01,747 [INFO] IPUIPlugin:80 - create IPUIPlugin
2026-05-14 13:32:01,748 [INFO] IPUIPlugin:80 - create IPUIPlugin
2026-05-14 13:32:01,748 [INFO] IPUIPlugin:80 - create IPUIPlugin
2026-05-14 13:32:01,748 [INFO] IPUIPlugin:80 - create IPUIPlugin
2026-05-14 13:32:01,748 [INFO] IPUIPlugin:80 - create IPUIPlugin
2026-05-14 13:32:01,748 [INFO] IPUIPlugin:80 - create IPUIPlugin
2026-05-14 13:32:01,748 [INFO] IPUIPlugin:80 - create IPUIPlugin
2026-05-14 13:32:01,749 [INFO] IPUIPlugin:80 - create IPUIPlugin
2026-05-14 13:32:01,749 [INFO] IPUIPlugin:80 - create IPUIPlugin
2026-05-14 13:32:01,749 [INFO] IPUIPlugin:80 - create IPUIPlugin
2026-05-14 13:32:01,749 [INFO] IPUIPlugin:80 - create IPUIPlugin
2026-05-14 13:32:01,749 [INFO] IPUIPlugin:80 - create IPUIPlugin
2026-05-14 13:32:01,750 [INFO] IPUIPlugin:80 - create IPUIPlugin
2026-05-14 13:32:01,750 [INFO] IPUIPlugin:80 - create IPUIPlugin
2026-05-14 13:32:01,756 [INFO] ApiDbMcu:532 - Load IP Config File for PDM2PCM
2026-05-14 13:32:01,784 [INFO] CADModel:165 - CPN selected for project levelSTM32F407VGT6
2026-05-14 13:32:01,784 [INFO] CADModel:114 - Register for checkConnection events
2026-05-14 13:32:01,838 [INFO] OpenFileManager:386 - Restore cursor
2026-05-14 13:32:02,139 [ERROR] LogOutputStream:75 - [STDERR_REDIRECT] [Fatal Error] :1:1: Premature end of file.
2026-05-14 13:32:02,139 [ERROR] LogOutputStream:75 - [STDERR_REDIRECT] 
2026-05-14 13:32:03,125 [ERROR] LogOutputStream:75 - [STDERR_REDIRECT] [Fatal Error] :1:1: Premature end of file.
2026-05-14 13:32:03,125 [ERROR] LogOutputStream:75 - [STDERR_REDIRECT] 
2026-05-14 13:32:04,128 [ERROR] LogOutputStream:75 - [STDERR_REDIRECT] [Fatal Error] :1:1: Premature end of file.
2026-05-14 13:32:04,128 [ERROR] LogOutputStream:75 - [STDERR_REDIRECT] 
2026-05-14 13:32:05,128 [ERROR] LogOutputStream:75 - [STDERR_REDIRECT] [Fatal Error] :1:1: Premature end of file.
2026-05-14 13:32:05,128 [ERROR] LogOutputStream:75 - [STDERR_REDIRECT] 
2026-05-14 13:32:06,150 [ERROR] LogOutputStream:75 - [STDERR_REDIRECT] [Fatal Error] :1:1: Premature end of file.
2026-05-14 13:32:06,150 [ERROR] LogOutputStream:75 - [STDERR_REDIRECT] 
2026-05-14 13:32:07,122 [ERROR] LogOutputStream:75 - [STDERR_REDIRECT] [Fatal Error] :1:1: Premature end of file.
2026-05-14 13:32:07,122 [ERROR] LogOutputStream:75 - [STDERR_REDIRECT] 
2026-05-14 13:32:08,127 [ERROR] LogOutputStream:75 - [STDERR_REDIRECT] [Fatal Error] :1:1: Premature end of file.
2026-05-14 13:32:08,127 [ERROR] LogOutputStream:75 - [STDERR_REDIRECT] 
2026-05-14 13:32:09,126 [ERROR] LogOutputStream:75 - [STDERR_REDIRECT] [Fatal Error] :1:1: Premature end of file.
2026-05-14 13:32:09,126 [ERROR] LogOutputStream:75 - [STDERR_REDIRECT] 
2026-05-14 13:32:10,126 [ERROR] LogOutputStream:75 - [STDERR_REDIRECT] [Fatal Error] :1:1: Premature end of file.
2026-05-14 13:32:10,126 [ERROR] LogOutputStream:75 - [STDERR_REDIRECT] 
2026-05-14 13:32:11,126 [ERROR] LogOutputStream:75 - [STDERR_REDIRECT] [Fatal Error] :1:1: Premature end of file.
2026-05-14 13:32:11,126 [ERROR] LogOutputStream:75 - [STDERR_REDIRECT] 
2026-05-14 13:32:12,127 [ERROR] LogOutputStream:75 - [STDERR_REDIRECT] [Fatal Error] :1:1: Premature end of file.
2026-05-14 13:32:12,127 [ERROR] LogOutputStream:75 - [STDERR_REDIRECT] 
2026-05-14 13:32:13,124 [ERROR] LogOutputStream:75 - [STDERR_REDIRECT] [Fatal Error] :1:1: Premature end of file.
2026-05-14 13:32:13,124 [ERROR] LogOutputStream:75 - [STDERR_REDIRECT] 
2026-05-14 13:32:14,128 [ERROR] LogOutputStream:75 - [STDERR_REDIRECT] [Fatal Error] :1:1: Premature end of file.
2026-05-14 13:32:14,128 [ERROR] LogOutputStream:75 - [STDERR_REDIRECT] 
2026-05-14 13:32:15,129 [ERROR] LogOutputStream:75 - [STDERR_REDIRECT] [Fatal Error] :1:1: Premature end of file.
2026-05-14 13:32:15,129 [ERROR] LogOutputStream:75 - [STDERR_REDIRECT] 
2026-05-14 13:32:16,129 [ERROR] LogOutputStream:75 - [STDERR_REDIRECT] [Fatal Error] :1:1: Premature end of file.
2026-05-14 13:32:16,129 [ERROR] LogOutputStream:75 - [STDERR_REDIRECT] 
2026-05-14 13:32:17,124 [ERROR] LogOutputStream:75 - [STDERR_REDIRECT] [Fatal Error] :1:1: Premature end of file.
2026-05-14 13:32:17,124 [ERROR] LogOutputStream:75 - [STDERR_REDIRECT] 
2026-05-14 13:32:18,124 [ERROR] LogOutputStream:75 - [STDERR_REDIRECT] [Fatal Error] :1:1: Premature end of file.
2026-05-14 13:32:18,124 [ERROR] LogOutputStream:75 - [STDERR_REDIRECT] 
2026-05-14 13:32:19,128 [ERROR] LogOutputStream:75 - [STDERR_REDIRECT] [Fatal Error] :1:1: Premature end of file.
2026-05-14 13:32:19,128 [ERROR] LogOutputStream:75 - [STDERR_REDIRECT] 
2026-05-14 13:32:19,392 [INFO] MainUpdater:2872 - connection check result : 10
2026-05-14 13:32:19,392 [INFO] MainUpdater:2872 - connection check result : 10
2026-05-14 13:32:19,656 [INFO] MicroXplorer:468 - Change Database Path : 
2026-05-14 13:32:19,656 [INFO] MicroXplorer:498 - Change Database Version : DB.6.0.150
2026-05-14 13:32:19,660 [ERROR] ProjectManagerView:395 - 
java.lang.NullPointerException: Cannot invoke "javax.swing.JTextField.getText()" because the return value of "java.util.List.get(int)" is null
	at com.st.microxplorer.plugins.projectmanager.gui.ProjectChoiceTab$9.caretUpdate(ProjectChoiceTab.java:2706) ~[filemanager.jar:?]
	at javax.swing.text.JTextComponent.fireCaretUpdate(JTextComponent.java:408) ~[?:?]
	at javax.swing.text.JTextComponent$MutableCaretEvent.fire(JTextComponent.java:4484) ~[?:?]
	at javax.swing.text.JTextComponent$MutableCaretEvent.stateChanged(JTextComponent.java:4506) ~[?:?]
	at javax.swing.text.DefaultCaret.fireStateChanged(DefaultCaret.java:857) ~[?:?]
	at javax.swing.text.DefaultCaret.changeCaretPosition(DefaultCaret.java:1343) ~[?:?]
	at javax.swing.text.DefaultCaret.handleSetDot(DefaultCaret.java:1242) ~[?:?]
	at javax.swing.text.DefaultCaret.setDot(DefaultCaret.java:1223) ~[?:?]
	at javax.swing.text.DefaultCaret$Handler.insertUpdate(DefaultCaret.java:1819) ~[?:?]
	at javax.swing.text.AbstractDocument.fireInsertUpdate(AbstractDocument.java:227) ~[?:?]
	at javax.swing.text.AbstractDocument.handleInsertString(AbstractDocument.java:781) ~[?:?]
	at javax.swing.text.AbstractDocument.insertString(AbstractDocument.java:740) ~[?:?]
	at javax.swing.text.PlainDocument.insertString(PlainDocument.java:131) ~[?:?]
	at javax.swing.text.AbstractDocument.replace(AbstractDocument.java:699) ~[?:?]
	at javax.swing.text.JTextComponent.setText(JTextComponent.java:1725) ~[?:?]
	at com.st.microxplorer.plugins.projectmanager.gui.ProjectChoiceTab.createHeapStackFields(ProjectChoiceTab.java:993) ~[filemanager.jar:?]
	at com.st.microxplorer.plugins.projectmanager.gui.ProjectChoiceTab.buildLinkSettingsPanel(ProjectChoiceTab.java:3813) ~[filemanager.jar:?]
	at com.st.microxplorer.plugins.projectmanager.gui.ProjectChoiceTab.defineWindowsFields(ProjectChoiceTab.java:1987) ~[filemanager.jar:?]
	at com.st.microxplorer.plugins.projectmanager.gui.ProjectChoiceTab.updateSettings(ProjectChoiceTab.java:558) ~[filemanager.jar:?]
	at com.st.microxplorer.plugins.projectmanager.gui.ProjectSettingsPanel.UpdateDialog(ProjectSettingsPanel.java:247) ~[filemanager.jar:?]
	at com.st.microxplorer.plugins.projectmanager.ProjectManagerView.propertyChange(ProjectManagerView.java:392) ~[filemanager.jar:?]
	at java.beans.PropertyChangeSupport.fire(PropertyChangeSupport.java:343) ~[?:?]
	at java.beans.PropertyChangeSupport.firePropertyChange(PropertyChangeSupport.java:335) ~[?:?]
	at java.beans.PropertyChangeSupport.firePropertyChange(PropertyChangeSupport.java:268) ~[?:?]
	at com.st.microxplorer.util.MXPropertyChangeSupport.firePropertyChange(MXPropertyChangeSupport.java:54) ~[STM32CubeMX.jar:?]
	at com.st.microxplorer.mxsystem.MxSystem.closeConfig(MxSystem.java:899) ~[STM32CubeMX.jar:?]
	at com.st.microxplorer.maingui.MainPanel.closeConfig(MainPanel.java:792) ~[STM32CubeMX.jar:?]
	at com.st.microxplorer.plugins.filemanager.engine.OpenFileManager.loadConfigurationFile(OpenFileManager.java:288) ~[filemanager.jar:?]
	at com.st.microxplorer.plugins.filemanager.engine.MainFileManager.userLoadConfig(MainFileManager.java:364) ~[filemanager.jar:?]
	at com.st.microxplorer.plugins.filemanager.engine.MainFileManager.userLoadConfig(MainFileManager.java:342) ~[filemanager.jar:?]
	at com.st.microxplorer.plugins.filemanager.FileManagerView.getSpecificTask(FileManagerView.java:264) ~[filemanager.jar:?]
	at com.st.stm32cube.common.mx.editor.CubeMxEditor.getMxTabbedPaneInstance(CubeMxEditor.java:1198) ~[com.st.stm32cube.common.mx_6.15.0.202507011659/:?]
	at com.st.stm32cube.common.mx.editor.CubeMxEditor$12$1.createSwingComponent(CubeMxEditor.java:1068) ~[com.st.stm32cube.common.mx_6.15.0.202507011659/:?]
	at com.st.stm32cube.common.mx.oss.core.awtswtbridge.EmbeddedSwingComposite.doComponentCreation(EmbeddedSwingComposite.java:492) ~[com.st.stm32cube.common.mx.oss_6.15.0.202507011659/:?]
	at com.st.stm32cube.common.mx.oss.core.awtswtbridge.EmbeddedSwingComposite$4.run(EmbeddedSwingComposite.java:291) ~[com.st.stm32cube.common.mx.oss_6.15.0.202507011659/:?]
	at com.st.stm32cube.common.mx.oss.core.awtswtbridge.AwtEnvironment$2.run(AwtEnvironment.java:166) ~[com.st.stm32cube.common.mx.oss_6.15.0.202507011659/:?]
	at java.awt.event.InvocationEvent.dispatch(InvocationEvent.java:318) ~[?:?]
	at java.awt.EventQueue.dispatchEventImpl(EventQueue.java:773) ~[?:?]
	at java.awt.EventQueue$4.run(EventQueue.java:720) ~[?:?]
	at java.awt.EventQueue$4.run(EventQueue.java:714) ~[?:?]
	at java.security.AccessController.doPrivileged(AccessController.java:400) ~[?:?]
	at java.security.ProtectionDomain$JavaSecurityAccessImpl.doIntersectionPrivilege(ProtectionDomain.java:87) ~[?:?]
	at java.awt.EventQueue.dispatchEvent(EventQueue.java:742) ~[?:?]
	at java.awt.EventDispatchThread.pumpOneEventForFilters(EventDispatchThread.java:203) ~[?:?]
	at java.awt.EventDispatchThread.pumpEventsForFilter(EventDispatchThread.java:124) ~[?:?]
	at java.awt.EventDispatchThread.pumpEventsForHierarchy(EventDispatchThread.java:113) ~[?:?]
	at java.awt.EventDispatchThread.pumpEvents(EventDispatchThread.java:109) ~[?:?]
	at java.awt.EventDispatchThread.pumpEvents(EventDispatchThread.java:101) ~[?:?]
	at java.awt.EventDispatchThread.run(EventDispatchThread.java:90) ~[?:?]
2026-05-14 13:32:19,661 [WARN] ThirdParty:871 - waiting for thirdparty lock release [close project]
2026-05-14 13:32:19,661 [INFO] ThirdParty:873 - entering critical section [close project]
2026-05-14 13:32:19,661 [INFO] ThirdParty:883 - exiting critical section [close project]
2026-05-14 13:32:19,662 [INFO] PinOutPanel:1589 - setPackage(No Configuration,No Configuration)
2026-05-14 13:32:19,665 [WARN] IpParametersView:155 - Warning: This peripheral hasn't parameters
2026-05-14 13:32:19,668 [WARN] MainPanel:289 - <html><b><center>Warning: This peripheral has no parameters to be configured<br></b></html>
2026-05-14 13:32:19,670 [INFO] UtilMem:75 - Begin LoadConfig() Used Memory: 977192416 Bytes (1073741824)
2026-05-14 13:32:19,671 [INFO] MicroXplorer:468 - Change Database Path : 
2026-05-14 13:32:19,671 [INFO] MicroXplorer:498 - Change Database Version : DB.6.0.150
2026-05-14 13:32:19,671 [INFO] OpenFileManager:355 - Change cursor
2026-05-14 13:32:19,679 [INFO] Mcu:2029 - Initializing MCU STM32F407V(E-G)Tx STM32F407VGTx STM32F407VGT6
2026-05-14 13:32:20,140 [ERROR] LogOutputStream:75 - [STDERR_REDIRECT] [Fatal Error] :1:1: Premature end of file.
2026-05-14 13:32:20,141 [ERROR] LogOutputStream:75 - [STDERR_REDIRECT] 
2026-05-14 13:32:20,455 [INFO] Context:786 - Trying to add GPIOservice into a context  which must be forbidden
2026-05-14 13:32:20,599 [INFO] ImportTextPane:234 - (OptionalMessage_ERROR) Pin12 (VP_RIF_VS_RIF1) cannot be retrieved for this MCU
2026-05-14 13:32:20,645 [INFO] RtosManager:558 - Registered RTOS mode: class=CMSIS, group=RTOS, mode=CMSIS_V1, owner=FREERTOS
2026-05-14 13:32:20,645 [INFO] RtosManager:558 - Registered RTOS mode: class=CMSIS, group=RTOS2, mode=CMSIS_V2, owner=FREERTOS
2026-05-14 13:32:20,645 [INFO] RtosManager:558 - Registered RTOS mode: class=RTOS, group=Core, mode=CMSIS_V1, owner=FREERTOS
2026-05-14 13:32:20,645 [INFO] RtosManager:558 - Registered RTOS mode: class=RTOS, group=Core, mode=CMSIS_V2, owner=FREERTOS
2026-05-14 13:32:20,645 [WARN] ModelIntegratedComponent:184 - Missing modes for component STMicroelectronics:FreeRTOS:0.0.1:STMicroelectronics:RTOS:FreeRTOS:Core:::10.2.0:
2026-05-14 13:32:20,650 [WARN] ModelIntegratedComponent:63 - No mode defined for component null
2026-05-14 13:32:20,650 [WARN] ModelIntegratedComponent:63 - No mode defined for component null
2026-05-14 13:32:20,650 [WARN] ModelIntegratedComponent:63 - No mode defined for component null
2026-05-14 13:32:20,650 [WARN] ModelIntegratedComponent:63 - No mode defined for component null
2026-05-14 13:32:20,650 [WARN] ModelIntegratedComponent:63 - No mode defined for component null
2026-05-14 13:32:20,650 [WARN] ModelIntegratedComponent:63 - No mode defined for component null
2026-05-14 13:32:20,650 [WARN] ModelIntegratedComponent:63 - No mode defined for component null
2026-05-14 13:32:20,650 [WARN] ModelIntegratedComponent:63 - No mode defined for component null
2026-05-14 13:32:20,650 [WARN] ModelIntegratedComponent:63 - No mode defined for component null
2026-05-14 13:32:20,650 [WARN] ModelIntegratedComponent:63 - No mode defined for component null
2026-05-14 13:32:20,650 [WARN] ModelIntegratedComponent:63 - No mode defined for component null
2026-05-14 13:32:20,650 [WARN] ModelIntegratedComponent:63 - No mode defined for component null
2026-05-14 13:32:20,650 [WARN] ModelIntegratedComponent:63 - No mode defined for component null
2026-05-14 13:32:20,650 [WARN] ModelIntegratedComponent:63 - No mode defined for component null
2026-05-14 13:32:20,650 [WARN] ModelIntegratedComponent:63 - No mode defined for component null
2026-05-14 13:32:20,650 [WARN] ModelIntegratedComponent:63 - No mode defined for component null
2026-05-14 13:32:20,650 [WARN] ModelIntegratedComponent:63 - No mode defined for component null
2026-05-14 13:32:20,650 [WARN] ModelIntegratedComponent:63 - No mode defined for component null
2026-05-14 13:32:20,650 [WARN] ModelIntegratedComponent:63 - No mode defined for component null
2026-05-14 13:32:20,650 [WARN] ModelIntegratedComponent:63 - No mode defined for component null
2026-05-14 13:32:20,650 [WARN] ModelIntegratedComponent:63 - No mode defined for component null
2026-05-14 13:32:20,650 [WARN] ModelIntegratedComponent:63 - No mode defined for component null
2026-05-14 13:32:20,650 [WARN] ModelIntegratedComponent:63 - No mode defined for component null
2026-05-14 13:32:20,651 [WARN] ModelIntegratedComponent:63 - No mode defined for component null
2026-05-14 13:32:20,651 [WARN] ModelIntegratedComponent:63 - No mode defined for component null
2026-05-14 13:32:20,651 [WARN] ModelIntegratedComponent:63 - No mode defined for component null
2026-05-14 13:32:20,651 [WARN] ModelIntegratedComponent:63 - No mode defined for component null
2026-05-14 13:32:20,651 [WARN] ModelIntegratedComponent:63 - No mode defined for component null
2026-05-14 13:32:20,651 [WARN] ModelIntegratedComponent:63 - No mode defined for component null
2026-05-14 13:32:20,651 [WARN] ModelIntegratedComponent:63 - No mode defined for component null
2026-05-14 13:32:20,651 [WARN] ModelIntegratedComponent:63 - No mode defined for component null
2026-05-14 13:32:20,651 [WARN] ModelIntegratedComponent:63 - No mode defined for component null
2026-05-14 13:32:20,651 [WARN] ModelIntegratedComponent:63 - No mode defined for component null
2026-05-14 13:32:20,651 [WARN] ModelIntegratedComponent:63 - No mode defined for component null
2026-05-14 13:32:20,651 [WARN] ModelIntegratedComponent:63 - No mode defined for component null
2026-05-14 13:32:20,651 [WARN] ModelPack:524 - Component already loaded: STMicroelectronics:HAL Drivers:0.0.0:STMicroelectronics:Device:STMicro_Driver:XSPI:HAL::0.0.1:HAL_XSPI
2026-05-14 13:32:20,700 [INFO] ThirdPartyModel:298 - Start build external matchings
2026-05-14 13:32:21,134 [ERROR] LogOutputStream:75 - [STDERR_REDIRECT] [Fatal Error] :1:1: Premature end of file.
2026-05-14 13:32:21,135 [ERROR] LogOutputStream:75 - [STDERR_REDIRECT] 
2026-05-14 13:32:21,189 [INFO] ThirdPartyModel:316 - End build external matchings
2026-05-14 13:32:21,201 [INFO] ImportTextPane:234 - (OptionalMessage_ERROR) IP (DMA) : Parameter (Instance) has Id (SPI3_TX) currently not set
2026-05-14 13:32:21,201 [INFO] ImportTextPane:234 - (OptionalMessage_ERROR) IP (DMA) : Parameter (Channel) has Id (SPI3_TX) currently not set
2026-05-14 13:32:21,201 [INFO] ImportTextPane:234 - (OptionalMessage_ERROR) IP (DMA) : Parameter (Direction) has Id (SPI3_TX) currently not set
2026-05-14 13:32:21,201 [INFO] ImportTextPane:234 - (OptionalMessage_ERROR) IP (DMA) : Parameter (PeriphInc) has Id (SPI3_TX) currently not set
2026-05-14 13:32:21,201 [INFO] ImportTextPane:234 - (OptionalMessage_ERROR) IP (DMA) : Parameter (MemInc) has Id (SPI3_TX) currently not set
2026-05-14 13:32:21,201 [INFO] ImportTextPane:234 - (OptionalMessage_ERROR) IP (DMA) : Parameter (PeriphDataAlignment) has Id (SPI3_TX) currently not set
2026-05-14 13:32:21,201 [INFO] ImportTextPane:234 - (OptionalMessage_ERROR) IP (DMA) : Parameter (MemDataAlignment) has Id (SPI3_TX) currently not set
2026-05-14 13:32:21,201 [INFO] ImportTextPane:234 - (OptionalMessage_ERROR) IP (DMA) : Parameter (Mode) has Id (SPI3_TX) currently not set
2026-05-14 13:32:21,201 [INFO] ImportTextPane:234 - (OptionalMessage_ERROR) IP (DMA) : Parameter (Priority) has Id (SPI3_TX) currently not set
2026-05-14 13:32:21,201 [INFO] ImportTextPane:234 - (OptionalMessage_ERROR) IP (DMA) : Parameter (FIFOMode) has Id (SPI3_TX) currently not set
2026-05-14 13:32:21,201 [INFO] ImportTextPane:234 - (OptionalMessage_ERROR) IP (DMA) : Parameter (FIFOThreshold) has Id (SPI3_TX) currently not set
2026-05-14 13:32:21,201 [INFO] ImportTextPane:234 - (OptionalMessage_ERROR) IP (DMA) : Parameter (FIFOThreshold) has invalid value (null)
2026-05-14 13:32:21,201 [INFO] ImportTextPane:234 - (OptionalMessage_ERROR) IP (DMA) : Parameter (MemBurst) has Id (SPI3_TX) currently not set
2026-05-14 13:32:21,201 [INFO] ImportTextPane:234 - (OptionalMessage_ERROR) IP (DMA) : Parameter (MemBurst) has invalid value (null)
2026-05-14 13:32:21,201 [INFO] ImportTextPane:234 - (OptionalMessage_ERROR) IP (DMA) : Parameter (PeriphBurst) has Id (SPI3_TX) currently not set
2026-05-14 13:32:21,201 [INFO] ImportTextPane:234 - (OptionalMessage_ERROR) IP (DMA) : Parameter (PeriphBurst) has invalid value (null)
2026-05-14 13:32:21,428 [INFO] UtilMem:75 - End LoadConfig() Used Memory: 806350680 Bytes (1073741824)
2026-05-14 13:32:21,452 [WARN] ThirdParty:833 - waiting for thirdparty lock release [change project]
2026-05-14 13:32:21,452 [INFO] ThirdParty:835 - entering critical section [change project]
2026-05-14 13:32:21,452 [INFO] ThirdParty:1030 - CMSIS Pack Vendor :STMicroelectronics X-CUBE-AZRTOS-H7 3.5.0
2026-05-14 13:32:21,452 [INFO] ThirdParty:1030 - CMSIS Pack Vendor :STMicroelectronics X-CUBE-PM33A1 1.0.0
2026-05-14 13:32:21,452 [INFO] ThirdParty:1030 - CMSIS Pack Vendor :STMicroelectronics USBPD 4.1
2026-05-14 13:32:21,452 [INFO] ThirdParty:1030 - CMSIS Pack Vendor :STMicroelectronics X-CUBE-NFC9 1.0.0
2026-05-14 13:32:21,453 [INFO] ThirdParty:1030 - CMSIS Pack Vendor :STMicroelectronics USB_HOST 2.0.0
2026-05-14 13:32:21,453 [INFO] ThirdParty:1030 - CMSIS Pack Vendor :STMicroelectronics X-CUBE-AZRTOS-F4 1.1.0
2026-05-14 13:32:21,453 [INFO] ThirdParty:1030 - CMSIS Pack Vendor :STMicroelectronics LIBJPEG 8.0.0
2026-05-14 13:32:21,453 [INFO] ThirdParty:1030 - CMSIS Pack Vendor :STMicroelectronics FP-ATR-ASTRA1 2.0.2
2026-05-14 13:32:21,453 [INFO] ThirdParty:1030 - CMSIS Pack Vendor :STMicroelectronics X-CUBE-BLE1 7.1.0
2026-05-14 13:32:21,453 [INFO] ThirdParty:1030 - CMSIS Pack Vendor :STMicroelectronics X-CUBE-SMBUS 2.1.0
2026-05-14 13:32:21,453 [INFO] ThirdParty:1030 - CMSIS Pack Vendor :wolfSSL I-CUBE-wolfMQTT 1.19.2
2026-05-14 13:32:21,453 [INFO] ThirdParty:1030 - CMSIS Pack Vendor :STMicroelectronics USB_DEVICE 3.0.0
2026-05-14 13:32:21,453 [INFO] ThirdParty:1030 - CMSIS Pack Vendor :STMicroelectronics X-CUBE-ISPU 2.1.0
2026-05-14 13:32:21,453 [INFO] ThirdParty:1030 - CMSIS Pack Vendor :STMicroelectronics X-CUBE-EEPRMA1 5.2.0
2026-05-14 13:32:21,453 [INFO] ThirdParty:1030 - CMSIS Pack Vendor :STMicroelectronics X-CUBE-IPS 3.2.0
2026-05-14 13:32:21,453 [INFO] ThirdParty:1030 - CMSIS Pack Vendor :STMicroelectronics X-CUBE-BLEMGR 4.1.0
2026-05-14 13:32:21,453 [INFO] ThirdParty:1030 - CMSIS Pack Vendor :STMicroelectronics eDS-WB_DPC_TT-BIDIR 2.1.1
2026-05-14 13:32:21,453 [INFO] ThirdParty:1030 - CMSIS Pack Vendor :STMicroelectronics X-CUBE-AZRTOS-WB 2.0.0
2026-05-14 13:32:21,453 [INFO] ThirdParty:1030 - CMSIS Pack Vendor :STMicroelectronics X-CUBE-NFC12 1.0.0
2026-05-14 13:32:21,453 [INFO] ThirdParty:1030 - CMSIS Pack Vendor :STMicroelectronics X-CUBE-AZRTOS-F7 1.1.0
2026-05-14 13:32:21,453 [INFO] ThirdParty:1030 - CMSIS Pack Vendor :STMicroelectronics X-CUBE-AZRTOS-L5 2.0.0
2026-05-14 13:32:21,453 [INFO] ThirdParty:1030 - CMSIS Pack Vendor :STMicroelectronics USB_DEVICE 2.0.0
2026-05-14 13:32:21,453 [INFO] ThirdParty:1030 - CMSIS Pack Vendor :STMicroelectronics FP-SNS-STAIOTCFT 1.1.0
2026-05-14 13:32:21,453 [INFO] ThirdParty:1030 - CMSIS Pack Vendor :quantropi X-CUBE-qispace-sdk-base 2.1.0
2026-05-14 13:32:21,453 [INFO] ThirdParty:1030 - CMSIS Pack Vendor :STMicroelectronics X-CUBE-MEMS1 12.0.0
2026-05-14 13:32:21,453 [INFO] ThirdParty:1030 - CMSIS Pack Vendor :STMicroelectronics X-CUBE-STSE01 2.0.0
2026-05-14 13:32:21,454 [INFO] ThirdParty:1030 - CMSIS Pack Vendor :STMicroelectronics FP-SNS-MOTENV1 5.1.0
2026-05-14 13:32:21,454 [INFO] ThirdParty:1030 - CMSIS Pack Vendor :STMicroelectronics FreeRTOS 0.0.1
2026-05-14 13:32:21,454 [INFO] ThirdParty:1030 - CMSIS Pack Vendor :STMicroelectronics X-CUBE-AZRTOS-G0 1.1.0
2026-05-14 13:32:21,454 [INFO] ThirdParty:1030 - CMSIS Pack Vendor :STMicroelectronics X-CUBE-NFC4 3.0.0
2026-05-14 13:32:21,454 [INFO] ThirdParty:1030 - CMSIS Pack Vendor :STMicroelectronics X-CUBE-SUBG2 5.0.0
2026-05-14 13:32:21,454 [INFO] ThirdParty:1030 - CMSIS Pack Vendor :STMicroelectronics STM32_WPAN 1.0.0
2026-05-14 13:32:21,454 [INFO] ThirdParty:1030 - CMSIS Pack Vendor :STMicroelectronics eDS-WB_DPC_VIENNA 1.2.0
2026-05-14 13:32:21,454 [INFO] ThirdParty:1030 - CMSIS Pack Vendor :EmbeddedOffice I-CUBE-FS-RTOS 1.0.1
2026-05-14 13:32:21,454 [INFO] ThirdParty:1030 - CMSIS Pack Vendor :STMicroelectronics lwIP 2.0.3
2026-05-14 13:32:21,454 [INFO] ThirdParty:1030 - CMSIS Pack Vendor :WES I-CUBE-Cesium 1.4.0
2026-05-14 13:32:21,454 [INFO] ThirdParty:1030 - CMSIS Pack Vendor :STMicroelectronics eDS-WB_DPC_3PH2L-BIDIR 1.1.1
2026-05-14 13:32:21,454 [INFO] ThirdParty:1030 - CMSIS Pack Vendor :STMicroelectronics USB_HOST 1.0.0
2026-05-14 13:32:21,454 [INFO] ThirdParty:1030 - CMSIS Pack Vendor :STMicroelectronics X-CUBE-AZRTOS-G4 2.0.0
2026-05-14 13:32:21,454 [INFO] ThirdParty:1030 - CMSIS Pack Vendor :STMicroelectronics PDM2PCM 3.1.0
2026-05-14 13:32:21,454 [INFO] ThirdParty:1030 - CMSIS Pack Vendor :STMicroelectronics PDM2PCM 3.3.0
2026-05-14 13:32:21,454 [INFO] ThirdParty:1030 - CMSIS Pack Vendor :wolfSSL I-CUBE-wolfTPM 3.8.0
2026-05-14 13:32:21,454 [INFO] ThirdParty:1030 - CMSIS Pack Vendor :STMicroelectronics X-CUBE-DISPLAY 3.0.0
2026-05-14 13:32:21,454 [INFO] ThirdParty:1030 - CMSIS Pack Vendor :wolfSSL I-CUBE-wolfSSH 1.4.20
2026-05-14 13:32:21,454 [INFO] ThirdParty:1030 - CMSIS Pack Vendor :STMicroelectronics X-CUBE-NFC7 2.0.0
2026-05-14 13:32:21,454 [INFO] ThirdParty:1030 - CMSIS Pack Vendor :STMicroelectronics X-CUBE-GNSS1 7.1.1
2026-05-14 13:32:21,454 [INFO] ThirdParty:1030 - CMSIS Pack Vendor :STMicroelectronics FP-SNS-MOTENVWB1 1.5.0
2026-05-14 13:32:21,454 [INFO] ThirdParty:1030 - CMSIS Pack Vendor :STMicroelectronics X-CUBE-TCPP 4.2.0
2026-05-14 13:32:21,454 [INFO] ThirdParty:1030 - CMSIS Pack Vendor :RealThread X-CUBE-RT-Thread_Nano 4.1.1
2026-05-14 13:32:21,454 [INFO] ThirdParty:1030 - CMSIS Pack Vendor :wolfSSL I-CUBE-wolfSSL 5.9.1
2026-05-14 13:32:21,454 [INFO] ThirdParty:1030 - CMSIS Pack Vendor :STMicroelectronics FP-ATR-SIGFOX1 3.2.0
2026-05-14 13:32:21,454 [INFO] ThirdParty:1030 - CMSIS Pack Vendor :STMicroelectronics X-CUBE-NFC10 1.0.0
2026-05-14 13:32:21,454 [INFO] ThirdParty:1030 - CMSIS Pack Vendor :STMicroelectronics HAL Drivers 0.0.0
2026-05-14 13:32:21,454 [INFO] ThirdParty:1030 - CMSIS Pack Vendor :STMicroelectronics X-CUBE-FREERTOS 1.5.0
2026-05-14 13:32:21,454 [INFO] ThirdParty:1030 - CMSIS Pack Vendor :STMicroelectronics MBEDTLS 2.16.2
2026-05-14 13:32:21,454 [INFO] ThirdParty:1030 - CMSIS Pack Vendor :STMicroelectronics X-CUBE-ST60 1.1.0
2026-05-14 13:32:21,454 [INFO] ThirdParty:1030 - CMSIS Pack Vendor :STMicroelectronics X-CUBE-ALS 1.0.2
2026-05-14 13:32:21,454 [INFO] ThirdParty:1030 - CMSIS Pack Vendor :emotas I-CUBE-CANOPEN 1.3.0
2026-05-14 13:32:21,454 [INFO] ThirdParty:1030 - CMSIS Pack Vendor :STMicroelectronics MBEDTLS 2.14.1
2026-05-14 13:32:21,454 [INFO] ThirdParty:1030 - CMSIS Pack Vendor :STMicroelectronics X-CUBE-GNSS1 7.1.0
2026-05-14 13:32:21,454 [INFO] ThirdParty:1030 - CMSIS Pack Vendor :ITTIA_DB I-CUBE-ITTIADB 8.9.0
2026-05-14 13:32:21,454 [INFO] ThirdParty:1030 - CMSIS Pack Vendor :Cesanta I-CUBE-Mongoose 7.21.7
2026-05-14 13:32:21,454 [INFO] ThirdParty:1030 - CMSIS Pack Vendor :STMicroelectronics X-CUBE-TOUCHGFX 4.26.1
2026-05-14 13:32:21,454 [INFO] ThirdParty:1030 - CMSIS Pack Vendor :STMicroelectronics X-CUBE-NFC6 3.2.0
2026-05-14 13:32:21,454 [INFO] ThirdParty:1030 - CMSIS Pack Vendor :STMicroelectronics FP-SNS-STBOX1 2.1.0
2026-05-14 13:32:21,454 [INFO] ThirdParty:1030 - CMSIS Pack Vendor :STMicroelectronics X-CUBE-AI 10.2.0
2026-05-14 13:32:21,454 [INFO] ThirdParty:1030 - CMSIS Pack Vendor :STMicroelectronics ThreadX 1.0.0
2026-05-14 13:32:21,454 [INFO] ThirdParty:1030 - CMSIS Pack Vendor :STMicroelectronics FP-SNS-SMARTAG2 1.2.0
2026-05-14 13:32:21,454 [INFO] ThirdParty:1030 - CMSIS Pack Vendor :STMicroelectronics X-CUBE-MEMS1 12.1.0
2026-05-14 13:32:21,454 [INFO] ThirdParty:1030 - CMSIS Pack Vendor :STMicroelectronics FP-SNS-FLIGHT1 5.1.0
2026-05-14 13:32:21,454 [INFO] ThirdParty:1030 - CMSIS Pack Vendor :STMicroelectronics X-CUBE-AZRTOS-WL 2.0.0
2026-05-14 13:32:21,454 [INFO] ThirdParty:1030 - CMSIS Pack Vendor :SEGGER I-CUBE-embOS 1.3.1
2026-05-14 13:32:21,454 [INFO] ThirdParty:1030 - CMSIS Pack Vendor :STMicroelectronics X-CUBE-ALGOBUILD 1.4.0
2026-05-14 13:32:21,454 [INFO] ThirdParty:1030 - CMSIS Pack Vendor :STMicroelectronics X-CUBE-DPower 1.3.0
2026-05-14 13:32:21,454 [INFO] ThirdParty:1030 - CMSIS Pack Vendor :STMicroelectronics USB_DEVICE 1.0.0
2026-05-14 13:32:21,454 [INFO] ThirdParty:1030 - CMSIS Pack Vendor :STMicroelectronics X-CUBE-AZRTOS-H7RS 1.2.0
2026-05-14 13:32:21,454 [INFO] ThirdParty:1030 - CMSIS Pack Vendor :STMicroelectronics X-CUBE-AZRTOS-L4 2.0.0
2026-05-14 13:32:21,454 [INFO] ThirdParty:1030 - CMSIS Pack Vendor :STMicroelectronics ThreadX 0.0.2
2026-05-14 13:32:21,454 [INFO] ThirdParty:1030 - CMSIS Pack Vendor :STMicroelectronics lwIP 2.1.2
2026-05-14 13:32:21,454 [INFO] ThirdParty:1030 - CMSIS Pack Vendor :STMicroelectronics X-CUBE-SFXS2LP1 4.0.0
2026-05-14 13:32:21,454 [INFO] ThirdParty:1030 - CMSIS Pack Vendor :STMicroelectronics X-CUBE-BLE2 3.3.0
2026-05-14 13:32:21,454 [INFO] ThirdParty:1030 - CMSIS Pack Vendor :Avnet-IOTCONNECT X-CUBE-iotc-st67-sdk 1.0.0
2026-05-14 13:32:21,454 [INFO] ThirdParty:1030 - CMSIS Pack Vendor :STMicroelectronics X-CUBE-TOF1 3.4.3
2026-05-14 13:32:21,454 [INFO] ThirdParty:1030 - CMSIS Pack Vendor :Infineon AIROC-Wi-Fi-Bluetooth-STM32 1.8.0
2026-05-14 13:32:21,454 [INFO] ThirdParty:1030 - CMSIS Pack Vendor :STMicroelectronics PDM2PCM 3.2.0
2026-05-14 13:32:21,454 [INFO] ThirdParty:1030 - CMSIS Pack Vendor :STMicroelectronics X-CUBE-WB05N 2.1.0
2026-05-14 13:32:21,455 [INFO] ThirdParty:841 - exiting critical section [change project]
2026-05-14 13:32:21,559 [INFO] PinOutPanel:1589 - setPackage(No Configuration,No Configuration)
2026-05-14 13:32:21,560 [INFO] PinOutPanel:1589 - setPackage(STM32F407VGTx,LQFP100)
2026-05-14 13:32:21,649 [INFO] UtilMem:75 - Before build in PCC Used Memory: 985961832 Bytes (1073741824)
2026-05-14 13:32:21,791 [INFO] UtilMem:75 - After build in PCC Used Memory: 732372608 Bytes (1073741824)
2026-05-14 13:32:21,808 [INFO] IPUIPlugin:80 - create IPUIPlugin
2026-05-14 13:32:21,808 [INFO] IPUIPlugin:80 - create IPUIPlugin
2026-05-14 13:32:21,808 [INFO] IPUIPlugin:80 - create IPUIPlugin
2026-05-14 13:32:21,808 [INFO] IPUIPlugin:80 - create IPUIPlugin
2026-05-14 13:32:21,808 [INFO] IPUIPlugin:80 - create IPUIPlugin
2026-05-14 13:32:21,808 [INFO] IPUIPlugin:80 - create IPUIPlugin
2026-05-14 13:32:21,808 [INFO] IPUIPlugin:80 - create IPUIPlugin
2026-05-14 13:32:21,808 [INFO] IPUIPlugin:80 - create IPUIPlugin
2026-05-14 13:32:21,808 [INFO] IPUIPlugin:80 - create IPUIPlugin
2026-05-14 13:32:21,808 [INFO] IPUIPlugin:80 - create IPUIPlugin
2026-05-14 13:32:21,808 [INFO] IPUIPlugin:80 - create IPUIPlugin
2026-05-14 13:32:21,808 [INFO] IPUIPlugin:80 - create IPUIPlugin
2026-05-14 13:32:21,808 [INFO] IPUIPlugin:80 - create IPUIPlugin
2026-05-14 13:32:21,808 [INFO] IPUIPlugin:80 - create IPUIPlugin
2026-05-14 13:32:21,808 [INFO] IPUIPlugin:80 - create IPUIPlugin
2026-05-14 13:32:21,809 [INFO] IPUIPlugin:80 - create IPUIPlugin
2026-05-14 13:32:21,809 [INFO] IPUIPlugin:80 - create IPUIPlugin
2026-05-14 13:32:21,809 [INFO] IPUIPlugin:80 - create IPUIPlugin
2026-05-14 13:32:21,809 [INFO] IPUIPlugin:80 - create IPUIPlugin
2026-05-14 13:32:21,809 [INFO] IPUIPlugin:80 - create IPUIPlugin
2026-05-14 13:32:21,809 [INFO] IPUIPlugin:80 - create IPUIPlugin
2026-05-14 13:32:21,809 [INFO] IPUIPlugin:80 - create IPUIPlugin
2026-05-14 13:32:21,809 [INFO] IPUIPlugin:80 - create IPUIPlugin
2026-05-14 13:32:21,809 [INFO] IPUIPlugin:80 - create IPUIPlugin
2026-05-14 13:32:21,809 [INFO] IPUIPlugin:80 - create IPUIPlugin
2026-05-14 13:32:21,809 [INFO] IPUIPlugin:80 - create IPUIPlugin
2026-05-14 13:32:21,809 [INFO] IPUIPlugin:80 - create IPUIPlugin
2026-05-14 13:32:21,809 [INFO] IPUIPlugin:80 - create IPUIPlugin
2026-05-14 13:32:21,809 [INFO] IPUIPlugin:80 - create IPUIPlugin
2026-05-14 13:32:21,810 [INFO] IPUIPlugin:80 - create IPUIPlugin
2026-05-14 13:32:21,810 [INFO] IPUIPlugin:80 - create IPUIPlugin
2026-05-14 13:32:21,810 [INFO] IPUIPlugin:80 - create IPUIPlugin
2026-05-14 13:32:21,810 [INFO] IPUIPlugin:80 - create IPUIPlugin
2026-05-14 13:32:21,810 [INFO] IPUIPlugin:80 - create IPUIPlugin
2026-05-14 13:32:21,810 [INFO] IPUIPlugin:80 - create IPUIPlugin
2026-05-14 13:32:21,810 [INFO] IPUIPlugin:80 - create IPUIPlugin
2026-05-14 13:32:21,810 [INFO] IPUIPlugin:80 - create IPUIPlugin
2026-05-14 13:32:21,810 [INFO] IPUIPlugin:80 - create IPUIPlugin
2026-05-14 13:32:21,810 [INFO] IPUIPlugin:80 - create IPUIPlugin
2026-05-14 13:32:21,810 [INFO] IPUIPlugin:80 - create IPUIPlugin
2026-05-14 13:32:21,810 [INFO] IPUIPlugin:80 - create IPUIPlugin
2026-05-14 13:32:21,812 [INFO] IPUIPlugin:80 - create IPUIPlugin
2026-05-14 13:32:21,812 [INFO] IPUIPlugin:80 - create IPUIPlugin
2026-05-14 13:32:21,812 [INFO] IPUIPlugin:80 - create IPUIPlugin
2026-05-14 13:32:21,812 [INFO] IPUIPlugin:80 - create IPUIPlugin
2026-05-14 13:32:21,812 [INFO] IPUIPlugin:80 - create IPUIPlugin
2026-05-14 13:32:21,812 [INFO] IPUIPlugin:80 - create IPUIPlugin
2026-05-14 13:32:21,812 [INFO] IPUIPlugin:80 - create IPUIPlugin
2026-05-14 13:32:21,813 [INFO] IPUIPlugin:80 - create IPUIPlugin
2026-05-14 13:32:21,813 [INFO] IPUIPlugin:80 - create IPUIPlugin
2026-05-14 13:32:21,813 [INFO] IPUIPlugin:80 - create IPUIPlugin
2026-05-14 13:32:21,813 [INFO] IPUIPlugin:80 - create IPUIPlugin
2026-05-14 13:32:21,813 [INFO] IPUIPlugin:80 - create IPUIPlugin
2026-05-14 13:32:21,813 [INFO] IPUIPlugin:80 - create IPUIPlugin
2026-05-14 13:32:21,813 [INFO] IPUIPlugin:80 - create IPUIPlugin
2026-05-14 13:32:21,813 [INFO] IPUIPlugin:80 - create IPUIPlugin
2026-05-14 13:32:21,813 [INFO] IPUIPlugin:80 - create IPUIPlugin
2026-05-14 13:32:21,814 [INFO] IPUIPlugin:80 - create IPUIPlugin
2026-05-14 13:32:21,816 [INFO] ApiDbMcu:532 - Load IP Config File for PDM2PCM
2026-05-14 13:32:21,818 [WARN] IP:2250 - I2C_Coeff_DF not found: check if there is a RefParameter without a condition.
2026-05-14 13:32:21,818 [WARN] IP:2250 - Analog_Filter not found: check if there is a RefParameter without a condition.
2026-05-14 13:32:21,819 [INFO] I2sManager:658 - 9.6E7
2026-05-14 13:32:21,819 [INFO] I2sManager:195 - I2S Clock Value : 9.6E7
2026-05-14 13:32:21,819 [INFO] I2sManager:553 - AudioClock : 46875Divider : 4Odd : 0
2026-05-14 13:32:21,859 [INFO] CADModel:165 - CPN selected for project levelSTM32F407VGT6
2026-05-14 13:32:21,861 [INFO] CADModel:114 - Register for checkConnection events
2026-05-14 13:32:21,908 [INFO] OpenFileManager:386 - Restore cursor
2026-05-14 13:32:22,045 [WARN] IP:2250 - I2C_Coeff_DF not found: check if there is a RefParameter without a condition.
2026-05-14 13:32:22,045 [WARN] IP:2250 - Analog_Filter not found: check if there is a RefParameter without a condition.
2026-05-14 13:32:22,045 [WARN] IP:2250 - I2C_Coeff_DF not found: check if there is a RefParameter without a condition.
2026-05-14 13:32:22,045 [WARN] IP:2250 - Analog_Filter not found: check if there is a RefParameter without a condition.
2026-05-14 13:32:22,132 [ERROR] LogOutputStream:75 - [STDERR_REDIRECT] [Fatal Error] :1:1: Premature end of file.
2026-05-14 13:32:22,132 [ERROR] LogOutputStream:75 - [STDERR_REDIRECT] 
2026-05-14 13:32:23,130 [ERROR] LogOutputStream:75 - [STDERR_REDIRECT] [Fatal Error] :1:1: Premature end of file.
2026-05-14 13:32:23,132 [ERROR] LogOutputStream:75 - [STDERR_REDIRECT] 
2026-05-14 13:32:24,126 [ERROR] LogOutputStream:75 - [STDERR_REDIRECT] [Fatal Error] :1:1: Premature end of file.
2026-05-14 13:32:24,126 [ERROR] LogOutputStream:75 - [STDERR_REDIRECT] 
2026-05-14 13:32:25,144 [ERROR] LogOutputStream:75 - [STDERR_REDIRECT] [Fatal Error] :1:1: Premature end of file.
2026-05-14 13:32:25,145 [ERROR] LogOutputStream:75 - [STDERR_REDIRECT] 
2026-05-14 13:32:26,144 [ERROR] LogOutputStream:75 - [STDERR_REDIRECT] [Fatal Error] :1:1: Premature end of file.
2026-05-14 13:32:26,144 [ERROR] LogOutputStream:75 - [STDERR_REDIRECT] 
2026-05-14 13:32:27,141 [ERROR] LogOutputStream:75 - [STDERR_REDIRECT] [Fatal Error] :1:1: Premature end of file.
2026-05-14 13:32:27,141 [ERROR] LogOutputStream:75 - [STDERR_REDIRECT] 
2026-05-14 13:32:28,128 [ERROR] LogOutputStream:75 - [STDERR_REDIRECT] [Fatal Error] :1:1: Premature end of file.
2026-05-14 13:32:28,128 [ERROR] LogOutputStream:75 - [STDERR_REDIRECT] 
2026-05-14 13:32:29,124 [ERROR] LogOutputStream:75 - [STDERR_REDIRECT] [Fatal Error] :1:1: Premature end of file.
2026-05-14 13:32:29,124 [ERROR] LogOutputStream:75 - [STDERR_REDIRECT] 
2026-05-14 13:32:30,128 [ERROR] LogOutputStream:75 - [STDERR_REDIRECT] [Fatal Error] :1:1: Premature end of file.
2026-05-14 13:32:30,128 [ERROR] LogOutputStream:75 - [STDERR_REDIRECT] 
2026-05-14 13:32:31,124 [ERROR] LogOutputStream:75 - [STDERR_REDIRECT] [Fatal Error] :1:1: Premature end of file.
2026-05-14 13:32:31,124 [ERROR] LogOutputStream:75 - [STDERR_REDIRECT] 
2026-05-14 13:32:32,124 [ERROR] LogOutputStream:75 - [STDERR_REDIRECT] [Fatal Error] :1:1: Premature end of file.
2026-05-14 13:32:32,124 [ERROR] LogOutputStream:75 - [STDERR_REDIRECT] 
2026-05-14 13:32:33,129 [ERROR] LogOutputStream:75 - [STDERR_REDIRECT] [Fatal Error] :1:1: Premature end of file.
2026-05-14 13:32:33,129 [ERROR] LogOutputStream:75 - [STDERR_REDIRECT] 
2026-05-14 13:32:34,126 [ERROR] LogOutputStream:75 - [STDERR_REDIRECT] [Fatal Error] :1:1: Premature end of file.
2026-05-14 13:32:34,126 [ERROR] LogOutputStream:75 - [STDERR_REDIRECT] 
2026-05-14 13:32:35,125 [ERROR] LogOutputStream:75 - [STDERR_REDIRECT] [Fatal Error] :1:1: Premature end of file.
2026-05-14 13:32:35,125 [ERROR] LogOutputStream:75 - [STDERR_REDIRECT] 
2026-05-14 13:32:36,128 [ERROR] LogOutputStream:75 - [STDERR_REDIRECT] [Fatal Error] :1:1: Premature end of file.
2026-05-14 13:32:36,128 [ERROR] LogOutputStream:75 - [STDERR_REDIRECT] 
2026-05-14 13:32:37,127 [ERROR] LogOutputStream:75 - [STDERR_REDIRECT] [Fatal Error] :1:1: Premature end of file.
2026-05-14 13:32:37,127 [ERROR] LogOutputStream:75 - [STDERR_REDIRECT] 
2026-05-14 13:32:38,125 [ERROR] LogOutputStream:75 - [STDERR_REDIRECT] [Fatal Error] :1:1: Premature end of file.
2026-05-14 13:32:38,125 [ERROR] LogOutputStream:75 - [STDERR_REDIRECT] 
2026-05-14 13:32:39,125 [ERROR] LogOutputStream:75 - [STDERR_REDIRECT] [Fatal Error] :1:1: Premature end of file.
2026-05-14 13:32:39,125 [ERROR] LogOutputStream:75 - [STDERR_REDIRECT] 
2026-05-14 13:32:40,125 [ERROR] LogOutputStream:75 - [STDERR_REDIRECT] [Fatal Error] :1:1: Premature end of file.
2026-05-14 13:32:40,125 [ERROR] LogOutputStream:75 - [STDERR_REDIRECT] 
2026-05-14 13:32:41,127 [ERROR] LogOutputStream:75 - [STDERR_REDIRECT] [Fatal Error] :1:1: Premature end of file.
2026-05-14 13:32:41,127 [ERROR] LogOutputStream:75 - [STDERR_REDIRECT] 
2026-05-14 13:32:42,125 [ERROR] LogOutputStream:75 - [STDERR_REDIRECT] [Fatal Error] :1:1: Premature end of file.
2026-05-14 13:32:42,125 [ERROR] LogOutputStream:75 - [STDERR_REDIRECT] 
2026-05-14 13:32:43,126 [ERROR] LogOutputStream:75 - [STDERR_REDIRECT] [Fatal Error] :1:1: Premature end of file.
2026-05-14 13:32:43,126 [ERROR] LogOutputStream:75 - [STDERR_REDIRECT] 
2026-05-14 13:32:44,134 [ERROR] LogOutputStream:75 - [STDERR_REDIRECT] [Fatal Error] :1:1: Premature end of file.
2026-05-14 13:32:44,134 [ERROR] LogOutputStream:75 - [STDERR_REDIRECT] 
2026-05-14 13:32:45,128 [ERROR] LogOutputStream:75 - [STDERR_REDIRECT] [Fatal Error] :1:1: Premature end of file.
2026-05-14 13:32:45,128 [ERROR] LogOutputStream:75 - [STDERR_REDIRECT] 
2026-05-14 13:32:46,127 [ERROR] LogOutputStream:75 - [STDERR_REDIRECT] [Fatal Error] :1:1: Premature end of file.
2026-05-14 13:32:46,127 [ERROR] LogOutputStream:75 - [STDERR_REDIRECT] 
2026-05-14 13:32:47,175 [ERROR] LogOutputStream:75 - [STDERR_REDIRECT] [Fatal Error] :1:1: Premature end of file.
2026-05-14 13:32:47,175 [ERROR] LogOutputStream:75 - [STDERR_REDIRECT] 
2026-05-14 13:32:48,154 [ERROR] LogOutputStream:75 - [STDERR_REDIRECT] [Fatal Error] :1:1: Premature end of file.
2026-05-14 13:32:48,154 [ERROR] LogOutputStream:75 - [STDERR_REDIRECT] 
2026-05-14 13:32:49,125 [ERROR] LogOutputStream:75 - [STDERR_REDIRECT] [Fatal Error] :1:1: Premature end of file.
2026-05-14 13:32:49,125 [ERROR] LogOutputStream:75 - [STDERR_REDIRECT] 
2026-05-14 13:32:50,126 [ERROR] LogOutputStream:75 - [STDERR_REDIRECT] [Fatal Error] :1:1: Premature end of file.
2026-05-14 13:32:50,126 [ERROR] LogOutputStream:75 - [STDERR_REDIRECT] 
2026-05-14 13:32:51,128 [ERROR] LogOutputStream:75 - [STDERR_REDIRECT] [Fatal Error] :1:1: Premature end of file.
2026-05-14 13:32:51,128 [ERROR] LogOutputStream:75 - [STDERR_REDIRECT] 
2026-05-14 13:32:52,126 [ERROR] LogOutputStream:75 - [STDERR_REDIRECT] [Fatal Error] :1:1: Premature end of file.
2026-05-14 13:32:52,126 [ERROR] LogOutputStream:75 - [STDERR_REDIRECT] 
2026-05-14 13:32:53,125 [ERROR] LogOutputStream:75 - [STDERR_REDIRECT] [Fatal Error] :1:1: Premature end of file.
2026-05-14 13:32:53,125 [ERROR] LogOutputStream:75 - [STDERR_REDIRECT] 
2026-05-14 13:32:54,127 [ERROR] LogOutputStream:75 - [STDERR_REDIRECT] [Fatal Error] :1:1: Premature end of file.
2026-05-14 13:32:54,127 [ERROR] LogOutputStream:75 - [STDERR_REDIRECT] 
2026-05-14 13:32:55,126 [ERROR] LogOutputStream:75 - [STDERR_REDIRECT] [Fatal Error] :1:1: Premature end of file.
2026-05-14 13:32:55,126 [ERROR] LogOutputStream:75 - [STDERR_REDIRECT] 
2026-05-14 13:32:56,130 [ERROR] LogOutputStream:75 - [STDERR_REDIRECT] [Fatal Error] :1:1: Premature end of file.
2026-05-14 13:32:56,130 [ERROR] LogOutputStream:75 - [STDERR_REDIRECT] 
2026-05-14 13:32:57,128 [ERROR] LogOutputStream:75 - [STDERR_REDIRECT] [Fatal Error] :1:1: Premature end of file.
2026-05-14 13:32:57,128 [ERROR] LogOutputStream:75 - [STDERR_REDIRECT] 
2026-05-14 13:32:58,127 [ERROR] LogOutputStream:75 - [STDERR_REDIRECT] [Fatal Error] :1:1: Premature end of file.
2026-05-14 13:32:58,127 [ERROR] LogOutputStream:75 - [STDERR_REDIRECT] 
2026-05-14 13:32:59,127 [ERROR] LogOutputStream:75 - [STDERR_REDIRECT] [Fatal Error] :1:1: Premature end of file.
2026-05-14 13:32:59,127 [ERROR] LogOutputStream:75 - [STDERR_REDIRECT] 
2026-05-14 13:33:00,125 [ERROR] LogOutputStream:75 - [STDERR_REDIRECT] [Fatal Error] :1:1: Premature end of file.
2026-05-14 13:33:00,125 [ERROR] LogOutputStream:75 - [STDERR_REDIRECT] 
2026-05-14 13:33:01,125 [ERROR] LogOutputStream:75 - [STDERR_REDIRECT] [Fatal Error] :1:1: Premature end of file.
2026-05-14 13:33:01,126 [ERROR] LogOutputStream:75 - [STDERR_REDIRECT] 
2026-05-14 13:33:02,126 [ERROR] LogOutputStream:75 - [STDERR_REDIRECT] [Fatal Error] :1:1: Premature end of file.
2026-05-14 13:33:02,126 [ERROR] LogOutputStream:75 - [STDERR_REDIRECT] 
2026-05-14 13:33:03,125 [ERROR] LogOutputStream:75 - [STDERR_REDIRECT] [Fatal Error] :1:1: Premature end of file.
2026-05-14 13:33:03,125 [ERROR] LogOutputStream:75 - [STDERR_REDIRECT] 
2026-05-14 13:33:04,127 [ERROR] LogOutputStream:75 - [STDERR_REDIRECT] [Fatal Error] :1:1: Premature end of file.
2026-05-14 13:33:04,127 [ERROR] LogOutputStream:75 - [STDERR_REDIRECT] 
2026-05-14 13:33:05,128 [ERROR] LogOutputStream:75 - [STDERR_REDIRECT] [Fatal Error] :1:1: Premature end of file.
2026-05-14 13:33:05,129 [ERROR] LogOutputStream:75 - [STDERR_REDIRECT] 
2026-05-14 13:33:06,125 [ERROR] LogOutputStream:75 - [STDERR_REDIRECT] [Fatal Error] :1:1: Premature end of file.
2026-05-14 13:33:06,125 [ERROR] LogOutputStream:75 - [STDERR_REDIRECT] 
2026-05-14 13:33:07,126 [ERROR] LogOutputStream:75 - [STDERR_REDIRECT] [Fatal Error] :1:1: Premature end of file.
2026-05-14 13:33:07,126 [ERROR] LogOutputStream:75 - [STDERR_REDIRECT] 
2026-05-14 13:33:08,124 [ERROR] LogOutputStream:75 - [STDERR_REDIRECT] [Fatal Error] :1:1: Premature end of file.
2026-05-14 13:33:08,125 [ERROR] LogOutputStream:75 - [STDERR_REDIRECT] 
2026-05-14 13:33:09,130 [ERROR] LogOutputStream:75 - [STDERR_REDIRECT] [Fatal Error] :1:1: Premature end of file.
2026-05-14 13:33:09,130 [ERROR] LogOutputStream:75 - [STDERR_REDIRECT] 
2026-05-14 13:33:10,126 [ERROR] LogOutputStream:75 - [STDERR_REDIRECT] [Fatal Error] :1:1: Premature end of file.
2026-05-14 13:33:10,128 [ERROR] LogOutputStream:75 - [STDERR_REDIRECT] 
2026-05-14 13:33:11,127 [ERROR] LogOutputStream:75 - [STDERR_REDIRECT] [Fatal Error] :1:1: Premature end of file.
2026-05-14 13:33:11,127 [ERROR] LogOutputStream:75 - [STDERR_REDIRECT] 
2026-05-14 13:33:12,127 [ERROR] LogOutputStream:75 - [STDERR_REDIRECT] [Fatal Error] :1:1: Premature end of file.
2026-05-14 13:33:12,127 [ERROR] LogOutputStream:75 - [STDERR_REDIRECT] 
2026-05-14 13:33:13,129 [ERROR] LogOutputStream:75 - [STDERR_REDIRECT] [Fatal Error] :1:1: Premature end of file.
2026-05-14 13:33:13,129 [ERROR] LogOutputStream:75 - [STDERR_REDIRECT] 
2026-05-14 13:33:14,126 [ERROR] LogOutputStream:75 - [STDERR_REDIRECT] [Fatal Error] :1:1: Premature end of file.
2026-05-14 13:33:14,126 [ERROR] LogOutputStream:75 - [STDERR_REDIRECT] 
2026-05-14 13:33:15,124 [ERROR] LogOutputStream:75 - [STDERR_REDIRECT] [Fatal Error] :1:1: Premature end of file.
2026-05-14 13:33:15,124 [ERROR] LogOutputStream:75 - [STDERR_REDIRECT] 
2026-05-14 13:33:16,128 [ERROR] LogOutputStream:75 - [STDERR_REDIRECT] [Fatal Error] :1:1: Premature end of file.
2026-05-14 13:33:16,128 [ERROR] LogOutputStream:75 - [STDERR_REDIRECT] 
2026-05-14 13:33:17,128 [ERROR] LogOutputStream:75 - [STDERR_REDIRECT] [Fatal Error] :1:1: Premature end of file.
2026-05-14 13:33:17,129 [ERROR] LogOutputStream:75 - [STDERR_REDIRECT] 
2026-05-14 13:33:18,137 [ERROR] LogOutputStream:75 - [STDERR_REDIRECT] [Fatal Error] :1:1: Premature end of file.
2026-05-14 13:33:18,138 [ERROR] LogOutputStream:75 - [STDERR_REDIRECT] 
2026-05-14 13:33:19,139 [ERROR] LogOutputStream:75 - [STDERR_REDIRECT] [Fatal Error] :1:1: Premature end of file.
2026-05-14 13:33:19,139 [ERROR] LogOutputStream:75 - [STDERR_REDIRECT] 
2026-05-14 13:33:20,128 [ERROR] LogOutputStream:75 - [STDERR_REDIRECT] [Fatal Error] :1:1: Premature end of file.
2026-05-14 13:33:20,128 [ERROR] LogOutputStream:75 - [STDERR_REDIRECT] 
2026-05-14 13:33:21,125 [ERROR] LogOutputStream:75 - [STDERR_REDIRECT] [Fatal Error] :1:1: Premature end of file.
2026-05-14 13:33:21,125 [ERROR] LogOutputStream:75 - [STDERR_REDIRECT] 
2026-05-14 13:33:22,128 [ERROR] LogOutputStream:75 - [STDERR_REDIRECT] [Fatal Error] :1:1: Premature end of file.
2026-05-14 13:33:22,128 [ERROR] LogOutputStream:75 - [STDERR_REDIRECT] 
2026-05-14 13:33:23,140 [ERROR] LogOutputStream:75 - [STDERR_REDIRECT] [Fatal Error] :1:1: Premature end of file.
2026-05-14 13:33:23,140 [ERROR] LogOutputStream:75 - [STDERR_REDIRECT] 
2026-05-14 13:33:24,130 [ERROR] LogOutputStream:75 - [STDERR_REDIRECT] [Fatal Error] :1:1: Premature end of file.
2026-05-14 13:33:24,130 [ERROR] LogOutputStream:75 - [STDERR_REDIRECT] 
2026-05-14 13:33:25,137 [ERROR] LogOutputStream:75 - [STDERR_REDIRECT] [Fatal Error] :1:1: Premature end of file.
2026-05-14 13:33:25,137 [ERROR] LogOutputStream:75 - [STDERR_REDIRECT] 
2026-05-14 13:33:26,138 [ERROR] LogOutputStream:75 - [STDERR_REDIRECT] [Fatal Error] :1:1: Premature end of file.
2026-05-14 13:33:26,138 [ERROR] LogOutputStream:75 - [STDERR_REDIRECT] 
2026-05-14 13:33:27,130 [ERROR] LogOutputStream:75 - [STDERR_REDIRECT] [Fatal Error] :1:1: Premature end of file.
2026-05-14 13:33:27,130 [ERROR] LogOutputStream:75 - [STDERR_REDIRECT] 
2026-05-14 13:33:28,143 [ERROR] LogOutputStream:75 - [STDERR_REDIRECT] [Fatal Error] :1:1: Premature end of file.
2026-05-14 13:33:28,143 [ERROR] LogOutputStream:75 - [STDERR_REDIRECT] 
2026-05-14 13:33:29,130 [ERROR] LogOutputStream:75 - [STDERR_REDIRECT] [Fatal Error] :1:1: Premature end of file.
2026-05-14 13:33:29,130 [ERROR] LogOutputStream:75 - [STDERR_REDIRECT] 
2026-05-14 13:33:30,139 [ERROR] LogOutputStream:75 - [STDERR_REDIRECT] [Fatal Error] :1:1: Premature end of file.
2026-05-14 13:33:30,139 [ERROR] LogOutputStream:75 - [STDERR_REDIRECT] 
2026-05-14 13:33:31,137 [ERROR] LogOutputStream:75 - [STDERR_REDIRECT] [Fatal Error] :1:1: Premature end of file.
2026-05-14 13:33:31,137 [ERROR] LogOutputStream:75 - [STDERR_REDIRECT] 
2026-05-14 13:33:32,129 [ERROR] LogOutputStream:75 - [STDERR_REDIRECT] [Fatal Error] :1:1: Premature end of file.
2026-05-14 13:33:32,129 [ERROR] LogOutputStream:75 - [STDERR_REDIRECT] 
2026-05-14 13:33:33,132 [ERROR] LogOutputStream:75 - [STDERR_REDIRECT] [Fatal Error] :1:1: Premature end of file.
2026-05-14 13:33:33,132 [ERROR] LogOutputStream:75 - [STDERR_REDIRECT] 
2026-05-14 13:33:34,128 [ERROR] LogOutputStream:75 - [STDERR_REDIRECT] [Fatal Error] :1:1: Premature end of file.
2026-05-14 13:33:34,128 [ERROR] LogOutputStream:75 - [STDERR_REDIRECT] 
2026-05-14 13:33:35,128 [ERROR] LogOutputStream:75 - [STDERR_REDIRECT] [Fatal Error] :1:1: Premature end of file.
2026-05-14 13:33:35,128 [ERROR] LogOutputStream:75 - [STDERR_REDIRECT] 
2026-05-14 13:33:36,145 [ERROR] LogOutputStream:75 - [STDERR_REDIRECT] [Fatal Error] :1:1: Premature end of file.
2026-05-14 13:33:36,145 [ERROR] LogOutputStream:75 - [STDERR_REDIRECT] 
2026-05-14 13:33:37,143 [ERROR] LogOutputStream:75 - [STDERR_REDIRECT] [Fatal Error] :1:1: Premature end of file.
2026-05-14 13:33:37,143 [ERROR] LogOutputStream:75 - [STDERR_REDIRECT] 
2026-05-14 13:33:38,132 [ERROR] LogOutputStream:75 - [STDERR_REDIRECT] [Fatal Error] :1:1: Premature end of file.
2026-05-14 13:33:38,134 [ERROR] LogOutputStream:75 - [STDERR_REDIRECT] 
2026-05-14 13:33:39,125 [ERROR] LogOutputStream:75 - [STDERR_REDIRECT] [Fatal Error] :1:1: Premature end of file.
2026-05-14 13:33:39,125 [ERROR] LogOutputStream:75 - [STDERR_REDIRECT] 
2026-05-14 13:33:40,128 [ERROR] LogOutputStream:75 - [STDERR_REDIRECT] [Fatal Error] :1:1: Premature end of file.
2026-05-14 13:33:40,128 [ERROR] LogOutputStream:75 - [STDERR_REDIRECT] 
2026-05-14 13:33:41,128 [ERROR] LogOutputStream:75 - [STDERR_REDIRECT] [Fatal Error] :1:1: Premature end of file.
2026-05-14 13:33:41,128 [ERROR] LogOutputStream:75 - [STDERR_REDIRECT] 
2026-05-14 13:33:42,166 [ERROR] LogOutputStream:75 - [STDERR_REDIRECT] [Fatal Error] :1:1: Premature end of file.
2026-05-14 13:33:42,166 [ERROR] LogOutputStream:75 - [STDERR_REDIRECT] 
2026-05-14 13:33:43,129 [ERROR] LogOutputStream:75 - [STDERR_REDIRECT] [Fatal Error] :1:1: Premature end of file.
2026-05-14 13:33:43,129 [ERROR] LogOutputStream:75 - [STDERR_REDIRECT] 
2026-05-14 13:33:44,130 [ERROR] LogOutputStream:75 - [STDERR_REDIRECT] [Fatal Error] :1:1: Premature end of file.
2026-05-14 13:33:44,130 [ERROR] LogOutputStream:75 - [STDERR_REDIRECT] 
2026-05-14 13:33:45,130 [ERROR] LogOutputStream:75 - [STDERR_REDIRECT] [Fatal Error] :1:1: Premature end of file.
2026-05-14 13:33:45,130 [ERROR] LogOutputStream:75 - [STDERR_REDIRECT] 
2026-05-14 13:33:46,129 [ERROR] LogOutputStream:75 - [STDERR_REDIRECT] [Fatal Error] :1:1: Premature end of file.
2026-05-14 13:33:46,129 [ERROR] LogOutputStream:75 - [STDERR_REDIRECT] 
2026-05-14 13:33:47,127 [ERROR] LogOutputStream:75 - [STDERR_REDIRECT] [Fatal Error] :1:1: Premature end of file.
2026-05-14 13:33:47,127 [ERROR] LogOutputStream:75 - [STDERR_REDIRECT] 
2026-05-14 13:33:48,126 [ERROR] LogOutputStream:75 - [STDERR_REDIRECT] [Fatal Error] :1:1: Premature end of file.
2026-05-14 13:33:48,126 [ERROR] LogOutputStream:75 - [STDERR_REDIRECT] 
2026-05-14 13:33:49,126 [ERROR] LogOutputStream:75 - [STDERR_REDIRECT] [Fatal Error] :1:1: Premature end of file.
2026-05-14 13:33:49,126 [ERROR] LogOutputStream:75 - [STDERR_REDIRECT] 
2026-05-14 13:33:50,126 [ERROR] LogOutputStream:75 - [STDERR_REDIRECT] [Fatal Error] :1:1: Premature end of file.
2026-05-14 13:33:50,126 [ERROR] LogOutputStream:75 - [STDERR_REDIRECT] 
2026-05-14 13:33:51,129 [ERROR] LogOutputStream:75 - [STDERR_REDIRECT] [Fatal Error] :1:1: Premature end of file.
2026-05-14 13:33:51,129 [ERROR] LogOutputStream:75 - [STDERR_REDIRECT] 
2026-05-14 13:33:52,128 [ERROR] LogOutputStream:75 - [STDERR_REDIRECT] [Fatal Error] :1:1: Premature end of file.
2026-05-14 13:33:52,128 [ERROR] LogOutputStream:75 - [STDERR_REDIRECT] 
2026-05-14 13:33:53,127 [ERROR] LogOutputStream:75 - [STDERR_REDIRECT] [Fatal Error] :1:1: Premature end of file.
2026-05-14 13:33:53,127 [ERROR] LogOutputStream:75 - [STDERR_REDIRECT] 
2026-05-14 13:33:54,127 [ERROR] LogOutputStream:75 - [STDERR_REDIRECT] [Fatal Error] :1:1: Premature end of file.
2026-05-14 13:33:54,128 [ERROR] LogOutputStream:75 - [STDERR_REDIRECT] 
2026-05-14 13:33:55,133 [ERROR] LogOutputStream:75 - [STDERR_REDIRECT] [Fatal Error] :1:1: Premature end of file.
2026-05-14 13:33:55,134 [ERROR] LogOutputStream:75 - [STDERR_REDIRECT] 
2026-05-14 13:33:56,130 [ERROR] LogOutputStream:75 - [STDERR_REDIRECT] [Fatal Error] :1:1: Premature end of file.
2026-05-14 13:33:56,130 [ERROR] LogOutputStream:75 - [STDERR_REDIRECT] 
2026-05-14 13:33:57,126 [ERROR] LogOutputStream:75 - [STDERR_REDIRECT] [Fatal Error] :1:1: Premature end of file.
2026-05-14 13:33:57,126 [ERROR] LogOutputStream:75 - [STDERR_REDIRECT] 
2026-05-14 13:33:58,124 [ERROR] LogOutputStream:75 - [STDERR_REDIRECT] [Fatal Error] :1:1: Premature end of file.
2026-05-14 13:33:58,125 [ERROR] LogOutputStream:75 - [STDERR_REDIRECT] 
2026-05-14 13:33:59,125 [ERROR] LogOutputStream:75 - [STDERR_REDIRECT] [Fatal Error] :1:1: Premature end of file.
2026-05-14 13:33:59,125 [ERROR] LogOutputStream:75 - [STDERR_REDIRECT] 
2026-05-14 13:34:00,125 [ERROR] LogOutputStream:75 - [STDERR_REDIRECT] [Fatal Error] :1:1: Premature end of file.
2026-05-14 13:34:00,125 [ERROR] LogOutputStream:75 - [STDERR_REDIRECT] 
2026-05-14 13:34:01,127 [ERROR] LogOutputStream:75 - [STDERR_REDIRECT] [Fatal Error] :1:1: Premature end of file.
2026-05-14 13:34:01,128 [ERROR] LogOutputStream:75 - [STDERR_REDIRECT] 
2026-05-14 13:34:02,127 [ERROR] LogOutputStream:75 - [STDERR_REDIRECT] [Fatal Error] :1:1: Premature end of file.
2026-05-14 13:34:02,127 [ERROR] LogOutputStream:75 - [STDERR_REDIRECT] 
2026-05-14 13:34:03,126 [ERROR] LogOutputStream:75 - [STDERR_REDIRECT] [Fatal Error] :1:1: Premature end of file.
2026-05-14 13:34:03,126 [ERROR] LogOutputStream:75 - [STDERR_REDIRECT] 
2026-05-14 13:34:04,127 [ERROR] LogOutputStream:75 - [STDERR_REDIRECT] [Fatal Error] :1:1: Premature end of file.
2026-05-14 13:34:04,127 [ERROR] LogOutputStream:75 - [STDERR_REDIRECT] 
2026-05-14 13:34:05,129 [ERROR] LogOutputStream:75 - [STDERR_REDIRECT] [Fatal Error] :1:1: Premature end of file.
2026-05-14 13:34:05,129 [ERROR] LogOutputStream:75 - [STDERR_REDIRECT] 
2026-05-14 13:34:06,130 [ERROR] LogOutputStream:75 - [STDERR_REDIRECT] [Fatal Error] :1:1: Premature end of file.
2026-05-14 13:34:06,130 [ERROR] LogOutputStream:75 - [STDERR_REDIRECT] 
2026-05-14 13:34:07,126 [ERROR] LogOutputStream:75 - [STDERR_REDIRECT] [Fatal Error] :1:1: Premature end of file.
2026-05-14 13:34:07,127 [ERROR] LogOutputStream:75 - [STDERR_REDIRECT] 
2026-05-14 13:34:08,126 [ERROR] LogOutputStream:75 - [STDERR_REDIRECT] [Fatal Error] :1:1: Premature end of file.
2026-05-14 13:34:08,126 [ERROR] LogOutputStream:75 - [STDERR_REDIRECT] 
2026-05-14 13:34:09,128 [ERROR] LogOutputStream:75 - [STDERR_REDIRECT] [Fatal Error] :1:1: Premature end of file.
2026-05-14 13:34:09,128 [ERROR] LogOutputStream:75 - [STDERR_REDIRECT] 
2026-05-14 13:34:10,129 [ERROR] LogOutputStream:75 - [STDERR_REDIRECT] [Fatal Error] :1:1: Premature end of file.
2026-05-14 13:34:10,129 [ERROR] LogOutputStream:75 - [STDERR_REDIRECT] 
2026-05-14 13:34:11,126 [ERROR] LogOutputStream:75 - [STDERR_REDIRECT] [Fatal Error] :1:1: Premature end of file.
2026-05-14 13:34:11,127 [ERROR] LogOutputStream:75 - [STDERR_REDIRECT] 
2026-05-14 13:34:12,125 [ERROR] LogOutputStream:75 - [STDERR_REDIRECT] [Fatal Error] :1:1: Premature end of file.
2026-05-14 13:34:12,125 [ERROR] LogOutputStream:75 - [STDERR_REDIRECT] 
2026-05-14 13:34:13,125 [ERROR] LogOutputStream:75 - [STDERR_REDIRECT] [Fatal Error] :1:1: Premature end of file.
2026-05-14 13:34:13,125 [ERROR] LogOutputStream:75 - [STDERR_REDIRECT] 
2026-05-14 13:34:14,124 [ERROR] LogOutputStream:75 - [STDERR_REDIRECT] [Fatal Error] :1:1: Premature end of file.
2026-05-14 13:34:14,124 [ERROR] LogOutputStream:75 - [STDERR_REDIRECT] 
2026-05-14 13:34:15,125 [ERROR] LogOutputStream:75 - [STDERR_REDIRECT] [Fatal Error] :1:1: Premature end of file.
2026-05-14 13:34:15,126 [ERROR] LogOutputStream:75 - [STDERR_REDIRECT] 
2026-05-14 13:34:16,127 [ERROR] LogOutputStream:75 - [STDERR_REDIRECT] [Fatal Error] :1:1: Premature end of file.
2026-05-14 13:34:16,127 [ERROR] LogOutputStream:75 - [STDERR_REDIRECT] 
2026-05-14 13:34:17,128 [ERROR] LogOutputStream:75 - [STDERR_REDIRECT] [Fatal Error] :1:1: Premature end of file.
2026-05-14 13:34:17,129 [ERROR] LogOutputStream:75 - [STDERR_REDIRECT] 
2026-05-14 13:34:18,127 [ERROR] LogOutputStream:75 - [STDERR_REDIRECT] [Fatal Error] :1:1: Premature end of file.
2026-05-14 13:34:18,127 [ERROR] LogOutputStream:75 - [STDERR_REDIRECT] 
2026-05-14 13:34:19,126 [ERROR] LogOutputStream:75 - [STDERR_REDIRECT] [Fatal Error] :1:1: Premature end of file.
2026-05-14 13:34:19,126 [ERROR] LogOutputStream:75 - [STDERR_REDIRECT] 
2026-05-14 13:34:20,127 [ERROR] LogOutputStream:75 - [STDERR_REDIRECT] [Fatal Error] :1:1: Premature end of file.
2026-05-14 13:34:20,127 [ERROR] LogOutputStream:75 - [STDERR_REDIRECT] 
2026-05-14 13:34:21,127 [ERROR] LogOutputStream:75 - [STDERR_REDIRECT] [Fatal Error] :1:1: Premature end of file.
2026-05-14 13:34:21,128 [ERROR] LogOutputStream:75 - [STDERR_REDIRECT] 
2026-05-14 13:34:22,124 [ERROR] LogOutputStream:75 - [STDERR_REDIRECT] [Fatal Error] :1:1: Premature end of file.
2026-05-14 13:34:22,124 [ERROR] LogOutputStream:75 - [STDERR_REDIRECT] 
2026-05-14 13:34:23,125 [ERROR] LogOutputStream:75 - [STDERR_REDIRECT] [Fatal Error] :1:1: Premature end of file.
2026-05-14 13:34:23,126 [ERROR] LogOutputStream:75 - [STDERR_REDIRECT] 
2026-05-14 13:34:24,124 [ERROR] LogOutputStream:75 - [STDERR_REDIRECT] [Fatal Error] :1:1: Premature end of file.
2026-05-14 13:34:24,124 [ERROR] LogOutputStream:75 - [STDERR_REDIRECT] 
2026-05-14 13:34:25,131 [ERROR] LogOutputStream:75 - [STDERR_REDIRECT] [Fatal Error] :1:1: Premature end of file.
2026-05-14 13:34:25,131 [ERROR] LogOutputStream:75 - [STDERR_REDIRECT] 
2026-05-14 13:34:26,127 [ERROR] LogOutputStream:75 - [STDERR_REDIRECT] [Fatal Error] :1:1: Premature end of file.
2026-05-14 13:34:26,128 [ERROR] LogOutputStream:75 - [STDERR_REDIRECT] 
2026-05-14 13:34:27,126 [ERROR] LogOutputStream:75 - [STDERR_REDIRECT] [Fatal Error] :1:1: Premature end of file.
2026-05-14 13:34:27,126 [ERROR] LogOutputStream:75 - [STDERR_REDIRECT] 
2026-05-14 13:34:28,132 [ERROR] LogOutputStream:75 - [STDERR_REDIRECT] [Fatal Error] :1:1: Premature end of file.
2026-05-14 13:34:28,133 [ERROR] LogOutputStream:75 - [STDERR_REDIRECT] 
2026-05-14 13:34:29,125 [ERROR] LogOutputStream:75 - [STDERR_REDIRECT] [Fatal Error] :1:1: Premature end of file.
2026-05-14 13:34:29,125 [ERROR] LogOutputStream:75 - [STDERR_REDIRECT] 
2026-05-14 13:34:30,129 [ERROR] LogOutputStream:75 - [STDERR_REDIRECT] [Fatal Error] :1:1: Premature end of file.
2026-05-14 13:34:30,130 [ERROR] LogOutputStream:75 - [STDERR_REDIRECT] 
2026-05-14 13:34:31,124 [ERROR] LogOutputStream:75 - [STDERR_REDIRECT] [Fatal Error] :1:1: Premature end of file.
2026-05-14 13:34:31,124 [ERROR] LogOutputStream:75 - [STDERR_REDIRECT] 
2026-05-14 13:34:32,126 [ERROR] LogOutputStream:75 - [STDERR_REDIRECT] [Fatal Error] :1:1: Premature end of file.
2026-05-14 13:34:32,126 [ERROR] LogOutputStream:75 - [STDERR_REDIRECT] 
2026-05-14 13:34:33,126 [ERROR] LogOutputStream:75 - [STDERR_REDIRECT] [Fatal Error] :1:1: Premature end of file.
2026-05-14 13:34:33,126 [ERROR] LogOutputStream:75 - [STDERR_REDIRECT] 
2026-05-14 13:34:34,126 [ERROR] LogOutputStream:75 - [STDERR_REDIRECT] [Fatal Error] :1:1: Premature end of file.
2026-05-14 13:34:34,126 [ERROR] LogOutputStream:75 - [STDERR_REDIRECT] 
2026-05-14 13:34:35,129 [ERROR] LogOutputStream:75 - [STDERR_REDIRECT] [Fatal Error] :1:1: Premature end of file.
2026-05-14 13:34:35,129 [ERROR] LogOutputStream:75 - [STDERR_REDIRECT] 
2026-05-14 13:34:36,129 [ERROR] LogOutputStream:75 - [STDERR_REDIRECT] [Fatal Error] :1:1: Premature end of file.
2026-05-14 13:34:36,129 [ERROR] LogOutputStream:75 - [STDERR_REDIRECT] 
2026-05-14 13:34:37,128 [ERROR] LogOutputStream:75 - [STDERR_REDIRECT] [Fatal Error] :1:1: Premature end of file.
2026-05-14 13:34:37,128 [ERROR] LogOutputStream:75 - [STDERR_REDIRECT] 
2026-05-14 13:34:38,128 [ERROR] LogOutputStream:75 - [STDERR_REDIRECT] [Fatal Error] :1:1: Premature end of file.
2026-05-14 13:34:38,128 [ERROR] LogOutputStream:75 - [STDERR_REDIRECT] 
2026-05-14 13:34:39,125 [ERROR] LogOutputStream:75 - [STDERR_REDIRECT] [Fatal Error] :1:1: Premature end of file.
2026-05-14 13:34:39,125 [ERROR] LogOutputStream:75 - [STDERR_REDIRECT] 
2026-05-14 13:34:40,125 [ERROR] LogOutputStream:75 - [STDERR_REDIRECT] [Fatal Error] :1:1: Premature end of file.
2026-05-14 13:34:40,126 [ERROR] LogOutputStream:75 - [STDERR_REDIRECT] 
2026-05-14 13:34:41,127 [ERROR] LogOutputStream:75 - [STDERR_REDIRECT] [Fatal Error] :1:1: Premature end of file.
2026-05-14 13:34:41,127 [ERROR] LogOutputStream:75 - [STDERR_REDIRECT] 
2026-05-14 13:34:42,123 [ERROR] LogOutputStream:75 - [STDERR_REDIRECT] [Fatal Error] :1:1: Premature end of file.
2026-05-14 13:34:42,123 [ERROR] LogOutputStream:75 - [STDERR_REDIRECT] 
2026-05-14 13:34:43,125 [ERROR] LogOutputStream:75 - [STDERR_REDIRECT] [Fatal Error] :1:1: Premature end of file.
2026-05-14 13:34:43,125 [ERROR] LogOutputStream:75 - [STDERR_REDIRECT] 
2026-05-14 13:34:44,127 [ERROR] LogOutputStream:75 - [STDERR_REDIRECT] [Fatal Error] :1:1: Premature end of file.
2026-05-14 13:34:44,127 [ERROR] LogOutputStream:75 - [STDERR_REDIRECT] 
2026-05-14 13:34:45,126 [ERROR] LogOutputStream:75 - [STDERR_REDIRECT] [Fatal Error] :1:1: Premature end of file.
2026-05-14 13:34:45,126 [ERROR] LogOutputStream:75 - [STDERR_REDIRECT] 
2026-05-14 13:34:46,130 [ERROR] LogOutputStream:75 - [STDERR_REDIRECT] [Fatal Error] :1:1: Premature end of file.
2026-05-14 13:34:46,130 [ERROR] LogOutputStream:75 - [STDERR_REDIRECT] 
2026-05-14 13:34:47,122 [ERROR] LogOutputStream:75 - [STDERR_REDIRECT] [Fatal Error] :1:1: Premature end of file.
2026-05-14 13:34:47,123 [ERROR] LogOutputStream:75 - [STDERR_REDIRECT] 
2026-05-14 13:34:48,127 [ERROR] LogOutputStream:75 - [STDERR_REDIRECT] [Fatal Error] :1:1: Premature end of file.
2026-05-14 13:34:48,128 [ERROR] LogOutputStream:75 - [STDERR_REDIRECT] 
2026-05-14 13:34:49,126 [ERROR] LogOutputStream:75 - [STDERR_REDIRECT] [Fatal Error] :1:1: Premature end of file.
2026-05-14 13:34:49,127 [ERROR] LogOutputStream:75 - [STDERR_REDIRECT] 
2026-05-14 13:34:50,124 [ERROR] LogOutputStream:75 - [STDERR_REDIRECT] [Fatal Error] :1:1: Premature end of file.
2026-05-14 13:34:50,124 [ERROR] LogOutputStream:75 - [STDERR_REDIRECT] 
2026-05-14 13:34:51,189 [ERROR] LogOutputStream:75 - [STDERR_REDIRECT] [Fatal Error] :1:1: Premature end of file.
2026-05-14 13:34:51,189 [ERROR] LogOutputStream:75 - [STDERR_REDIRECT] 
2026-05-14 13:34:52,131 [ERROR] LogOutputStream:75 - [STDERR_REDIRECT] [Fatal Error] :1:1: Premature end of file.
2026-05-14 13:34:52,131 [ERROR] LogOutputStream:75 - [STDERR_REDIRECT] 
2026-05-14 13:34:53,126 [ERROR] LogOutputStream:75 - [STDERR_REDIRECT] [Fatal Error] :1:1: Premature end of file.
2026-05-14 13:34:53,126 [ERROR] LogOutputStream:75 - [STDERR_REDIRECT] 
2026-05-14 13:34:54,129 [ERROR] LogOutputStream:75 - [STDERR_REDIRECT] [Fatal Error] :1:1: Premature end of file.
2026-05-14 13:34:54,129 [ERROR] LogOutputStream:75 - [STDERR_REDIRECT] 
2026-05-14 13:34:55,134 [ERROR] LogOutputStream:75 - [STDERR_REDIRECT] [Fatal Error] :1:1: Premature end of file.
2026-05-14 13:34:55,134 [ERROR] LogOutputStream:75 - [STDERR_REDIRECT] 
2026-05-14 13:34:56,128 [ERROR] LogOutputStream:75 - [STDERR_REDIRECT] [Fatal Error] :1:1: Premature end of file.
2026-05-14 13:34:56,128 [ERROR] LogOutputStream:75 - [STDERR_REDIRECT] 
2026-05-14 13:34:57,130 [ERROR] LogOutputStream:75 - [STDERR_REDIRECT] [Fatal Error] :1:1: Premature end of file.
2026-05-14 13:34:57,130 [ERROR] LogOutputStream:75 - [STDERR_REDIRECT] 
2026-05-14 13:34:58,127 [ERROR] LogOutputStream:75 - [STDERR_REDIRECT] [Fatal Error] :1:1: Premature end of file.
2026-05-14 13:34:58,127 [ERROR] LogOutputStream:75 - [STDERR_REDIRECT] 
2026-05-14 13:34:59,130 [ERROR] LogOutputStream:75 - [STDERR_REDIRECT] [Fatal Error] :1:1: Premature end of file.
2026-05-14 13:34:59,130 [ERROR] LogOutputStream:75 - [STDERR_REDIRECT] 
2026-05-14 13:35:00,125 [ERROR] LogOutputStream:75 - [STDERR_REDIRECT] [Fatal Error] :1:1: Premature end of file.
2026-05-14 13:35:00,125 [ERROR] LogOutputStream:75 - [STDERR_REDIRECT] 
2026-05-14 13:35:01,127 [ERROR] LogOutputStream:75 - [STDERR_REDIRECT] [Fatal Error] :1:1: Premature end of file.
2026-05-14 13:35:01,127 [ERROR] LogOutputStream:75 - [STDERR_REDIRECT] 
2026-05-14 13:35:02,136 [ERROR] LogOutputStream:75 - [STDERR_REDIRECT] [Fatal Error] :1:1: Premature end of file.
2026-05-14 13:35:02,136 [ERROR] LogOutputStream:75 - [STDERR_REDIRECT] 
2026-05-14 13:35:03,129 [ERROR] LogOutputStream:75 - [STDERR_REDIRECT] [Fatal Error] :1:1: Premature end of file.
2026-05-14 13:35:03,129 [ERROR] LogOutputStream:75 - [STDERR_REDIRECT] 
2026-05-14 13:35:04,127 [ERROR] LogOutputStream:75 - [STDERR_REDIRECT] [Fatal Error] :1:1: Premature end of file.
2026-05-14 13:35:04,128 [ERROR] LogOutputStream:75 - [STDERR_REDIRECT] 
2026-05-14 13:35:05,123 [ERROR] LogOutputStream:75 - [STDERR_REDIRECT] [Fatal Error] :1:1: Premature end of file.
2026-05-14 13:35:05,123 [ERROR] LogOutputStream:75 - [STDERR_REDIRECT] 
2026-05-14 13:35:06,125 [ERROR] LogOutputStream:75 - [STDERR_REDIRECT] [Fatal Error] :1:1: Premature end of file.
2026-05-14 13:35:06,125 [ERROR] LogOutputStream:75 - [STDERR_REDIRECT] 
2026-05-14 13:35:07,135 [ERROR] LogOutputStream:75 - [STDERR_REDIRECT] [Fatal Error] :1:1: Premature end of file.
2026-05-14 13:35:07,136 [ERROR] LogOutputStream:75 - [STDERR_REDIRECT] 
2026-05-14 13:35:08,139 [ERROR] LogOutputStream:75 - [STDERR_REDIRECT] [Fatal Error] :1:1: Premature end of file.
2026-05-14 13:35:08,139 [ERROR] LogOutputStream:75 - [STDERR_REDIRECT] 
2026-05-14 13:35:09,127 [ERROR] LogOutputStream:75 - [STDERR_REDIRECT] [Fatal Error] :1:1: Premature end of file.
2026-05-14 13:35:09,127 [ERROR] LogOutputStream:75 - [STDERR_REDIRECT] 
2026-05-14 13:35:10,126 [ERROR] LogOutputStream:75 - [STDERR_REDIRECT] [Fatal Error] :1:1: Premature end of file.
2026-05-14 13:35:10,127 [ERROR] LogOutputStream:75 - [STDERR_REDIRECT] 
2026-05-14 13:35:11,130 [ERROR] LogOutputStream:75 - [STDERR_REDIRECT] [Fatal Error] :1:1: Premature end of file.
2026-05-14 13:35:11,130 [ERROR] LogOutputStream:75 - [STDERR_REDIRECT] 
2026-05-14 13:35:12,123 [ERROR] LogOutputStream:75 - [STDERR_REDIRECT] [Fatal Error] :1:1: Premature end of file.
2026-05-14 13:35:12,123 [ERROR] LogOutputStream:75 - [STDERR_REDIRECT] 
2026-05-14 13:35:13,126 [ERROR] LogOutputStream:75 - [STDERR_REDIRECT] [Fatal Error] :1:1: Premature end of file.
2026-05-14 13:35:13,126 [ERROR] LogOutputStream:75 - [STDERR_REDIRECT] 
2026-05-14 13:35:14,126 [ERROR] LogOutputStream:75 - [STDERR_REDIRECT] [Fatal Error] :1:1: Premature end of file.
2026-05-14 13:35:14,126 [ERROR] LogOutputStream:75 - [STDERR_REDIRECT] 
2026-05-14 13:35:15,127 [ERROR] LogOutputStream:75 - [STDERR_REDIRECT] [Fatal Error] :1:1: Premature end of file.
2026-05-14 13:35:15,127 [ERROR] LogOutputStream:75 - [STDERR_REDIRECT] 
2026-05-14 13:35:16,135 [ERROR] LogOutputStream:75 - [STDERR_REDIRECT] [Fatal Error] :1:1: Premature end of file.
2026-05-14 13:35:16,136 [ERROR] LogOutputStream:75 - [STDERR_REDIRECT] 
2026-05-14 13:35:17,127 [ERROR] LogOutputStream:75 - [STDERR_REDIRECT] [Fatal Error] :1:1: Premature end of file.
2026-05-14 13:35:17,127 [ERROR] LogOutputStream:75 - [STDERR_REDIRECT] 
2026-05-14 13:35:18,128 [ERROR] LogOutputStream:75 - [STDERR_REDIRECT] [Fatal Error] :1:1: Premature end of file.
2026-05-14 13:35:18,129 [ERROR] LogOutputStream:75 - [STDERR_REDIRECT] 
2026-05-14 13:35:19,127 [ERROR] LogOutputStream:75 - [STDERR_REDIRECT] [Fatal Error] :1:1: Premature end of file.
2026-05-14 13:35:19,128 [ERROR] LogOutputStream:75 - [STDERR_REDIRECT] 
2026-05-14 13:35:20,128 [ERROR] LogOutputStream:75 - [STDERR_REDIRECT] [Fatal Error] :1:1: Premature end of file.
2026-05-14 13:35:20,128 [ERROR] LogOutputStream:75 - [STDERR_REDIRECT] 
2026-05-14 13:35:21,126 [ERROR] LogOutputStream:75 - [STDERR_REDIRECT] [Fatal Error] :1:1: Premature end of file.
2026-05-14 13:35:21,126 [ERROR] LogOutputStream:75 - [STDERR_REDIRECT] 
2026-05-14 13:35:22,126 [ERROR] LogOutputStream:75 - [STDERR_REDIRECT] [Fatal Error] :1:1: Premature end of file.
2026-05-14 13:35:22,126 [ERROR] LogOutputStream:75 - [STDERR_REDIRECT] 
2026-05-14 13:35:23,124 [ERROR] LogOutputStream:75 - [STDERR_REDIRECT] [Fatal Error] :1:1: Premature end of file.
2026-05-14 13:35:23,125 [ERROR] LogOutputStream:75 - [STDERR_REDIRECT] 
2026-05-14 13:35:24,126 [ERROR] LogOutputStream:75 - [STDERR_REDIRECT] [Fatal Error] :1:1: Premature end of file.
2026-05-14 13:35:24,126 [ERROR] LogOutputStream:75 - [STDERR_REDIRECT] 
2026-05-14 13:35:25,127 [ERROR] LogOutputStream:75 - [STDERR_REDIRECT] [Fatal Error] :1:1: Premature end of file.
2026-05-14 13:35:25,127 [ERROR] LogOutputStream:75 - [STDERR_REDIRECT] 
2026-05-14 13:35:26,125 [ERROR] LogOutputStream:75 - [STDERR_REDIRECT] [Fatal Error] :1:1: Premature end of file.
2026-05-14 13:35:26,125 [ERROR] LogOutputStream:75 - [STDERR_REDIRECT] 
2026-05-14 13:35:27,127 [ERROR] LogOutputStream:75 - [STDERR_REDIRECT] [Fatal Error] :1:1: Premature end of file.
2026-05-14 13:35:27,127 [ERROR] LogOutputStream:75 - [STDERR_REDIRECT] 
2026-05-14 13:35:28,134 [ERROR] LogOutputStream:75 - [STDERR_REDIRECT] [Fatal Error] :1:1: Premature end of file.
2026-05-14 13:35:28,134 [ERROR] LogOutputStream:75 - [STDERR_REDIRECT] 
2026-05-14 13:35:29,139 [ERROR] LogOutputStream:75 - [STDERR_REDIRECT] [Fatal Error] :1:1: Premature end of file.
2026-05-14 13:35:29,139 [ERROR] LogOutputStream:75 - [STDERR_REDIRECT] 
2026-05-14 13:35:30,148 [ERROR] LogOutputStream:75 - [STDERR_REDIRECT] [Fatal Error] :1:1: Premature end of file.
2026-05-14 13:35:30,148 [ERROR] LogOutputStream:75 - [STDERR_REDIRECT] 
2026-05-14 13:35:31,138 [ERROR] LogOutputStream:75 - [STDERR_REDIRECT] [Fatal Error] :1:1: Premature end of file.
2026-05-14 13:35:31,138 [ERROR] LogOutputStream:75 - [STDERR_REDIRECT] 
2026-05-14 13:35:32,135 [ERROR] LogOutputStream:75 - [STDERR_REDIRECT] [Fatal Error] :1:1: Premature end of file.
2026-05-14 13:35:32,135 [ERROR] LogOutputStream:75 - [STDERR_REDIRECT] 
2026-05-14 13:35:33,139 [ERROR] LogOutputStream:75 - [STDERR_REDIRECT] [Fatal Error] :1:1: Premature end of file.
2026-05-14 13:35:33,139 [ERROR] LogOutputStream:75 - [STDERR_REDIRECT] 
2026-05-14 13:35:34,128 [ERROR] LogOutputStream:75 - [STDERR_REDIRECT] [Fatal Error] :1:1: Premature end of file.
2026-05-14 13:35:34,128 [ERROR] LogOutputStream:75 - [STDERR_REDIRECT] 
2026-05-14 13:35:35,131 [ERROR] LogOutputStream:75 - [STDERR_REDIRECT] [Fatal Error] :1:1: Premature end of file.
2026-05-14 13:35:35,131 [ERROR] LogOutputStream:75 - [STDERR_REDIRECT] 
2026-05-14 13:35:36,138 [ERROR] LogOutputStream:75 - [STDERR_REDIRECT] [Fatal Error] :1:1: Premature end of file.
2026-05-14 13:35:36,138 [ERROR] LogOutputStream:75 - [STDERR_REDIRECT] 
2026-05-14 13:35:37,137 [ERROR] LogOutputStream:75 - [STDERR_REDIRECT] [Fatal Error] :1:1: Premature end of file.
2026-05-14 13:35:37,137 [ERROR] LogOutputStream:75 - [STDERR_REDIRECT] 
2026-05-14 13:35:38,144 [ERROR] LogOutputStream:75 - [STDERR_REDIRECT] [Fatal Error] :1:1: Premature end of file.
2026-05-14 13:35:38,144 [ERROR] LogOutputStream:75 - [STDERR_REDIRECT] 
2026-05-14 13:35:39,137 [ERROR] LogOutputStream:75 - [STDERR_REDIRECT] [Fatal Error] :1:1: Premature end of file.
2026-05-14 13:35:39,137 [ERROR] LogOutputStream:75 - [STDERR_REDIRECT] 
2026-05-14 13:35:40,136 [ERROR] LogOutputStream:75 - [STDERR_REDIRECT] [Fatal Error] :1:1: Premature end of file.
2026-05-14 13:35:40,136 [ERROR] LogOutputStream:75 - [STDERR_REDIRECT] 
2026-05-14 13:35:41,134 [ERROR] LogOutputStream:75 - [STDERR_REDIRECT] [Fatal Error] :1:1: Premature end of file.
2026-05-14 13:35:41,134 [ERROR] LogOutputStream:75 - [STDERR_REDIRECT] 
2026-05-14 13:35:42,141 [ERROR] LogOutputStream:75 - [STDERR_REDIRECT] [Fatal Error] :1:1: Premature end of file.
2026-05-14 13:35:42,141 [ERROR] LogOutputStream:75 - [STDERR_REDIRECT] 
2026-05-14 13:35:43,134 [ERROR] LogOutputStream:75 - [STDERR_REDIRECT] [Fatal Error] :1:1: Premature end of file.
2026-05-14 13:35:43,134 [ERROR] LogOutputStream:75 - [STDERR_REDIRECT] 
2026-05-14 13:35:44,136 [ERROR] LogOutputStream:75 - [STDERR_REDIRECT] [Fatal Error] :1:1: Premature end of file.
2026-05-14 13:35:44,136 [ERROR] LogOutputStream:75 - [STDERR_REDIRECT] 
2026-05-14 13:35:45,134 [ERROR] LogOutputStream:75 - [STDERR_REDIRECT] [Fatal Error] :1:1: Premature end of file.
2026-05-14 13:35:45,134 [ERROR] LogOutputStream:75 - [STDERR_REDIRECT] 
2026-05-14 13:35:46,174 [ERROR] LogOutputStream:75 - [STDERR_REDIRECT] [Fatal Error] :1:1: Premature end of file.
2026-05-14 13:35:46,174 [ERROR] LogOutputStream:75 - [STDERR_REDIRECT] 
2026-05-14 13:35:47,149 [ERROR] LogOutputStream:75 - [STDERR_REDIRECT] [Fatal Error] :1:1: Premature end of file.
2026-05-14 13:35:47,149 [ERROR] LogOutputStream:75 - [STDERR_REDIRECT] 
2026-05-14 13:35:48,138 [ERROR] LogOutputStream:75 - [STDERR_REDIRECT] [Fatal Error] :1:1: Premature end of file.
2026-05-14 13:35:48,138 [ERROR] LogOutputStream:75 - [STDERR_REDIRECT] 
2026-05-14 13:35:49,125 [ERROR] LogOutputStream:75 - [STDERR_REDIRECT] [Fatal Error] :1:1: Premature end of file.
2026-05-14 13:35:49,125 [ERROR] LogOutputStream:75 - [STDERR_REDIRECT] 
2026-05-14 13:35:50,139 [ERROR] LogOutputStream:75 - [STDERR_REDIRECT] [Fatal Error] :1:1: Premature end of file.
2026-05-14 13:35:50,139 [ERROR] LogOutputStream:75 - [STDERR_REDIRECT] 
2026-05-14 13:35:51,134 [ERROR] LogOutputStream:75 - [STDERR_REDIRECT] [Fatal Error] :1:1: Premature end of file.
2026-05-14 13:35:51,134 [ERROR] LogOutputStream:75 - [STDERR_REDIRECT] 
2026-05-14 13:35:52,134 [ERROR] LogOutputStream:75 - [STDERR_REDIRECT] [Fatal Error] :1:1: Premature end of file.
2026-05-14 13:35:52,134 [ERROR] LogOutputStream:75 - [STDERR_REDIRECT] 
2026-05-14 13:35:53,141 [ERROR] LogOutputStream:75 - [STDERR_REDIRECT] [Fatal Error] :1:1: Premature end of file.
2026-05-14 13:35:53,141 [ERROR] LogOutputStream:75 - [STDERR_REDIRECT] 
2026-05-14 13:35:54,141 [ERROR] LogOutputStream:75 - [STDERR_REDIRECT] [Fatal Error] :1:1: Premature end of file.
2026-05-14 13:35:54,141 [ERROR] LogOutputStream:75 - [STDERR_REDIRECT] 
2026-05-14 13:35:55,129 [ERROR] LogOutputStream:75 - [STDERR_REDIRECT] [Fatal Error] :1:1: Premature end of file.
2026-05-14 13:35:55,131 [ERROR] LogOutputStream:75 - [STDERR_REDIRECT] 
2026-05-14 13:35:56,136 [ERROR] LogOutputStream:75 - [STDERR_REDIRECT] [Fatal Error] :1:1: Premature end of file.
2026-05-14 13:35:56,136 [ERROR] LogOutputStream:75 - [STDERR_REDIRECT] 
2026-05-14 13:35:57,129 [ERROR] LogOutputStream:75 - [STDERR_REDIRECT] [Fatal Error] :1:1: Premature end of file.
2026-05-14 13:35:57,129 [ERROR] LogOutputStream:75 - [STDERR_REDIRECT] 
2026-05-14 13:35:58,135 [ERROR] LogOutputStream:75 - [STDERR_REDIRECT] [Fatal Error] :1:1: Premature end of file.
2026-05-14 13:35:58,135 [ERROR] LogOutputStream:75 - [STDERR_REDIRECT] 
2026-05-14 13:35:59,128 [ERROR] LogOutputStream:75 - [STDERR_REDIRECT] [Fatal Error] :1:1: Premature end of file.
2026-05-14 13:35:59,128 [ERROR] LogOutputStream:75 - [STDERR_REDIRECT] 
2026-05-14 13:36:00,161 [ERROR] LogOutputStream:75 - [STDERR_REDIRECT] [Fatal Error] :1:1: Premature end of file.
2026-05-14 13:36:00,162 [ERROR] LogOutputStream:75 - [STDERR_REDIRECT] 
2026-05-14 13:36:01,129 [ERROR] LogOutputStream:75 - [STDERR_REDIRECT] [Fatal Error] :1:1: Premature end of file.
2026-05-14 13:36:01,129 [ERROR] LogOutputStream:75 - [STDERR_REDIRECT] 
2026-05-14 13:36:01,669 [ERROR] LogOutputStream:75 - [STDERR_REDIRECT] 
2026-05-14 13:36:48,954 [INFO] Activator:176 - 


2026-05-14 13:36:48,955 [INFO] Activator:177 - !SESSION log4j initialized
2026-05-14 13:36:53,685 [INFO] LogOutputStream:77 - [STDOUT_REDIRECT] 
2026-05-14 13:36:54,983 [INFO] ApplicationProperties:184 - Using Application install path: C:\ST\STM32CubeIDE_1.19.0\STM32CubeIDE\plugins\com.st.stm32cube.common.mx_6.15.0.202507011659
2026-05-14 13:36:55,007 [INFO] DbMcusXml:78 - Set database path to: C:\ST\STM32CubeIDE_1.19.0\STM32CubeIDE\plugins\com.st.stm32cube.common.mx_6.15.0.202507011659\\db\/mcu/
2026-05-14 13:36:55,008 [INFO] ApiDb:274 - Set plugin database path to: C:\ST\STM32CubeIDE_1.19.0\STM32CubeIDE\plugins\com.st.stm32cube.common.mx_6.15.0.202507011659\\db\/plugins/boardmanager/
2026-05-14 13:36:55,008 [WARN] ApiDb:259 - Overriding images path with different value:  => C:\ST\STM32CubeIDE_1.19.0\STM32CubeIDE\plugins\com.st.stm32cube.common.mx_6.15.0.202507011659\\db\/plugins/mcufinder/images/
2026-05-14 13:36:55,016 [INFO] ApiDb:250 - Set database path to: C:\Users\justa\.stmcufinder\plugins\mcufinder//mcu/
2026-05-14 13:36:55,019 [INFO] DbMcusAds:125 - Set database path to: C:\Users\justa\.stmcufinder\plugins\mcufinder//mcu/
2026-05-14 13:36:55,023 [INFO] CrossReferenceDbSqlite:203 - Set database path to: C:\Users\justa\.stmcufinder\plugins\mcufinder//mcu/cs/
2026-05-14 13:36:55,168 [INFO] RulesReader:64 - Compatibility file has been processed (317 Rules)
2026-05-14 13:36:55,271 [INFO] DbMcusXml:78 - Set database path to: C:\ST\STM32CubeIDE_1.19.0\STM32CubeIDE\plugins\com.st.stm32cube.common.mx_6.15.0.202507011659\\db\/mcu/
2026-05-14 13:36:55,271 [INFO] ApiDb:274 - Set plugin database path to: C:\ST\STM32CubeIDE_1.19.0\STM32CubeIDE\plugins\com.st.stm32cube.common.mx_6.15.0.202507011659\\db\/plugins/boardmanager/
2026-05-14 13:36:55,271 [INFO] ApiDb:261 - Set plugin images path to: C:\ST\STM32CubeIDE_1.19.0\STM32CubeIDE\plugins\com.st.stm32cube.common.mx_6.15.0.202507011659\\db\/plugins/mcufinder/images/
2026-05-14 13:36:55,272 [WARN] DbFile:41 - Overriding database path with different value: C:\Users\justa\.stmcufinder\plugins\mcufinder/ => C:\Users\justa\.stmcufinder\plugins\mcufinder
2026-05-14 13:36:55,272 [INFO] ApiDb:250 - Set database path to: C:\Users\justa\.stmcufinder\plugins\mcufinder//mcu/
2026-05-14 13:36:55,272 [WARN] DbFile:41 - Overriding database path with different value: C:\Users\justa\.stmcufinder\plugins\mcufinder/ => C:\Users\justa\.stmcufinder\plugins\mcufinder
2026-05-14 13:36:55,272 [INFO] DbMcusAds:125 - Set database path to: C:\Users\justa\.stmcufinder\plugins\mcufinder//mcu/
2026-05-14 13:36:55,272 [WARN] DbFile:41 - Overriding database path with different value: C:\Users\justa\.stmcufinder\plugins\mcufinder/ => C:\Users\justa\.stmcufinder\plugins\mcufinder
2026-05-14 13:36:55,272 [WARN] DbFile:41 - Overriding database path with different value: C:\Users\justa\.stmcufinder\plugins\mcufinder/ => C:\Users\justa\.stmcufinder\plugins\mcufinder
2026-05-14 13:36:55,272 [INFO] CrossReferenceDbSqlite:203 - Set database path to: C:\Users\justa\.stmcufinder\plugins\mcufinder//mcu/cs/
2026-05-14 13:36:55,349 [INFO] MainPanel:274 - HeapMemory: 268435456
2026-05-14 13:36:55,425 [INFO] DbMcusXml:78 - Set database path to: C:\ST\STM32CubeIDE_1.19.0\STM32CubeIDE\plugins\com.st.stm32cube.common.mx_6.15.0.202507011659\\db\/mcu/
2026-05-14 13:36:55,425 [INFO] ApiDb:274 - Set plugin database path to: C:\ST\STM32CubeIDE_1.19.0\STM32CubeIDE\plugins\com.st.stm32cube.common.mx_6.15.0.202507011659\\db\/plugins/boardmanager/
2026-05-14 13:36:55,425 [INFO] ApiDb:261 - Set plugin images path to: C:\ST\STM32CubeIDE_1.19.0\STM32CubeIDE\plugins\com.st.stm32cube.common.mx_6.15.0.202507011659\\db\/plugins/mcufinder/images/
2026-05-14 13:36:55,425 [WARN] DbFile:41 - Overriding database path with different value: C:\Users\justa\.stmcufinder\plugins\mcufinder/ => C:\Users\justa\.stmcufinder\plugins\mcufinder
2026-05-14 13:36:55,425 [INFO] ApiDb:250 - Set database path to: C:\Users\justa\.stmcufinder\plugins\mcufinder//mcu/
2026-05-14 13:36:55,425 [WARN] DbFile:41 - Overriding database path with different value: C:\Users\justa\.stmcufinder\plugins\mcufinder/ => C:\Users\justa\.stmcufinder\plugins\mcufinder
2026-05-14 13:36:55,425 [INFO] DbMcusAds:125 - Set database path to: C:\Users\justa\.stmcufinder\plugins\mcufinder//mcu/
2026-05-14 13:36:55,425 [WARN] DbFile:41 - Overriding database path with different value: C:\Users\justa\.stmcufinder\plugins\mcufinder/ => C:\Users\justa\.stmcufinder\plugins\mcufinder
2026-05-14 13:36:55,426 [WARN] DbFile:41 - Overriding database path with different value: C:\Users\justa\.stmcufinder\plugins\mcufinder/ => C:\Users\justa\.stmcufinder\plugins\mcufinder
2026-05-14 13:36:55,426 [INFO] CrossReferenceDbSqlite:203 - Set database path to: C:\Users\justa\.stmcufinder\plugins\mcufinder//mcu/cs/
2026-05-14 13:36:55,445 [INFO] ApplicationProperties:184 - Using Application install path: C:\ST\STM32CubeIDE_1.19.0\STM32CubeIDE\plugins\com.st.stm32cube.common.mx_6.15.0.202507011659
2026-05-14 13:36:55,446 [INFO] PluginManage:196 - Search for loadable plugins [exclusion list=, ]
2026-05-14 13:36:55,446 [INFO] PluginManage:310 - Check plugin analytics
2026-05-14 13:36:55,611 [INFO] AnalyticsPlugin:253 - Accepted Software Licenses: 
2026-05-14 13:36:55,611 [INFO] AnalyticsPlugin:255 - Accepted CMSIS Pack Licenses: 
2026-05-14 13:36:55,611 [INFO] AnalyticsPlugin:257 - Accepted Firmware Licenses: FW.F4.1.28.0
2026-05-14 13:36:55,613 [INFO] PluginManage:359 - Loaded plugin analytics (category:tool,tabindex:-1)
2026-05-14 13:36:55,614 [INFO] PluginManage:310 - Check plugin cadmodel
2026-05-14 13:36:55,616 [INFO] CADModel:105 - Init CAD model plugin
2026-05-14 13:36:55,618 [INFO] PluginManage:359 - Loaded plugin cadmodel (category:power,tabindex:5)
2026-05-14 13:36:55,618 [INFO] PluginManage:310 - Check plugin clock
2026-05-14 13:36:55,624 [INFO] PluginManage:359 - Loaded plugin clock (category:base,tabindex:2)
2026-05-14 13:36:55,625 [INFO] PluginManage:310 - Check plugin ddr
2026-05-14 13:36:55,626 [INFO] PluginManage:359 - Loaded plugin ddr (category:tool,tabindex:6)
2026-05-14 13:36:55,626 [INFO] PluginManage:310 - Check plugin filemanager
2026-05-14 13:36:55,801 [INFO] PluginManage:359 - Loaded plugin filemanager (category:base,tabindex:10)
2026-05-14 13:36:55,801 [INFO] PluginManage:310 - Check plugin ipmanager
2026-05-14 13:36:55,816 [INFO] PluginManage:359 - Loaded plugin ipmanager (category:base,tabindex:5)
2026-05-14 13:36:55,816 [INFO] PluginManage:310 - Check plugin lpbam
2026-05-14 13:36:55,826 [INFO] PluginManage:359 - Loaded plugin lpbam (category:base,tabindex:0)
2026-05-14 13:36:55,827 [INFO] PluginManage:310 - Check plugin memorymap
2026-05-14 13:36:55,843 [INFO] PluginManage:359 - Loaded plugin memorymap (category:base,tabindex:4)
2026-05-14 13:36:55,843 [INFO] PluginManage:310 - Check plugin pinoutandconfiguration
2026-05-14 13:36:55,851 [INFO] PluginManage:359 - Loaded plugin pinoutandconfiguration (category:base,tabindex:1)
2026-05-14 13:36:55,851 [INFO] PluginManage:310 - Check plugin pinoutconfig
2026-05-14 13:36:55,932 [WARN] SupportedApi:132 - Cannot load RTOS API schema: s4s-elt-must-match.1: The content of 'definitions' must match (annotation?, (simpleType | complexType)?, (unique | key | keyref)*)). A problem was found starting at: attribute.
2026-05-14 13:36:56,063 [INFO] PluginManage:359 - Loaded plugin pinoutconfig (category:base,tabindex:0)
2026-05-14 13:36:56,065 [INFO] PluginManage:310 - Check plugin power
2026-05-14 13:36:56,071 [INFO] PluginManage:359 - Loaded plugin power (category:power,tabindex:4)
2026-05-14 13:36:56,071 [INFO] PluginManage:310 - Check plugin projectmanager
2026-05-14 13:36:56,085 [INFO] PluginManage:359 - Loaded plugin projectmanager (category:projectmanager,tabindex:4)
2026-05-14 13:36:56,086 [INFO] PluginManage:310 - Check plugin rif
2026-05-14 13:36:56,093 [INFO] PluginManage:359 - Loaded plugin rif (category:base,tabindex:3)
2026-05-14 13:36:56,093 [INFO] PluginManage:310 - Check plugin thirdparty
2026-05-14 13:36:56,204 [INFO] PluginManage:359 - Loaded plugin thirdparty (category:base,tabindex:-1)
2026-05-14 13:36:56,204 [WARN] IntegrityCheckThread:84 - waiting for thirdparty lock release [integrity check]
2026-05-14 13:36:56,205 [INFO] PluginManage:310 - Check plugin tools
2026-05-14 13:36:56,205 [INFO] IntegrityCheckThread:86 - entering critical section [integrity check]
2026-05-14 13:36:56,205 [INFO] ThirdPartyUpdaterWithRetryManager:70 - Updater plugin not ready yet. [1/15]
2026-05-14 13:36:56,207 [INFO] PluginManage:359 - Loaded plugin tools (category:base,tabindex:7)
2026-05-14 13:36:56,208 [INFO] PluginManage:310 - Check plugin tutovideos
2026-05-14 13:36:56,381 [INFO] PluginManage:359 - Loaded plugin tutovideos (category:base,tabindex:-1)
2026-05-14 13:36:56,381 [INFO] PluginManage:310 - Check plugin updater
2026-05-14 13:36:56,398 [INFO] PluginManage:359 - Loaded plugin updater (category:base,tabindex:12)
2026-05-14 13:36:56,398 [INFO] PluginManage:310 - Check plugin userauth
2026-05-14 13:36:56,401 [INFO] UserAuth:118 - Init User Auth plugin
2026-05-14 13:36:56,402 [INFO] PluginManage:359 - Loaded plugin userauth (category:base,tabindex:14)
2026-05-14 13:36:56,402 [INFO] PluginManage:283 - PluginManage : Loaded plugins [18]
2026-05-14 13:36:56,620 [INFO] PinOutPanel:1589 - setPackage(No Configuration,No Configuration)
2026-05-14 13:36:56,717 [INFO] CADModel:165 - CPN selected for project level
2026-05-14 13:36:56,717 [INFO] CADModel:114 - Register for checkConnection events
2026-05-14 13:36:56,733 [INFO] IPUIPlugin:80 - create IPUIPlugin
2026-05-14 13:36:56,735 [INFO] PluginManager:220 - loadIPPluginJar : add adc
2026-05-14 13:36:56,737 [INFO] IPUIPlugin:80 - create IPUIPlugin
2026-05-14 13:36:56,737 [INFO] PluginManager:220 - loadIPPluginJar : add aes
2026-05-14 13:36:56,740 [INFO] IPUIPlugin:80 - create IPUIPlugin
2026-05-14 13:36:56,740 [INFO] PluginManager:220 - loadIPPluginJar : add can
2026-05-14 13:36:56,741 [INFO] IPUIPlugin:80 - create IPUIPlugin
2026-05-14 13:36:56,741 [INFO] PluginManager:220 - loadIPPluginJar : add comp
2026-05-14 13:36:56,743 [INFO] IPUIPlugin:80 - create IPUIPlugin
2026-05-14 13:36:56,743 [INFO] PluginManager:220 - loadIPPluginJar : add cryp
2026-05-14 13:36:56,745 [INFO] IPUIPlugin:80 - create IPUIPlugin
2026-05-14 13:36:56,745 [INFO] PluginManager:220 - loadIPPluginJar : add ddr_ctrl_phy
2026-05-14 13:36:56,748 [INFO] IPUIPlugin:80 - create IPUIPlugin
2026-05-14 13:36:56,748 [INFO] PluginManager:220 - loadIPPluginJar : add dfsdm
2026-05-14 13:36:56,753 [INFO] IPUIPlugin:80 - create IPUIPlugin
2026-05-14 13:36:56,754 [INFO] PluginManager:220 - loadIPPluginJar : add dma
2026-05-14 13:36:56,756 [INFO] IPUIPlugin:80 - create IPUIPlugin
2026-05-14 13:36:56,756 [INFO] PluginManager:220 - loadIPPluginJar : add dma3
2026-05-14 13:36:56,760 [INFO] IPUIPlugin:80 - create IPUIPlugin
2026-05-14 13:36:56,760 [INFO] PluginManager:220 - loadIPPluginJar : add extmemmanager
2026-05-14 13:36:56,762 [INFO] IPUIPlugin:80 - create IPUIPlugin
2026-05-14 13:36:56,762 [INFO] PluginManager:220 - loadIPPluginJar : add fatfs
2026-05-14 13:36:56,768 [INFO] IPUIPlugin:80 - create IPUIPlugin
2026-05-14 13:36:56,768 [INFO] PluginManager:220 - loadIPPluginJar : add fmc
2026-05-14 13:36:56,772 [INFO] IPUIPlugin:80 - create IPUIPlugin
2026-05-14 13:36:56,772 [INFO] PluginManager:220 - loadIPPluginJar : add freertos
2026-05-14 13:36:56,773 [INFO] IPUIPlugin:80 - create IPUIPlugin
2026-05-14 13:36:56,773 [INFO] PluginManager:220 - loadIPPluginJar : add genericplugin
2026-05-14 13:36:56,776 [INFO] IPUIPlugin:80 - create IPUIPlugin
2026-05-14 13:36:56,776 [INFO] PluginManager:220 - loadIPPluginJar : add gfxmmu
2026-05-14 13:36:56,779 [INFO] IPUIPlugin:80 - create IPUIPlugin
2026-05-14 13:36:56,779 [INFO] PluginManager:220 - loadIPPluginJar : add gic
2026-05-14 13:36:56,783 [INFO] IPUIPlugin:80 - create IPUIPlugin
2026-05-14 13:36:56,783 [INFO] PluginManager:220 - loadIPPluginJar : add gpio
2026-05-14 13:36:56,786 [INFO] IPUIPlugin:80 - create IPUIPlugin
2026-05-14 13:36:56,786 [INFO] PluginManager:220 - loadIPPluginJar : add gtzc
2026-05-14 13:36:56,787 [INFO] IPUIPlugin:80 - create IPUIPlugin
2026-05-14 13:36:56,787 [INFO] PluginManager:220 - loadIPPluginJar : add hash
2026-05-14 13:36:56,790 [INFO] IPUIPlugin:80 - create IPUIPlugin
2026-05-14 13:36:56,790 [INFO] PluginManager:220 - loadIPPluginJar : add i2c
2026-05-14 13:36:56,793 [INFO] IPUIPlugin:80 - create IPUIPlugin
2026-05-14 13:36:56,794 [INFO] PluginManager:220 - loadIPPluginJar : add i2s
2026-05-14 13:36:56,796 [INFO] IPUIPlugin:80 - create IPUIPlugin
2026-05-14 13:36:56,797 [INFO] PluginManager:220 - loadIPPluginJar : add i3c
2026-05-14 13:36:56,801 [INFO] IPUIPlugin:80 - create IPUIPlugin
2026-05-14 13:36:56,801 [INFO] PluginManager:220 - loadIPPluginJar : add ipddr
2026-05-14 13:36:56,808 [INFO] IPUIPlugin:80 - create IPUIPlugin
2026-05-14 13:36:56,809 [INFO] PluginManager:220 - loadIPPluginJar : add linkedlist
2026-05-14 13:36:56,812 [INFO] IPUIPlugin:80 - create IPUIPlugin
2026-05-14 13:36:56,812 [INFO] PluginManager:220 - loadIPPluginJar : add lorawan
2026-05-14 13:36:56,814 [INFO] IPUIPlugin:80 - create IPUIPlugin
2026-05-14 13:36:56,814 [INFO] PluginManager:220 - loadIPPluginJar : add ltdc
2026-05-14 13:36:56,819 [INFO] IPUIPlugin:80 - create IPUIPlugin
2026-05-14 13:36:56,819 [INFO] PluginManager:220 - loadIPPluginJar : add mdma
2026-05-14 13:36:56,823 [INFO] IPUIPlugin:80 - create IPUIPlugin
2026-05-14 13:36:56,823 [INFO] PluginManager:220 - loadIPPluginJar : add nvic
2026-05-14 13:36:56,826 [INFO] IPUIPlugin:80 - create IPUIPlugin
2026-05-14 13:36:56,826 [INFO] PluginManager:220 - loadIPPluginJar : add opamp
2026-05-14 13:36:56,830 [INFO] IPUIPlugin:80 - create IPUIPlugin
2026-05-14 13:36:56,831 [INFO] PluginManager:220 - loadIPPluginJar : add openamp
2026-05-14 13:36:56,835 [INFO] IPUIPlugin:80 - create IPUIPlugin
2026-05-14 13:36:56,835 [INFO] PluginManager:220 - loadIPPluginJar : add pdm2pcm
2026-05-14 13:36:56,839 [INFO] IPUIPlugin:80 - create IPUIPlugin
2026-05-14 13:36:56,843 [INFO] PluginManager:220 - loadIPPluginJar : add plateformsettings
2026-05-14 13:36:56,844 [INFO] IPUIPlugin:80 - create IPUIPlugin
2026-05-14 13:36:56,844 [INFO] PluginManager:220 - loadIPPluginJar : add quadspi
2026-05-14 13:36:56,847 [INFO] IPUIPlugin:80 - create IPUIPlugin
2026-05-14 13:36:56,847 [INFO] PluginManager:220 - loadIPPluginJar : add radio
2026-05-14 13:36:56,851 [INFO] IPUIPlugin:80 - create IPUIPlugin
2026-05-14 13:36:56,851 [INFO] PluginManager:220 - loadIPPluginJar : add resmgrutility
2026-05-14 13:36:56,854 [INFO] IPUIPlugin:80 - create IPUIPlugin
2026-05-14 13:36:56,854 [INFO] PluginManager:220 - loadIPPluginJar : add sai
2026-05-14 13:36:56,856 [INFO] IPUIPlugin:80 - create IPUIPlugin
2026-05-14 13:36:56,856 [INFO] PluginManager:220 - loadIPPluginJar : add spi
2026-05-14 13:36:56,863 [INFO] IPUIPlugin:80 - create IPUIPlugin
2026-05-14 13:36:56,864 [INFO] PluginManager:220 - loadIPPluginJar : add stm32_wpan
2026-05-14 13:36:56,865 [INFO] IPUIPlugin:80 - create IPUIPlugin
2026-05-14 13:36:56,865 [INFO] PluginManager:220 - loadIPPluginJar : add tim
2026-05-14 13:36:56,869 [INFO] IPUIPlugin:80 - create IPUIPlugin
2026-05-14 13:36:56,870 [INFO] PluginManager:220 - loadIPPluginJar : add touchsensing
2026-05-14 13:36:56,871 [INFO] IPUIPlugin:80 - create IPUIPlugin
2026-05-14 13:36:56,871 [INFO] PluginManager:220 - loadIPPluginJar : add tracer_emb
2026-05-14 13:36:56,873 [INFO] IPUIPlugin:80 - create IPUIPlugin
2026-05-14 13:36:56,873 [INFO] PluginManager:220 - loadIPPluginJar : add ts
2026-05-14 13:36:56,875 [INFO] IPUIPlugin:80 - create IPUIPlugin
2026-05-14 13:36:56,875 [INFO] PluginManager:220 - loadIPPluginJar : add tsc
2026-05-14 13:36:56,877 [INFO] IPUIPlugin:80 - create IPUIPlugin
2026-05-14 13:36:56,877 [INFO] PluginManager:220 - loadIPPluginJar : add ucpd
2026-05-14 13:36:56,880 [INFO] IPUIPlugin:80 - create IPUIPlugin
2026-05-14 13:36:56,880 [INFO] PluginManager:220 - loadIPPluginJar : add usart
2026-05-14 13:36:56,883 [INFO] IPUIPlugin:80 - create IPUIPlugin
2026-05-14 13:36:56,883 [INFO] PluginManager:220 - loadIPPluginJar : add usbx
2026-05-14 13:36:57,018 [FATAL] Updater:351 - Updater called before beeing initialized
2026-05-14 13:36:57,038 [INFO] RulesReader:64 - Compatibility file has been processed (317 Rules)
2026-05-14 13:36:57,046 [INFO] RulesReader:64 - Compatibility file has been processed (317 Rules)
2026-05-14 13:36:57,055 [INFO] CADModel:165 - CPN selected for project level
2026-05-14 13:36:57,055 [INFO] CADModel:114 - Register for checkConnection events
2026-05-14 13:36:57,055 [FATAL] Updater:351 - Updater called before beeing initialized
2026-05-14 13:36:57,055 [ERROR] CADModel:125 - Updater not yet initialized, retry later 
2026-05-14 13:36:57,244 [FATAL] Updater:351 - Updater called before beeing initialized
2026-05-14 13:36:57,246 [INFO] CADModel:165 - CPN selected for project level
2026-05-14 13:36:57,246 [INFO] CADModel:114 - Register for checkConnection events
2026-05-14 13:36:57,246 [FATAL] Updater:351 - Updater called before beeing initialized
2026-05-14 13:36:57,246 [ERROR] CADModel:125 - Updater not yet initialized, retry later 
2026-05-14 13:36:57,249 [FATAL] Updater:351 - Updater called before beeing initialized
2026-05-14 13:36:57,360 [FATAL] Updater:351 - Updater called before beeing initialized
2026-05-14 13:36:57,364 [INFO] DbMcusAds:53 - JSON generation date=Mon Apr 27 11:14:29 EEST 2026 (1777277669577)
2026-05-14 13:36:57,364 [FATAL] Updater:351 - Updater called before beeing initialized
2026-05-14 13:36:57,394 [WARN] DetailPanel:346 - Failed to get advertising image, set to default
2026-05-14 13:36:57,494 [FATAL] Updater:351 - Updater called before beeing initialized
2026-05-14 13:36:57,496 [FATAL] Updater:351 - Updater called before beeing initialized
2026-05-14 13:36:57,496 [FATAL] Updater:351 - Updater called before beeing initialized
2026-05-14 13:36:57,496 [WARN] DetailPanel:346 - Failed to get advertising image, set to default
2026-05-14 13:36:57,497 [FATAL] Updater:351 - Updater called before beeing initialized
2026-05-14 13:36:57,543 [ERROR] Updater:1198 - MainUpdater not yet initialized. External WinMGr cannot be set.
2026-05-14 13:36:57,544 [INFO] Updater:1134 - Updater Version found : 6.15.0
2026-05-14 13:36:57,556 [INFO] ApplicationProperties:184 - Using Application install path: C:\ST\STM32CubeIDE_1.19.0\STM32CubeIDE\plugins\com.st.stm32cube.common.mx_6.15.0.202507011659
2026-05-14 13:36:59,131 [ERROR] LogOutputStream:75 - [STDERR_REDIRECT] May 14, 2026 1:36:59 PM java.util.prefs.WindowsPreferences <init>
2026-05-14 13:36:59,132 [ERROR] LogOutputStream:75 - [STDERR_REDIRECT] WARNING: Could not open/create prefs root node Software\JavaSoft\Prefs at root 0xffffffff80000002. Windows RegCreateKeyEx(...) returned error code 5.
2026-05-14 13:36:59,132 [ERROR] LogOutputStream:75 - [STDERR_REDIRECT] 
2026-05-14 13:36:59,207 [INFO] ThirdPartyUpdaterWithRetryManager:70 - Updater plugin not ready yet. [2/15]
2026-05-14 13:36:59,461 [INFO] MainUpdater:2872 - connection check result : 10
2026-05-14 13:36:59,462 [INFO] MainUpdater:289 - Updater Check For Update Now.
2026-05-14 13:36:59,462 [INFO] MicroXplorer:498 - Change Database Version : DB.6.0.150
2026-05-14 13:36:59,467 [INFO] McuFinderGlobals:63 - Set McuFinder mode to 2 (CubeIDE integrated)
2026-05-14 13:36:59,467 [INFO] UserAuth:487 - Internet connection configuration mode: 1
2026-05-14 13:36:59,487 [INFO] JxBrowserEngine:152 - Initiate JxBrowser Engine with user profile folder
2026-05-14 13:36:59,632 [INFO] CheckServerUpdateThread:120 - End of CheckServer Thread
2026-05-14 13:37:00,078 [INFO] WebApp:169 - Instantiating new browser for Auth
2026-05-14 13:37:00,617 [INFO] McuFinderGlobals:63 - Set McuFinder mode to 2 (CubeIDE integrated)
2026-05-14 13:37:00,623 [INFO] MainUpdater:2872 - connection check result : 10
2026-05-14 13:37:00,624 [INFO] MainUpdater:2872 - connection check result : 10
2026-05-14 13:37:00,659 [INFO] MicroXplorer:468 - Change Database Path : 
2026-05-14 13:37:00,659 [INFO] MicroXplorer:498 - Change Database Version : DB.6.0.150
2026-05-14 13:37:00,666 [WARN] ThirdParty:871 - waiting for thirdparty lock release [close project]
2026-05-14 13:37:00,671 [INFO] WebApp:463 - Apply proxy settings
2026-05-14 13:37:00,671 [INFO] WebApp:548 - Chromium requires no authentication
2026-05-14 13:37:00,678 [INFO] WebApp:491 - Direct internet connection detected
2026-05-14 13:37:00,699 [INFO] WebApp:900 - Register for checkConnection events
2026-05-14 13:37:00,699 [INFO] WebApp:463 - Apply proxy settings
2026-05-14 13:37:00,700 [INFO] WebApp:548 - Chromium requires no authentication
2026-05-14 13:37:00,700 [INFO] WebApp:491 - Direct internet connection detected
2026-05-14 13:37:00,865 [INFO] WebApp:225 - Starting web application
2026-05-14 13:37:00,866 [INFO] WebApp:593 - Web application path used C:\ST\STM32CubeIDE_1.19.0\STM32CubeIDE\plugins\com.st.stm32cube.common.mx_6.15.0.202507011659\db\plugins\mcufinder\reactClient1\index.html
2026-05-14 13:37:00,956 [INFO] UserAuth:487 - Internet connection configuration mode: 1
2026-05-14 13:37:01,024 [INFO] WebApp:191 - Connection restablished
2026-05-14 13:37:01,064 [ERROR] LogOutputStream:75 - [STDERR_REDIRECT] [Fatal Error] :1:1: Premature end of file.
2026-05-14 13:37:01,065 [ERROR] LogOutputStream:75 - [STDERR_REDIRECT] 
2026-05-14 13:37:02,036 [ERROR] LogOutputStream:75 - [STDERR_REDIRECT] [Fatal Error] :1:1: Premature end of file.
2026-05-14 13:37:02,036 [ERROR] LogOutputStream:75 - [STDERR_REDIRECT] 
2026-05-14 13:37:02,524 [WARN] PackLoader:240 - Cannot read IP mode file for STMicroelectronics.X-CUBE-AZRTOS-H7.3.5.0
2026-05-14 13:37:02,544 [WARN] PackLoader:240 - Cannot read IP mode file for STMicroelectronics.FP-ATR-ASTRA1.2.0.2
2026-05-14 13:37:02,555 [WARN] PackLoader:240 - Cannot read IP mode file for STMicroelectronics.X-CUBE-SMBUS.2.1.0
2026-05-14 13:37:02,586 [WARN] PackLoader:240 - Cannot read IP mode file for STMicroelectronics.X-CUBE-AZRTOS-F7.1.1.0
2026-05-14 13:37:02,601 [WARN] PackLoader:240 - Cannot read IP mode file for STMicroelectronics.FP-SNS-MOTENV1.5.1.0
2026-05-14 13:37:02,615 [WARN] PackLoader:240 - Cannot read IP mode file for WES.I-CUBE-Cesium.1.4.0
2026-05-14 13:37:02,625 [WARN] PackLoader:240 - Cannot read IP mode file for STMicroelectronics.X-CUBE-DISPLAY.3.0.0
2026-05-14 13:37:02,644 [WARN] PackLoader:240 - Cannot read IP mode file for STMicroelectronics.X-CUBE-GNSS1.7.1.1
2026-05-14 13:37:02,651 [WARN] PackLoader:240 - Cannot read IP mode file for STMicroelectronics.FP-SNS-MOTENVWB1.1.5.0
2026-05-14 13:37:02,658 [WARN] PackLoader:240 - Cannot read IP mode file for wolfSSL.I-CUBE-wolfSSL.5.9.1
2026-05-14 13:37:02,666 [WARN] PackLoader:240 - Cannot read IP mode file for STMicroelectronics.X-CUBE-NFC10.1.0.0
2026-05-14 13:37:02,674 [WARN] PackLoader:240 - Cannot read IP mode file for STMicroelectronics.X-CUBE-ST60.1.1.0
2026-05-14 13:37:02,683 [WARN] PackLoader:240 - Cannot read IP mode file for emotas.I-CUBE-CANOPEN.1.3.0
2026-05-14 13:37:02,689 [WARN] PackLoader:240 - Cannot read IP mode file for STMicroelectronics.X-CUBE-GNSS1.7.1.0
2026-05-14 13:37:02,700 [WARN] PackLoader:240 - Cannot read IP mode file for STMicroelectronics.FP-SNS-STBOX1.2.1.0
2026-05-14 13:37:02,707 [WARN] PackLoader:240 - Cannot read IP mode file for STMicroelectronics.FP-SNS-SMARTAG2.1.2.0
2026-05-14 13:37:02,712 [WARN] PackLoader:240 - Cannot read IP mode file for STMicroelectronics.FP-SNS-FLIGHT1.5.1.0
2026-05-14 13:37:02,721 [INFO] LogOutputStream:77 - [STDOUT_REDIRECT] 1 : Invalid condition id : UX_CORESTACK_Condition cause : null
2026-05-14 13:37:02,721 [INFO] LogOutputStream:77 - [STDOUT_REDIRECT] 1 : Invalid condition id : UX_CORESTACK_Condition cause : null
2026-05-14 13:37:02,722 [INFO] LogOutputStream:77 - [STDOUT_REDIRECT] 1 : Invalid condition id : UX_CORESTACK_Condition cause : null
2026-05-14 13:37:02,723 [INFO] LogOutputStream:77 - [STDOUT_REDIRECT] 1 : Invalid condition id : UX_CORESTACK_Condition cause : null
2026-05-14 13:37:02,725 [INFO] LogOutputStream:77 - [STDOUT_REDIRECT] 1 : Invalid condition id : UX_CORESTACK_Condition cause : null
2026-05-14 13:37:02,727 [WARN] PackLoader:240 - Cannot read IP mode file for STMicroelectronics.X-CUBE-AZRTOS-WL.2.0.0
2026-05-14 13:37:02,743 [WARN] PackLoader:240 - Cannot read IP mode file for STMicroelectronics.X-CUBE-AZRTOS-H7RS.1.2.0
2026-05-14 13:37:02,752 [WARN] PackLoader:240 - Cannot read IP mode file for STMicroelectronics.X-CUBE-BLE2.3.3.0
2026-05-14 13:37:02,796 [WARN] PackLoader:240 - Cannot read IP mode file for Infineon.AIROC-Wi-Fi-Bluetooth-STM32.1.8.0
2026-05-14 13:37:02,809 [WARN] PackLoader:240 - Cannot read IP mode file for STMicroelectronics.X-CUBE-NFC9.1.0.0
2026-05-14 13:37:02,817 [WARN] PackLoader:240 - Cannot read IP mode file for STMicroelectronics.X-CUBE-BLE1.7.1.0
2026-05-14 13:37:02,824 [WARN] PackLoader:240 - Cannot read IP mode file for wolfSSL.I-CUBE-wolfMQTT.1.19.2
2026-05-14 13:37:02,832 [WARN] PackLoader:240 - Cannot read IP mode file for STMicroelectronics.X-CUBE-EEPRMA1.5.2.0
2026-05-14 13:37:02,840 [WARN] PackLoader:240 - Cannot read IP mode file for STMicroelectronics.FP-SNS-STAIOTCFT.1.1.0
2026-05-14 13:37:02,911 [WARN] PackLoader:240 - Cannot read IP mode file for STMicroelectronics.X-CUBE-MEMS1.12.0.0
2026-05-14 13:37:03,044 [WARN] PackLoader:240 - Cannot read IP mode file for STMicroelectronics.X-CUBE-AZRTOS-G0.1.1.0
2026-05-14 13:37:03,052 [WARN] PackLoader:240 - Cannot read IP mode file for STMicroelectronics.X-CUBE-NFC4.3.0.0
2026-05-14 13:37:03,067 [WARN] PackLoader:240 - Cannot read IP mode file for EmbeddedOffice.I-CUBE-FS-RTOS.1.0.1
2026-05-14 13:37:03,074 [WARN] PackLoader:240 - Cannot read IP mode file for wolfSSL.I-CUBE-wolfTPM.3.8.0
2026-05-14 13:37:03,081 [WARN] PackLoader:240 - Cannot read IP mode file for STMicroelectronics.X-CUBE-TCPP.4.2.0
2026-05-14 13:37:03,088 [WARN] PackLoader:240 - Cannot read IP mode file for RealThread.X-CUBE-RT-Thread_Nano.4.1.1
2026-05-14 13:37:03,092 [ERROR] LogOutputStream:75 - [STDERR_REDIRECT] [Fatal Error] :1:1: Premature end of file.
2026-05-14 13:37:03,092 [ERROR] LogOutputStream:75 - [STDERR_REDIRECT] 
2026-05-14 13:37:03,098 [WARN] PackLoader:240 - Cannot read IP mode file for STMicroelectronics.FP-ATR-SIGFOX1.3.2.0
2026-05-14 13:37:03,107 [WARN] PackLoader:240 - Cannot read IP mode file for STMicroelectronics.X-CUBE-FREERTOS.1.5.0
2026-05-14 13:37:03,116 [WARN] PackLoader:240 - Cannot read IP mode file for ITTIA_DB.I-CUBE-ITTIADB.8.9.0
2026-05-14 13:37:03,125 [WARN] PackLoader:240 - Cannot read IP mode file for Cesanta.I-CUBE-Mongoose.7.21.7
2026-05-14 13:37:03,133 [WARN] PackLoader:240 - Cannot read IP mode file for STMicroelectronics.X-CUBE-NFC6.3.2.0
2026-05-14 13:37:03,140 [WARN] PackLoader:240 - Cannot read IP mode file for STMicroelectronics.X-CUBE-AI.10.2.0
2026-05-14 13:37:03,171 [WARN] PackLoader:240 - Cannot read IP mode file for STMicroelectronics.X-CUBE-MEMS1.12.1.0
2026-05-14 13:37:03,233 [WARN] PackLoader:240 - Cannot read IP mode file for SEGGER.I-CUBE-embOS.1.3.1
2026-05-14 13:37:03,254 [WARN] PackLoader:240 - Cannot read IP mode file for STMicroelectronics.X-CUBE-ALGOBUILD.1.4.0
2026-05-14 13:37:03,259 [WARN] PackLoader:240 - Cannot read IP mode file for STMicroelectronics.X-CUBE-PM33A1.1.0.0
2026-05-14 13:37:03,269 [WARN] PackLoader:240 - Cannot read IP mode file for STMicroelectronics.X-CUBE-AZRTOS-F4.1.1.0
2026-05-14 13:37:03,275 [WARN] PackLoader:240 - Cannot read IP mode file for STMicroelectronics.X-CUBE-ISPU.2.1.0
2026-05-14 13:37:03,288 [WARN] PackLoader:240 - Cannot read IP mode file for STMicroelectronics.X-CUBE-IPS.3.2.0
2026-05-14 13:37:03,297 [WARN] PackLoader:240 - Cannot read IP mode file for STMicroelectronics.eDS-WB_DPC_TT-BIDIR.2.1.1
2026-05-14 13:37:03,303 [WARN] PackLoader:240 - Cannot read IP mode file for STMicroelectronics.X-CUBE-NFC12.1.0.0
2026-05-14 13:37:03,314 [WARN] PackLoader:240 - Cannot read IP mode file for STMicroelectronics.X-CUBE-AZRTOS-L5.2.0.0
2026-05-14 13:37:03,320 [WARN] PackLoader:240 - Cannot read IP mode file for STMicroelectronics.eDS-WB_DPC_VIENNA.1.2.0
2026-05-14 13:37:03,323 [WARN] PackLoader:240 - Cannot read IP mode file for STMicroelectronics.eDS-WB_DPC_3PH2L-BIDIR.1.1.1
2026-05-14 13:37:03,328 [ERROR] Engine:466 - C:\Users\justa\.stm32cubemx\thirdparties\pdsc\STMicroelectronics.X-CUBE-ST67W61.1.3.0.pdsc: PDSC version is not supported
2026-05-14 13:37:03,335 [WARN] PackLoader:240 - Cannot read IP mode file for STMicroelectronics.X-CUBE-TOUCHGFX.4.26.1
2026-05-14 13:37:03,340 [WARN] PackLoader:240 - Cannot read IP mode file for STMicroelectronics.X-CUBE-DPower.1.3.0
2026-05-14 13:37:03,350 [WARN] ConditionMgr:438 - getConditionDescription Invalid condition id : LAN8742 Phy interface Condition cause : null
2026-05-14 13:37:03,350 [WARN] PackLoader:240 - Cannot read IP mode file for STMicroelectronics.X-CUBE-AZRTOS-L4.2.0.0
2026-05-14 13:37:03,352 [WARN] ConditionMgr:1044 - genDependencies : Invalid condition id : LAN8742 Phy interface Condition cause : null
2026-05-14 13:37:03,352 [WARN] ConditionMgr:1044 - genDependencies : Invalid condition id : LAN8742 Phy interface Condition cause : null
2026-05-14 13:37:03,352 [WARN] ConditionMgr:1044 - genDependencies : Invalid condition id : LAN8742 Phy interface Condition cause : null
2026-05-14 13:37:03,359 [WARN] PackLoader:240 - Cannot read IP mode file for STMicroelectronics.X-CUBE-SFXS2LP1.4.0.0
2026-05-14 13:37:03,367 [WARN] PackLoader:240 - Cannot read IP mode file for STMicroelectronics.X-CUBE-WB05N.2.1.0
2026-05-14 13:37:03,374 [WARN] PackLoader:240 - Cannot read IP mode file for STMicroelectronics.X-CUBE-BLEMGR.4.1.0
2026-05-14 13:37:03,384 [WARN] ConditionMgr:438 - getConditionDescription Invalid condition id : UX DEVICE CLASS RTOS Condition cause : null
2026-05-14 13:37:03,384 [WARN] ConditionMgr:438 - getConditionDescription Invalid condition id : UX DEVICE CLASS RTOS Condition cause : null
2026-05-14 13:37:03,385 [WARN] PackLoader:240 - Cannot read IP mode file for STMicroelectronics.X-CUBE-AZRTOS-WB.2.0.0
2026-05-14 13:37:03,385 [WARN] ConditionMgr:1044 - genDependencies : Invalid condition id : UX DEVICE CLASS RTOS Condition cause : null
2026-05-14 13:37:03,385 [WARN] ConditionMgr:1044 - genDependencies : Invalid condition id : UX DEVICE CLASS RTOS Condition cause : null
2026-05-14 13:37:03,385 [WARN] ConditionMgr:1044 - genDependencies : Invalid condition id : UX DEVICE CLASS RTOS Condition cause : null
2026-05-14 13:37:03,386 [WARN] ConditionMgr:1044 - genDependencies : Invalid condition id : UX DEVICE CLASS RTOS Condition cause : null
2026-05-14 13:37:03,386 [WARN] ConditionMgr:1044 - genDependencies : Invalid condition id : UX DEVICE CLASS RTOS Condition cause : null
2026-05-14 13:37:03,392 [WARN] ConditionMgr:438 - getConditionDescription Invalid condition id : Cortex-A Device cause : null
2026-05-14 13:37:03,407 [WARN] ConditionMgr:1044 - genDependencies : Invalid condition id : Cortex-A Device cause : null
2026-05-14 13:37:03,407 [WARN] ConditionMgr:1044 - genDependencies : Invalid condition id : Cortex-A Device cause : null
2026-05-14 13:37:03,407 [WARN] ConditionMgr:1044 - genDependencies : Invalid condition id : Cortex-A Device cause : null
2026-05-14 13:37:03,413 [WARN] PackLoader:240 - Cannot read IP mode file for STMicroelectronics.X-CUBE-STSE01.2.0.0
2026-05-14 13:37:03,420 [WARN] PackLoader:240 - Cannot read IP mode file for STMicroelectronics.X-CUBE-SUBG2.5.0.0
2026-05-14 13:37:03,434 [WARN] PackLoader:240 - Cannot read IP mode file for STMicroelectronics.X-CUBE-AZRTOS-G4.2.0.0
2026-05-14 13:37:03,441 [WARN] PackLoader:240 - Cannot read IP mode file for wolfSSL.I-CUBE-wolfSSH.1.4.20
2026-05-14 13:37:03,445 [WARN] PackLoader:240 - Cannot read IP mode file for STMicroelectronics.X-CUBE-NFC7.2.0.0
2026-05-14 13:37:03,450 [WARN] PackLoader:240 - Cannot read IP mode file for STMicroelectronics.X-CUBE-ALS.1.0.2
2026-05-14 13:37:03,457 [WARN] PackLoader:240 - Cannot read IP mode file for STMicroelectronics.X-CUBE-TOF1.3.4.3
2026-05-14 13:37:03,462 [INFO] ThirdParty:978 - Integrity check success = true
2026-05-14 13:37:03,464 [INFO] IntegrityCheckThread:100 - exiting critical section [integrity check]
2026-05-14 13:37:03,464 [INFO] IntegrityCheckThread:103 - End integrity checks thread
2026-05-14 13:37:03,464 [INFO] ThirdParty:873 - entering critical section [close project]
2026-05-14 13:37:03,465 [INFO] ThirdParty:883 - exiting critical section [close project]
2026-05-14 13:37:03,468 [INFO] PinOutPanel:1589 - setPackage(No Configuration,No Configuration)
2026-05-14 13:37:03,469 [INFO] UtilMem:75 - Begin LoadConfig() Used Memory: 247172600 Bytes (340787200)
2026-05-14 13:37:03,470 [INFO] MicroXplorer:468 - Change Database Path : 
2026-05-14 13:37:03,470 [INFO] MicroXplorer:498 - Change Database Version : DB.6.0.150
2026-05-14 13:37:03,471 [INFO] OpenFileManager:355 - Change cursor
2026-05-14 13:37:03,498 [INFO] Mcu:2029 - Initializing MCU STM32F407V(E-G)Tx STM32F407VGTx STM32F407VGT6
2026-05-14 13:37:04,046 [ERROR] LogOutputStream:75 - [STDERR_REDIRECT] [Fatal Error] :1:1: Premature end of file.
2026-05-14 13:37:04,046 [ERROR] LogOutputStream:75 - [STDERR_REDIRECT] 
2026-05-14 13:37:04,724 [INFO] Context:786 - Trying to add GPIOservice into a context  which must be forbidden
2026-05-14 13:37:05,063 [ERROR] LogOutputStream:75 - [STDERR_REDIRECT] [Fatal Error] :1:1: Premature end of file.
2026-05-14 13:37:05,064 [ERROR] LogOutputStream:75 - [STDERR_REDIRECT] 
2026-05-14 13:37:05,134 [INFO] ImportTextPane:234 - (OptionalMessage_ERROR) Pin12 (VP_RIF_VS_RIF1) cannot be retrieved for this MCU
2026-05-14 13:37:05,256 [INFO] RtosManager:558 - Registered RTOS mode: class=CMSIS, group=RTOS, mode=CMSIS_V1, owner=FREERTOS
2026-05-14 13:37:05,257 [INFO] RtosManager:558 - Registered RTOS mode: class=CMSIS, group=RTOS2, mode=CMSIS_V2, owner=FREERTOS
2026-05-14 13:37:05,257 [INFO] RtosManager:558 - Registered RTOS mode: class=RTOS, group=Core, mode=CMSIS_V1, owner=FREERTOS
2026-05-14 13:37:05,257 [INFO] RtosManager:558 - Registered RTOS mode: class=RTOS, group=Core, mode=CMSIS_V2, owner=FREERTOS
2026-05-14 13:37:05,257 [WARN] ModelIntegratedComponent:184 - Missing modes for component STMicroelectronics:FreeRTOS:0.0.1:STMicroelectronics:RTOS:FreeRTOS:Core:::10.2.0:
2026-05-14 13:37:05,275 [WARN] ModelIntegratedComponent:63 - No mode defined for component null
2026-05-14 13:37:05,275 [WARN] ModelIntegratedComponent:63 - No mode defined for component null
2026-05-14 13:37:05,276 [WARN] ModelIntegratedComponent:63 - No mode defined for component null
2026-05-14 13:37:05,276 [WARN] ModelIntegratedComponent:63 - No mode defined for component null
2026-05-14 13:37:05,276 [WARN] ModelIntegratedComponent:63 - No mode defined for component null
2026-05-14 13:37:05,276 [WARN] ModelIntegratedComponent:63 - No mode defined for component null
2026-05-14 13:37:05,276 [WARN] ModelIntegratedComponent:63 - No mode defined for component null
2026-05-14 13:37:05,276 [WARN] ModelIntegratedComponent:63 - No mode defined for component null
2026-05-14 13:37:05,276 [WARN] ModelIntegratedComponent:63 - No mode defined for component null
2026-05-14 13:37:05,276 [WARN] ModelIntegratedComponent:63 - No mode defined for component null
2026-05-14 13:37:05,276 [WARN] ModelIntegratedComponent:63 - No mode defined for component null
2026-05-14 13:37:05,276 [WARN] ModelIntegratedComponent:63 - No mode defined for component null
2026-05-14 13:37:05,276 [WARN] ModelIntegratedComponent:63 - No mode defined for component null
2026-05-14 13:37:05,276 [WARN] ModelIntegratedComponent:63 - No mode defined for component null
2026-05-14 13:37:05,276 [WARN] ModelIntegratedComponent:63 - No mode defined for component null
2026-05-14 13:37:05,276 [WARN] ModelIntegratedComponent:63 - No mode defined for component null
2026-05-14 13:37:05,276 [WARN] ModelIntegratedComponent:63 - No mode defined for component null
2026-05-14 13:37:05,276 [WARN] ModelIntegratedComponent:63 - No mode defined for component null
2026-05-14 13:37:05,276 [WARN] ModelIntegratedComponent:63 - No mode defined for component null
2026-05-14 13:37:05,276 [WARN] ModelIntegratedComponent:63 - No mode defined for component null
2026-05-14 13:37:05,276 [WARN] ModelIntegratedComponent:63 - No mode defined for component null
2026-05-14 13:37:05,276 [WARN] ModelIntegratedComponent:63 - No mode defined for component null
2026-05-14 13:37:05,276 [WARN] ModelIntegratedComponent:63 - No mode defined for component null
2026-05-14 13:37:05,276 [WARN] ModelIntegratedComponent:63 - No mode defined for component null
2026-05-14 13:37:05,276 [WARN] ModelIntegratedComponent:63 - No mode defined for component null
2026-05-14 13:37:05,276 [WARN] ModelIntegratedComponent:63 - No mode defined for component null
2026-05-14 13:37:05,276 [WARN] ModelIntegratedComponent:63 - No mode defined for component null
2026-05-14 13:37:05,276 [WARN] ModelIntegratedComponent:63 - No mode defined for component null
2026-05-14 13:37:05,276 [WARN] ModelIntegratedComponent:63 - No mode defined for component null
2026-05-14 13:37:05,276 [WARN] ModelIntegratedComponent:63 - No mode defined for component null
2026-05-14 13:37:05,276 [WARN] ModelIntegratedComponent:63 - No mode defined for component null
2026-05-14 13:37:05,276 [WARN] ModelIntegratedComponent:63 - No mode defined for component null
2026-05-14 13:37:05,276 [WARN] ModelIntegratedComponent:63 - No mode defined for component null
2026-05-14 13:37:05,276 [WARN] ModelIntegratedComponent:63 - No mode defined for component null
2026-05-14 13:37:05,278 [WARN] ModelIntegratedComponent:63 - No mode defined for component null
2026-05-14 13:37:05,278 [WARN] ModelPack:524 - Component already loaded: STMicroelectronics:HAL Drivers:0.0.0:STMicroelectronics:Device:STMicro_Driver:XSPI:HAL::0.0.1:HAL_XSPI
2026-05-14 13:37:05,353 [INFO] ThirdPartyModel:298 - Start build external matchings
2026-05-14 13:37:05,665 [INFO] ThirdPartyModel:316 - End build external matchings
2026-05-14 13:37:05,684 [INFO] ImportTextPane:234 - (OptionalMessage_ERROR) IP (DMA) : Parameter (Instance) has Id (SPI3_TX) currently not set
2026-05-14 13:37:05,684 [INFO] ImportTextPane:234 - (OptionalMessage_ERROR) IP (DMA) : Parameter (Channel) has Id (SPI3_TX) currently not set
2026-05-14 13:37:05,684 [INFO] ImportTextPane:234 - (OptionalMessage_ERROR) IP (DMA) : Parameter (Direction) has Id (SPI3_TX) currently not set
2026-05-14 13:37:05,684 [INFO] ImportTextPane:234 - (OptionalMessage_ERROR) IP (DMA) : Parameter (PeriphInc) has Id (SPI3_TX) currently not set
2026-05-14 13:37:05,684 [INFO] ImportTextPane:234 - (OptionalMessage_ERROR) IP (DMA) : Parameter (MemInc) has Id (SPI3_TX) currently not set
2026-05-14 13:37:05,684 [INFO] ImportTextPane:234 - (OptionalMessage_ERROR) IP (DMA) : Parameter (PeriphDataAlignment) has Id (SPI3_TX) currently not set
2026-05-14 13:37:05,685 [INFO] ImportTextPane:234 - (OptionalMessage_ERROR) IP (DMA) : Parameter (MemDataAlignment) has Id (SPI3_TX) currently not set
2026-05-14 13:37:05,685 [INFO] ImportTextPane:234 - (OptionalMessage_ERROR) IP (DMA) : Parameter (Mode) has Id (SPI3_TX) currently not set
2026-05-14 13:37:05,685 [INFO] ImportTextPane:234 - (OptionalMessage_ERROR) IP (DMA) : Parameter (Priority) has Id (SPI3_TX) currently not set
2026-05-14 13:37:05,685 [INFO] ImportTextPane:234 - (OptionalMessage_ERROR) IP (DMA) : Parameter (FIFOMode) has Id (SPI3_TX) currently not set
2026-05-14 13:37:05,685 [INFO] ImportTextPane:234 - (OptionalMessage_ERROR) IP (DMA) : Parameter (FIFOThreshold) has Id (SPI3_TX) currently not set
2026-05-14 13:37:05,685 [INFO] ImportTextPane:234 - (OptionalMessage_ERROR) IP (DMA) : Parameter (FIFOThreshold) has invalid value (null)
2026-05-14 13:37:05,685 [INFO] ImportTextPane:234 - (OptionalMessage_ERROR) IP (DMA) : Parameter (MemBurst) has Id (SPI3_TX) currently not set
2026-05-14 13:37:05,685 [INFO] ImportTextPane:234 - (OptionalMessage_ERROR) IP (DMA) : Parameter (MemBurst) has invalid value (null)
2026-05-14 13:37:05,685 [INFO] ImportTextPane:234 - (OptionalMessage_ERROR) IP (DMA) : Parameter (PeriphBurst) has Id (SPI3_TX) currently not set
2026-05-14 13:37:05,685 [INFO] ImportTextPane:234 - (OptionalMessage_ERROR) IP (DMA) : Parameter (PeriphBurst) has invalid value (null)
2026-05-14 13:37:06,036 [INFO] ApiDb:581 - Connected to CubeFinder SQLite database (C:\Users\justa\.stmcufinder\plugins\mcufinder\mcu\cube-finder-db.db)
2026-05-14 13:37:06,039 [ERROR] LogOutputStream:75 - [STDERR_REDIRECT] [Fatal Error] :1:1: Premature end of file.
2026-05-14 13:37:06,039 [ERROR] LogOutputStream:75 - [STDERR_REDIRECT] 
2026-05-14 13:37:06,145 [INFO] ApiDb:668 - CubeFinder database Data Model version=2.1
2026-05-14 13:37:06,145 [INFO] ApiDb:669 - CubeFinder database Configuration version=3.0.42
2026-05-14 13:37:06,146 [INFO] ApiDb:670 - CubeFinder database generation date=2026-05-06 (1778060171)
2026-05-14 13:37:06,146 [INFO] ApiDb:671 - CubeFinder database FW Pack versions=[FP-ATR-ASTRA1_V2.0.0, FP-SNS-FLIGHT1_V5.1.0, FP-SNS-MOTENV1_V5.1.0, FP-SNS-MOTENVWB1_V1.5.0, FP-SNS-SMARTAG2_V1.2.0, FP-SNS-STBOX1_V2.1.0, STM32Cube_FW_C0_V1.4.0, STM32Cube_FW_F4_V1.28.3, STM32Cube_FW_F7_V1.17.4, STM32Cube_FW_G0_V1.6.3, STM32Cube_FW_G4_V1.6.2, STM32Cube_FW_H5_V1.6.0, STM32Cube_FW_H7RS_V1.3.0, STM32Cube_FW_H7_V1.13.0, STM32Cube_FW_L0_V1.12.2, STM32Cube_FW_L4_V1.18.2, STM32Cube_FW_L5_V1.6.0, STM32Cube_FW_N6_V1.3.0, STM32Cube_FW_U0_V1.3.0, STM32Cube_FW_U3_V1.3.0, STM32Cube_FW_U5_V1.8.0, STM32Cube_FW_WB0_V1.4.0, STM32Cube_FW_WBA_V1.9.0, STM32Cube_FW_WB_V1.24.0, STM32Cube_FW_WL3_V1.4.0, STM32Cube_FW_WL_V1.5.0, X-CUBE-ALGOBUILD_V1.4.0, X-CUBE-ALS_V1.0.2, X-CUBE-AZRTOS-F4_V1.1.0, X-CUBE-AZRTOS-F7_V1.1.0, X-CUBE-AZRTOS-G0_V1.1.0, X-CUBE-AZRTOS-G4_V2.0.0, X-CUBE-AZRTOS-H7RS_V1.1.0, X-CUBE-AZRTOS-H7_V3.5.0, X-CUBE-AZRTOS-L4_V2.0.0, X-CUBE-AZRTOS-L5_V2.0.0, X-CUBE-AZRTOS-WB_V2.0.0, X-CUBE-AZRTOS-WL_V2.0.0, X-CUBE-BLE1_V7.1.0, X-CUBE-BLE2_V3.3.0, X-CUBE-BLEMGR_V4.1.0, X-CUBE-EEPRMA1_V5.2.0, X-CUBE-FREERTOS_V1.5.0, X-CUBE-GNSS1_V6.0.0, X-CUBE-MEMS1_V12.0.0, X-CUBE-NFC4_V3.0.0, X-CUBE-NFC7_V2.0.0, X-CUBE-SFXS2LP1_V4.0.0, X-CUBE-ST67W61_V1.2.0, X-CUBE-SUBG2_V5.0.0, X-CUBE-TOF1_V3.4.3]
2026-05-14 13:37:06,204 [INFO] DbBoardsSqlite:226 - include board P-NUCLEO-WB55-NUCLEO as a kit item of type 'Nucleo-64'
2026-05-14 13:37:06,204 [INFO] DbBoardsSqlite:226 - include board P-NUCLEO-WB55-USBDONGLE as a kit item of type 'Nucleo USB Dongle'
2026-05-14 13:37:06,204 [INFO] DbBoardsSqlite:226 - include board STEVAL-IDP005V1 as a kit item of type 'Evaluation Board'
2026-05-14 13:37:06,205 [INFO] DbBoardsSqlite:226 - include board STEVAL-IDP005V2 as a kit item of type 'Evaluation Board'
2026-05-14 13:37:06,298 [INFO] ApiDb:240 - Found 880 in-development CPN: [B-G473E-ZEST1S, B-WB1M-WPAN1, B-WBA5M-WPAN, B-WL5M-SUBG1, NUCLEO-C031C6, NUCLEO-C051C8, NUCLEO-C071RB, NUCLEO-C092RC, NUCLEO-H503RB, NUCLEO-H533RE, NUCLEO-H563ZI, NUCLEO-H7S3L8, NUCLEO-N657X0-Q, NUCLEO-U031R8, NUCLEO-U083RC, NUCLEO-U385RG-Q, NUCLEO-U545RE-Q, NUCLEO-U5A5ZJ-Q, NUCLEO-WB05KZ, NUCLEO-WB07CC, NUCLEO-WB09KE, NUCLEO-WBA52CG, NUCLEO-WBA55CG, NUCLEO-WL33CC1, NUCLEO-WL33CC2, STEVAL-PROTEUS1, STEVAL-SMARTAG2, STEVAL-STWINBX1, STM320518-EVAL, STM32C0116-DK, STM32C011D6Y3TR, STM32C011D6Y6TR, STM32C011F4P3, STM32C011F4P6, STM32C011F4U3, STM32C011F4U6TR, STM32C011F6P3, STM32C011F6P6, STM32C011F6U3, STM32C011F6U6TR, STM32C011J4M3, STM32C011J4M6, STM32C011J6M3, STM32C011J6M6, STM32C0316-DK, STM32C031C4T3, STM32C031C4T6, STM32C031C4U3, STM32C031C4U6, STM32C031C6T3, STM32C031C6T6, STM32C031C6U3, STM32C031C6U6, STM32C031F4P3, STM32C031F4P6, STM32C031F6P3, STM32C031F6P6, STM32C031G4U3, STM32C031G4U6, STM32C031G6U3, STM32C031G6U6, STM32C031K4T3, STM32C031K4T6, STM32C031K4U3, STM32C031K4U6, STM32C031K6T3, STM32C031K6T6, STM32C031K6U3, STM32C031K6U6, STM32C051C6T6, STM32C051C6U6, STM32C051C8T6, STM32C051C8U6, STM32C051D8Y6TR, STM32C051F6P6, STM32C051F8P6, STM32C051G6U6, STM32C051G8U6, STM32C051K6T6, STM32C051K6U6, STM32C051K8T6, STM32C071C8T6, STM32C071C8T6N, STM32C071C8U6, STM32C071C8U6N, STM32C071CBT6, STM32C071CBT6N, STM32C071CBU6, STM32C071CBU6N, STM32C071F8P6, STM32C071F8P6N, STM32C071FBP6, STM32C071FBP6N, STM32C071FBY6TR, STM32C071G8U6, STM32C071G8U6N, STM32C071GBU6, STM32C071GBU6N, STM32C071K8T6, STM32C071K8T6N, STM32C071K8U6, STM32C071K8U6N, STM32C071KBT6, STM32C071KBT6N, STM32C071KBU6, STM32C071KBU6N, STM32C071R8T6, STM32C071R8T6N, STM32C071RBI6N, STM32C071RBT6, STM32C071RBT6N, STM32C091CBT6, STM32C091CBU6, STM32C091CCT6, STM32C091CCU6, STM32C091ECY6TR, STM32C091FBP6, STM32C091FCP6, STM32C091GBU6, STM32C091GCU6, STM32C091KBT6, STM32C091KBU6, STM32C091KCT6, STM32C091KCU6, STM32C091RBT6, STM32C091RCI6, STM32C091RCT6, STM32C092CBT6, STM32C092CBU6, STM32C092CCT6, STM32C092CCU6, STM32C092ECY6TR, STM32C092FBP6, STM32C092FCP6, STM32C092GBU6, STM32C092GCU6, STM32C092KBT6, STM32C092KBU6, STM32C092KCT6, STM32C092KCU6, STM32C092RBT6, STM32C092RCI6, STM32C092RCT6, STM32G071K8TXN, STM32G071K8UXN, STM32G081GBU6N, STM32G081KBT6N, STM32G081KBUXN, STM32G0B1CCT6N, STM32G0B1KCT6, STM32G0B1NEY6TR, STM32G0B1RCT6N, STM32G0C1CCT6, STM32G0C1CCT6N, STM32G0C1CCU6N, STM32G0C1CET6N, STM32G0C1CEU6N, STM32G0C1KCT6, STM32G0C1NEY6TR, STM32G0C1RCI6N, STM32G0C1RCT6N, STM32G0C1REI6N, STM32G0C1RET6N, STM32G0C1VCI6, STM32G0C1VEI6, STM32G411C6T3, STM32G411C6T6, STM32G411C6U3, STM32G411C6U6, STM32G411C8T3, STM32G411C8T6, STM32G411C8U3, STM32G411C8U6, STM32G411CBT3, STM32G411CBT6, STM32G411CBU3, STM32G411CBU6, STM32G411K6T3, STM32G411K6T6, STM32G411K6U3, STM32G411K6U6, STM32G411K8T3, STM32G411K8T6, STM32G411K8U3, STM32G411K8U6, STM32G411KBT3, STM32G411KBT6, STM32G411KBU3, STM32G411KBU6, STM32G411M6T3, STM32G411M6T6, STM32G411M8T3, STM32G411M8T6, STM32G411MBT3, STM32G411MBT6, STM32G411R6T3, STM32G411R6T6, STM32G411R8T3, STM32G411R8T6, STM32G411RBT3, STM32G411RBT6, STM32G414CBT3, STM32G414CBT6, STM32G414CBU3, STM32G414CBU6, STM32G414CCT3, STM32G414CCT6, STM32G414CCU3, STM32G414CCU6, STM32G414MBT3, STM32G414MBT6, STM32G414MCT3, STM32G414MCT6, STM32G414RBT3, STM32G414RBT6, STM32G414RCT3, STM32G414RCT6, STM32G414VBT3, STM32G414VBT6, STM32G414VCT3, STM32G414VCT6, STM32G431CBT3Z, STM32G431RBT3Z, STM32G471CCT6, STM32G471CCU6, STM32G471CET3, STM32G471CET6, STM32G471CEU3, STM32G471CEU6, STM32G471MCT6, STM32G471MET3, STM32G471MET6, STM32G471MEY6TR, STM32G471QCT6, STM32G471QET3, STM32G471RCT6, STM32G471RET3, STM32G471RET6, STM32G471VCH6, STM32G471VCI6, STM32G471VCT6, STM32G471VEH3, STM32G471VEH6, STM32G471VEI3, STM32G471VEI6, STM32G471VET3, STM32G471VET6, STM32G473QET3Z, STM32G473RET3Z, STM32G474CCT6, STM32G491RET3Z, STM32H503CBT6, STM32H503CBU6, STM32H503EBY6TR, STM32H503KBU6, STM32H503RBT6, STM32H523CCT6, STM32H523CCU6, STM32H523CET6, STM32H523CEU6, STM32H523HEY6TR, STM32H523RCT6, STM32H523RET6, STM32H523VCI6, STM32H523VCT6, STM32H523VEI6, STM32H523VET6, STM32H523ZCJ6, STM32H523ZCT6, STM32H523ZEJ6, STM32H523ZET6, STM32H533CET6, STM32H533CEU6, STM32H533HEY6TR, STM32H533RET6, STM32H533VEI6, STM32H533VET6, STM32H533ZEJ6, STM32H533ZET6, STM32H562AGI6, STM32H562AII6, STM32H562IGK6, STM32H562IGT6, STM32H562IIK6, STM32H562IIT6, STM32H562RGT6, STM32H562RGV6, STM32H562RIT6, STM32H562RIV6, STM32H562VGT6, STM32H562VIT6, STM32H562ZGT6, STM32H562ZIT6, STM32H563AGI6, STM32H563AII3Q, STM32H563AII6, STM32H563IGK6, STM32H563IGT6, STM32H563IIK3Q, STM32H563IIK6, STM32H563IIT3Q, STM32H563IIT6, STM32H563MIY3QTR, STM32H563RGT6, STM32H563RGV6, STM32H563RIT6, STM32H563RIV6, STM32H563VGT6, STM32H563VIT3Q, STM32H563VIT6, STM32H563ZGT6, STM32H563ZIT3Q, STM32H563ZIT6, STM32H573AII3Q, STM32H573AII6, STM32H573I-DK, STM32H573IIK3Q, STM32H573IIK6, STM32H573IIT3Q, STM32H573IIT6, STM32H573MIY3QTR, STM32H573RIT6, STM32H573RIV6, STM32H573VIT3Q, STM32H573VIT6, STM32H573ZIT3Q, STM32H573ZIT6, STM32H7R3A8I6, STM32H7R3I8K6, STM32H7R3I8T6, STM32H7R3L8H6, STM32H7R3L8H6H, STM32H7R3R8V6, STM32H7R3V8H6, STM32H7R3V8T6, STM32H7R3V8Y6TR, STM32H7R3Z8J6, STM32H7R3Z8T6, STM32H7R7A8I6, STM32H7R7I8K6, STM32H7R7I8T6, STM32H7R7L8H6, STM32H7R7L8H6H, STM32H7R7Z8J6, STM32H7S3A8I6, STM32H7S3I8K6, STM32H7S3I8T6, STM32H7S3L8H6, STM32H7S3L8H6H, STM32H7S3R8V6, STM32H7S3V8H6, STM32H7S3V8T6, STM32H7S3V8Y6TR, STM32H7S3Z8J6, STM32H7S3Z8T6, STM32H7S78-DK, STM32H7S7A8I6, STM32H7S7I8K6, STM32H7S7I8T6, STM32H7S7L8H6, STM32H7S7L8H6H, STM32H7S7Z8J6, STM32L4R5QGI6STR, STM32MP131AAE3, STM32MP131AAF3, STM32MP131AAG3, STM32MP131CAE3, STM32MP131CAF3, STM32MP131CAG3, STM32MP131DAE7, STM32MP131DAF7, STM32MP131DAG7, STM32MP131FAE7, STM32MP131FAF7, STM32MP131FAG7, STM32MP133AAE3, STM32MP133AAF3, STM32MP133AAG3, STM32MP133CAE3, STM32MP133CAF3, STM32MP133CAG3, STM32MP133DAE7, STM32MP133DAF7, STM32MP133DAG7, STM32MP133FAE7, STM32MP133FAF7, STM32MP133FAG7, STM32MP135AAE3, STM32MP135AAF3, STM32MP135AAG3, STM32MP135CAE3, STM32MP135CAF3, STM32MP135CAG3, STM32MP135DAE7, STM32MP135DAF7, STM32MP135DAG7, STM32MP135F-DK, STM32MP135FAE7, STM32MP135FAF7, STM32MP135FAF7T, STM32MP135FAF7U, STM32MP135FAG7, STM32MP211AAL3, STM32MP211AAM3, STM32MP211AAN3, STM32MP211AAO3, STM32MP211CAL3, STM32MP211CAM3, STM32MP211CAN3, STM32MP211CAO3, STM32MP211DAL3, STM32MP211DAM3, STM32MP211DAN3, STM32MP211DAO3, STM32MP211FAL3, STM32MP211FAM3, STM32MP211FAN3, STM32MP211FAO3, STM32MP213AAL3, STM32MP213AAM3, STM32MP213AAN3, STM32MP213AAO3, STM32MP213CAL3, STM32MP213CAM3, STM32MP213CAN3, STM32MP213CAO3, STM32MP213DAL3, STM32MP213DAM3, STM32MP213DAN3, STM32MP213DAO3, STM32MP213FAL3, STM32MP213FAM3, STM32MP213FAN3, STM32MP213FAO3, STM32MP215AAL3, STM32MP215AAM3, STM32MP215AAN3, STM32MP215AAO3, STM32MP215CAL3, STM32MP215CAM3, STM32MP215CAN3, STM32MP215CAO3, STM32MP215DAL3, STM32MP215DAM3, STM32MP215DAN3, STM32MP215DAO3, STM32MP215F-DK, STM32MP215FAL3, STM32MP215FAM3, STM32MP215FAN3, STM32MP215FAO3, STM32MP231AAJ3, STM32MP231AAK3, STM32MP231AAL3, STM32MP231CAJ3, STM32MP231CAK3, STM32MP231CAL3, STM32MP231DAJ3, STM32MP231DAK3, STM32MP231DAL3, STM32MP231FAJ3, STM32MP231FAK3, STM32MP231FAL3, STM32MP233AAJ3, STM32MP233AAK3, STM32MP233AAL3, STM32MP233CAJ3, STM32MP233CAK3, STM32MP233CAL3, STM32MP233DAJ3, STM32MP233DAK3, STM32MP233DAL3, STM32MP233FAJ3, STM32MP233FAK3, STM32MP233FAL3, STM32MP235AAJ3, STM32MP235AAK3, STM32MP235AAL3, STM32MP235CAJ3, STM32MP235CAK3, STM32MP235CAL3, STM32MP235DAJ3, STM32MP235DAK3, STM32MP235DAL3, STM32MP235FAJ3, STM32MP235FAK3, STM32MP235FAL3, STM32MP251AAI3, STM32MP251AAK3, STM32MP251AAL3, STM32MP251CAI3, STM32MP251CAK3, STM32MP251CAL3, STM32MP251DAI3, STM32MP251DAK3, STM32MP251DAL3, STM32MP251FAI3, STM32MP251FAK3, STM32MP251FAL3, STM32MP253AAI3, STM32MP253AAK3, STM32MP253AAL3, STM32MP253CAI3, STM32MP253CAK3, STM32MP253CAL3, STM32MP253DAI3, STM32MP253DAK3, STM32MP253DAL3, STM32MP253FAI3, STM32MP253FAK3, STM32MP253FAL3, STM32MP255AAI3, STM32MP255AAK3, STM32MP255AAL3, STM32MP255CAI3, STM32MP255CAK3, STM32MP255CAL3, STM32MP255DAI3, STM32MP255DAK3, STM32MP255DAL3, STM32MP255FAI3, STM32MP255FAK3, STM32MP255FAL3, STM32MP257AAI3, STM32MP257AAK3, STM32MP257AAL3, STM32MP257CAI3, STM32MP257CAK3, STM32MP257CAL3, STM32MP257DAI3, STM32MP257DAK3, STM32MP257DAL3, STM32MP257F-DK, STM32MP257F-EV1, STM32MP257FAI3, STM32MP257FAK3, STM32MP257FAL3, STM32N645A0H3Q, STM32N645B0H3Q, STM32N645I0H3Q, STM32N645L0H3Q, STM32N645X0H3Q, STM32N645Z0H3Q, STM32N647A0H3Q, STM32N647B0H3Q, STM32N647I0H3Q, STM32N647L0H3Q, STM32N647X0H3Q, STM32N647Z0H3Q, STM32N655A0H3Q, STM32N655B0H3Q, STM32N655I0H3Q, STM32N655L0H3Q, STM32N655X0H3Q, STM32N655Z0H3Q, STM32N6570-DK, STM32N657A0H3Q, STM32N657B0H3Q, STM32N657I0H3Q, STM32N657L0H3Q, STM32N657X0H3Q, STM32N657Z0H3Q, STM32U031C6T6, STM32U031C6U6, STM32U031C8T6, STM32U031C8U6, STM32U031F4P6, STM32U031F6P6, STM32U031F8P6, STM32U031G6Y6TR, STM32U031G8Y6TR, STM32U031K4U6, STM32U031K6U6, STM32U031K8U6, STM32U031R6I6, STM32U031R6T6, STM32U031R8I6, STM32U031R8T6, STM32U073C8T6, STM32U073C8U6, STM32U073CBT6, STM32U073CBU6, STM32U073CCT6, STM32U073CCU6, STM32U073H8Y6TR, STM32U073HBY6TR, STM32U073HCY6TR, STM32U073K8U6, STM32U073KBU6, STM32U073KCU6, STM32U073M8I6, STM32U073M8T6, STM32U073MBI6, STM32U073MBT6, STM32U073MCI6, STM32U073MCT6, STM32U073R8I6, STM32U073R8T6, STM32U073RBI6, STM32U073RBT6, STM32U073RCI6, STM32U073RCT6, STM32U083C-DK, STM32U083CCT6, STM32U083CCU6, STM32U083HCY6TR, STM32U083KCU6, STM32U083MCI6, STM32U083MCT6, STM32U083RCI6, STM32U083RCT6, STM32U375CET6, STM32U375CET6Q, STM32U375CEU6, STM32U375CEU6Q, STM32U375CEY6QTR, STM32U375CGT6, STM32U375CGT6Q, STM32U375CGU6, STM32U375CGU6Q, STM32U375CGY6QTR, STM32U375KEU6, STM32U375KGU6, STM32U375REI6, STM32U375REI6Q, STM32U375RET6, STM32U375RET6Q, STM32U375REY6GTR, STM32U375REY6QTR, STM32U375RGI6, STM32U375RGI6Q, STM32U375RGT6, STM32U375RGT6Q, STM32U375RGY6GTR, STM32U375RGY6QTR, STM32U375VEI6, STM32U375VEI6Q, STM32U375VET6, STM32U375VET6Q, STM32U375VGI6, STM32U375VGI6Q, STM32U375VGT6, STM32U375VGT6Q, STM32U385CGT6, STM32U385CGT6Q, STM32U385CGU6, STM32U385CGU6Q, STM32U385CGY6QTR, STM32U385KGU6, STM32U385RGI6, STM32U385RGI6Q, STM32U385RGT6, STM32U385RGT6Q, STM32U385RGY6GTR, STM32U385RGY6QTR, STM32U385VGI6, STM32U385VGI6Q, STM32U385VGT6, STM32U385VGT6Q, STM32U535CBT6, STM32U535CBT6Q, STM32U535CBU6, STM32U535CBU6Q, STM32U535CCT6, STM32U535CCT6Q, STM32U535CCU6, STM32U535CCU6Q, STM32U535CET6, STM32U535CET6Q, STM32U535CEU6, STM32U535CEU6Q, STM32U535JEY6QTR, STM32U535NCY6QTR, STM32U535NEY6QTR, STM32U535RBI6, STM32U535RBI6Q, STM32U535RBT6, STM32U535RBT6Q, STM32U535RCI6, STM32U535RCI6Q, STM32U535RCT6, STM32U535RCT6Q, STM32U535REI6, STM32U535REI6Q, STM32U535RET6, STM32U535RET6Q, STM32U535VCI6, STM32U535VCI6Q, STM32U535VCT6, STM32U535VCT6Q, STM32U535VEI6, STM32U535VEI6Q, STM32U535VET6, STM32U535VET6Q, STM32U545CET6, STM32U545CET6Q, STM32U545CEU6, STM32U545CEU6Q, STM32U545JEY6QTR, STM32U545NEY6QTR, STM32U545REI6, STM32U545REI6Q, STM32U545RET6, STM32U545RET6Q, STM32U545VEI6, STM32U545VEI6Q, STM32U545VET6, STM32U545VET6Q, STM32U595AIH6, STM32U595AIH6Q, STM32U595AJH6, STM32U595AJH6Q, STM32U595QII6, STM32U595QII6Q, STM32U595QJI6, STM32U595QJI6Q, STM32U595RIT6, STM32U595RIT6Q, STM32U595RJT6, STM32U595RJT6Q, STM32U595VIT6, STM32U595VIT6Q, STM32U595VJT6, STM32U595VJT6Q, STM32U595ZIT6, STM32U595ZIT6Q, STM32U595ZIY6QTR, STM32U595ZJT6, STM32U595ZJT6Q, STM32U595ZJY6QTR, STM32U599BJY6QTR, STM32U599NIH6Q, STM32U599NJH6Q, STM32U599VIT6Q, STM32U599VJT6, STM32U599VJT6Q, STM32U599ZIT6Q, STM32U599ZIY6QTR, STM32U599ZJT6Q, STM32U599ZJY6QTR, STM32U5A5AJH6, STM32U5A5AJH6Q, STM32U5A5QII3Q , STM32U5A5QJI6, STM32U5A5QJI6Q, STM32U5A5RJT6, STM32U5A5RJT6Q, STM32U5A5VJT6, STM32U5A5VJT6Q, STM32U5A5ZJT6, STM32U5A5ZJT6Q, STM32U5A5ZJY6QTR, STM32U5A9BJY6QTR, STM32U5A9J-DK, STM32U5A9NJH6Q, STM32U5A9VJT6Q, STM32U5A9ZJT6Q, STM32U5A9ZJY6QTR, STM32U5F7VIT6, STM32U5F7VIT6Q, STM32U5F7VJT6, STM32U5F7VJT6Q, STM32U5F9BJY6QTR, STM32U5F9NJH6Q, STM32U5F9VIT6Q, STM32U5F9VJT6Q, STM32U5F9ZIJ6QTR, STM32U5F9ZIT6Q, STM32U5F9ZJJ6QTR, STM32U5F9ZJT6Q, STM32U5G7VJT6, STM32U5G7VJT6Q, STM32U5G9BJY6QTR, STM32U5G9J-DK1, STM32U5G9J-DK2, STM32U5G9NJH6Q, STM32U5G9VJT6Q, STM32U5G9ZJJ6QTR, STM32U5G9ZJT6Q, STM32WB05KZV6TR, STM32WB05KZV7TR, STM32WB05TZF6TR, STM32WB05TZF7TR, STM32WB06CCF6TR, STM32WB06CCF7TR, STM32WB06CCV6TR, STM32WB06CCV7TR, STM32WB06KCV6TR, STM32WB06KCV7TR, STM32WB07CCF6TR, STM32WB07CCF7TR, STM32WB07CCV6TR, STM32WB07CCV7TR, STM32WB07KCV6TR, STM32WB07KCV7TR, STM32WB09KEV6TR, STM32WB09KEV7TR, STM32WB09TEF6TR, STM32WB09TEF7TR, STM32WB1MMCH6, STM32WBA50KGU6, STM32WBA50KGU6TR, STM32WBA52CEU6, STM32WBA52CEU6TR, STM32WBA52CEU7, STM32WBA52CEU7TR, STM32WBA52CGU6, STM32WBA52CGU6TR, STM32WBA52CGU6U, STM32WBA52CGU7, STM32WBA52CGU7TR, STM32WBA52KEU6, STM32WBA52KEU6TR, STM32WBA52KGU6, STM32WBA52KGU6TR, STM32WBA54CEU6, STM32WBA54CEU6TR, STM32WBA54CEU7, STM32WBA54CEU7TR, STM32WBA54CGU6, STM32WBA54CGU6TR, STM32WBA54CGU7, STM32WBA54CGU7TR, STM32WBA54KEU6, STM32WBA54KEU6TR, STM32WBA54KEU7, STM32WBA54KEU7TR, STM32WBA54KGU6, STM32WBA54KGU6TR, STM32WBA54KGU7, STM32WBA54KGU7TR, STM32WBA55CEU6, STM32WBA55CEU6TR, STM32WBA55CEU7, STM32WBA55CEU7TR, STM32WBA55CGU6, STM32WBA55CGU6TR, STM32WBA55CGU6U, STM32WBA55CGU7, STM32WBA55CGU7TR, STM32WBA55G-DK1, STM32WBA55HEF6, STM32WBA55HEF7, STM32WBA55HGF6, STM32WBA55HGF7, STM32WBA55UEI6, STM32WBA55UEI6TR, STM32WBA55UEI7, STM32WBA55UEI7TR, STM32WBA55UGI6, STM32WBA55UGI6TR, STM32WBA55UGI7, STM32WBA55UGI7TR, STM32WBA5MMGH6TR, STM32WBA62MGF6, STM32WBA62MIF6, STM32WBA65MGF7, STM32WBA65MIF6, STM32WBA65MIF7, STM32WL30K8V6, STM32WL30KBV6, STM32WL31C8V6, STM32WL31CBV6, STM32WL31K8V6, STM32WL31KBV6, STM32WL33C8V6, STM32WL33C8V6X, STM32WL33CBV6, STM32WL33CBV6X, STM32WL33CCV6, STM32WL33CCV6A, STM32WL33CCV6X, STM32WL33K8V7, STM32WL33K8V7X, STM32WL33KBV7 , STM32WL33KBV7X, STM32WL33KCV7, STM32WL33KCV7X, STM32WL5MOCH6, STM32WL5MOCH6TR]
2026-05-14 13:37:06,302 [INFO] ApiDb:668 - CubeFinder database Data Model version=2.1
2026-05-14 13:37:06,302 [INFO] ApiDb:669 - CubeFinder database Configuration version=3.0.42
2026-05-14 13:37:06,302 [INFO] ApiDb:670 - CubeFinder database generation date=2026-05-06 (1778060171)
2026-05-14 13:37:06,302 [INFO] ApiDb:671 - CubeFinder database FW Pack versions=[FP-ATR-ASTRA1_V2.0.0, FP-SNS-FLIGHT1_V5.1.0, FP-SNS-MOTENV1_V5.1.0, FP-SNS-MOTENVWB1_V1.5.0, FP-SNS-SMARTAG2_V1.2.0, FP-SNS-STBOX1_V2.1.0, STM32Cube_FW_C0_V1.4.0, STM32Cube_FW_F4_V1.28.3, STM32Cube_FW_F7_V1.17.4, STM32Cube_FW_G0_V1.6.3, STM32Cube_FW_G4_V1.6.2, STM32Cube_FW_H5_V1.6.0, STM32Cube_FW_H7RS_V1.3.0, STM32Cube_FW_H7_V1.13.0, STM32Cube_FW_L0_V1.12.2, STM32Cube_FW_L4_V1.18.2, STM32Cube_FW_L5_V1.6.0, STM32Cube_FW_N6_V1.3.0, STM32Cube_FW_U0_V1.3.0, STM32Cube_FW_U3_V1.3.0, STM32Cube_FW_U5_V1.8.0, STM32Cube_FW_WB0_V1.4.0, STM32Cube_FW_WBA_V1.9.0, STM32Cube_FW_WB_V1.24.0, STM32Cube_FW_WL3_V1.4.0, STM32Cube_FW_WL_V1.5.0, X-CUBE-ALGOBUILD_V1.4.0, X-CUBE-ALS_V1.0.2, X-CUBE-AZRTOS-F4_V1.1.0, X-CUBE-AZRTOS-F7_V1.1.0, X-CUBE-AZRTOS-G0_V1.1.0, X-CUBE-AZRTOS-G4_V2.0.0, X-CUBE-AZRTOS-H7RS_V1.1.0, X-CUBE-AZRTOS-H7_V3.5.0, X-CUBE-AZRTOS-L4_V2.0.0, X-CUBE-AZRTOS-L5_V2.0.0, X-CUBE-AZRTOS-WB_V2.0.0, X-CUBE-AZRTOS-WL_V2.0.0, X-CUBE-BLE1_V7.1.0, X-CUBE-BLE2_V3.3.0, X-CUBE-BLEMGR_V4.1.0, X-CUBE-EEPRMA1_V5.2.0, X-CUBE-FREERTOS_V1.5.0, X-CUBE-GNSS1_V6.0.0, X-CUBE-MEMS1_V12.0.0, X-CUBE-NFC4_V3.0.0, X-CUBE-NFC7_V2.0.0, X-CUBE-SFXS2LP1_V4.0.0, X-CUBE-ST67W61_V1.2.0, X-CUBE-SUBG2_V5.0.0, X-CUBE-TOF1_V3.4.3]
2026-05-14 13:37:07,033 [ERROR] LogOutputStream:75 - [STDERR_REDIRECT] [Fatal Error] :1:1: Premature end of file.
2026-05-14 13:37:07,033 [ERROR] LogOutputStream:75 - [STDERR_REDIRECT] 
2026-05-14 13:37:08,029 [ERROR] LogOutputStream:75 - [STDERR_REDIRECT] [Fatal Error] :1:1: Premature end of file.
2026-05-14 13:37:08,029 [ERROR] LogOutputStream:75 - [STDERR_REDIRECT] 
2026-05-14 13:37:08,412 [INFO] ApiDb:240 - Found 880 in-development CPN: [B-G473E-ZEST1S, B-WB1M-WPAN1, B-WBA5M-WPAN, B-WL5M-SUBG1, NUCLEO-C031C6, NUCLEO-C051C8, NUCLEO-C071RB, NUCLEO-C092RC, NUCLEO-H503RB, NUCLEO-H533RE, NUCLEO-H563ZI, NUCLEO-H7S3L8, NUCLEO-N657X0-Q, NUCLEO-U031R8, NUCLEO-U083RC, NUCLEO-U385RG-Q, NUCLEO-U545RE-Q, NUCLEO-U5A5ZJ-Q, NUCLEO-WB05KZ, NUCLEO-WB07CC, NUCLEO-WB09KE, NUCLEO-WBA52CG, NUCLEO-WBA55CG, NUCLEO-WL33CC1, NUCLEO-WL33CC2, STEVAL-PROTEUS1, STEVAL-SMARTAG2, STEVAL-STWINBX1, STM320518-EVAL, STM32C0116-DK, STM32C011D6Y3TR, STM32C011D6Y6TR, STM32C011F4P3, STM32C011F4P6, STM32C011F4U3, STM32C011F4U6TR, STM32C011F6P3, STM32C011F6P6, STM32C011F6U3, STM32C011F6U6TR, STM32C011J4M3, STM32C011J4M6, STM32C011J6M3, STM32C011J6M6, STM32C0316-DK, STM32C031C4T3, STM32C031C4T6, STM32C031C4U3, STM32C031C4U6, STM32C031C6T3, STM32C031C6T6, STM32C031C6U3, STM32C031C6U6, STM32C031F4P3, STM32C031F4P6, STM32C031F6P3, STM32C031F6P6, STM32C031G4U3, STM32C031G4U6, STM32C031G6U3, STM32C031G6U6, STM32C031K4T3, STM32C031K4T6, STM32C031K4U3, STM32C031K4U6, STM32C031K6T3, STM32C031K6T6, STM32C031K6U3, STM32C031K6U6, STM32C051C6T6, STM32C051C6U6, STM32C051C8T6, STM32C051C8U6, STM32C051D8Y6TR, STM32C051F6P6, STM32C051F8P6, STM32C051G6U6, STM32C051G8U6, STM32C051K6T6, STM32C051K6U6, STM32C051K8T6, STM32C071C8T6, STM32C071C8T6N, STM32C071C8U6, STM32C071C8U6N, STM32C071CBT6, STM32C071CBT6N, STM32C071CBU6, STM32C071CBU6N, STM32C071F8P6, STM32C071F8P6N, STM32C071FBP6, STM32C071FBP6N, STM32C071FBY6TR, STM32C071G8U6, STM32C071G8U6N, STM32C071GBU6, STM32C071GBU6N, STM32C071K8T6, STM32C071K8T6N, STM32C071K8U6, STM32C071K8U6N, STM32C071KBT6, STM32C071KBT6N, STM32C071KBU6, STM32C071KBU6N, STM32C071R8T6, STM32C071R8T6N, STM32C071RBI6N, STM32C071RBT6, STM32C071RBT6N, STM32C091CBT6, STM32C091CBU6, STM32C091CCT6, STM32C091CCU6, STM32C091ECY6TR, STM32C091FBP6, STM32C091FCP6, STM32C091GBU6, STM32C091GCU6, STM32C091KBT6, STM32C091KBU6, STM32C091KCT6, STM32C091KCU6, STM32C091RBT6, STM32C091RCI6, STM32C091RCT6, STM32C092CBT6, STM32C092CBU6, STM32C092CCT6, STM32C092CCU6, STM32C092ECY6TR, STM32C092FBP6, STM32C092FCP6, STM32C092GBU6, STM32C092GCU6, STM32C092KBT6, STM32C092KBU6, STM32C092KCT6, STM32C092KCU6, STM32C092RBT6, STM32C092RCI6, STM32C092RCT6, STM32G071K8TXN, STM32G071K8UXN, STM32G081GBU6N, STM32G081KBT6N, STM32G081KBUXN, STM32G0B1CCT6N, STM32G0B1KCT6, STM32G0B1NEY6TR, STM32G0B1RCT6N, STM32G0C1CCT6, STM32G0C1CCT6N, STM32G0C1CCU6N, STM32G0C1CET6N, STM32G0C1CEU6N, STM32G0C1KCT6, STM32G0C1NEY6TR, STM32G0C1RCI6N, STM32G0C1RCT6N, STM32G0C1REI6N, STM32G0C1RET6N, STM32G0C1VCI6, STM32G0C1VEI6, STM32G411C6T3, STM32G411C6T6, STM32G411C6U3, STM32G411C6U6, STM32G411C8T3, STM32G411C8T6, STM32G411C8U3, STM32G411C8U6, STM32G411CBT3, STM32G411CBT6, STM32G411CBU3, STM32G411CBU6, STM32G411K6T3, STM32G411K6T6, STM32G411K6U3, STM32G411K6U6, STM32G411K8T3, STM32G411K8T6, STM32G411K8U3, STM32G411K8U6, STM32G411KBT3, STM32G411KBT6, STM32G411KBU3, STM32G411KBU6, STM32G411M6T3, STM32G411M6T6, STM32G411M8T3, STM32G411M8T6, STM32G411MBT3, STM32G411MBT6, STM32G411R6T3, STM32G411R6T6, STM32G411R8T3, STM32G411R8T6, STM32G411RBT3, STM32G411RBT6, STM32G414CBT3, STM32G414CBT6, STM32G414CBU3, STM32G414CBU6, STM32G414CCT3, STM32G414CCT6, STM32G414CCU3, STM32G414CCU6, STM32G414MBT3, STM32G414MBT6, STM32G414MCT3, STM32G414MCT6, STM32G414RBT3, STM32G414RBT6, STM32G414RCT3, STM32G414RCT6, STM32G414VBT3, STM32G414VBT6, STM32G414VCT3, STM32G414VCT6, STM32G431CBT3Z, STM32G431RBT3Z, STM32G471CCT6, STM32G471CCU6, STM32G471CET3, STM32G471CET6, STM32G471CEU3, STM32G471CEU6, STM32G471MCT6, STM32G471MET3, STM32G471MET6, STM32G471MEY6TR, STM32G471QCT6, STM32G471QET3, STM32G471RCT6, STM32G471RET3, STM32G471RET6, STM32G471VCH6, STM32G471VCI6, STM32G471VCT6, STM32G471VEH3, STM32G471VEH6, STM32G471VEI3, STM32G471VEI6, STM32G471VET3, STM32G471VET6, STM32G473QET3Z, STM32G473RET3Z, STM32G474CCT6, STM32G491RET3Z, STM32H503CBT6, STM32H503CBU6, STM32H503EBY6TR, STM32H503KBU6, STM32H503RBT6, STM32H523CCT6, STM32H523CCU6, STM32H523CET6, STM32H523CEU6, STM32H523HEY6TR, STM32H523RCT6, STM32H523RET6, STM32H523VCI6, STM32H523VCT6, STM32H523VEI6, STM32H523VET6, STM32H523ZCJ6, STM32H523ZCT6, STM32H523ZEJ6, STM32H523ZET6, STM32H533CET6, STM32H533CEU6, STM32H533HEY6TR, STM32H533RET6, STM32H533VEI6, STM32H533VET6, STM32H533ZEJ6, STM32H533ZET6, STM32H562AGI6, STM32H562AII6, STM32H562IGK6, STM32H562IGT6, STM32H562IIK6, STM32H562IIT6, STM32H562RGT6, STM32H562RGV6, STM32H562RIT6, STM32H562RIV6, STM32H562VGT6, STM32H562VIT6, STM32H562ZGT6, STM32H562ZIT6, STM32H563AGI6, STM32H563AII3Q, STM32H563AII6, STM32H563IGK6, STM32H563IGT6, STM32H563IIK3Q, STM32H563IIK6, STM32H563IIT3Q, STM32H563IIT6, STM32H563MIY3QTR, STM32H563RGT6, STM32H563RGV6, STM32H563RIT6, STM32H563RIV6, STM32H563VGT6, STM32H563VIT3Q, STM32H563VIT6, STM32H563ZGT6, STM32H563ZIT3Q, STM32H563ZIT6, STM32H573AII3Q, STM32H573AII6, STM32H573I-DK, STM32H573IIK3Q, STM32H573IIK6, STM32H573IIT3Q, STM32H573IIT6, STM32H573MIY3QTR, STM32H573RIT6, STM32H573RIV6, STM32H573VIT3Q, STM32H573VIT6, STM32H573ZIT3Q, STM32H573ZIT6, STM32H7R3A8I6, STM32H7R3I8K6, STM32H7R3I8T6, STM32H7R3L8H6, STM32H7R3L8H6H, STM32H7R3R8V6, STM32H7R3V8H6, STM32H7R3V8T6, STM32H7R3V8Y6TR, STM32H7R3Z8J6, STM32H7R3Z8T6, STM32H7R7A8I6, STM32H7R7I8K6, STM32H7R7I8T6, STM32H7R7L8H6, STM32H7R7L8H6H, STM32H7R7Z8J6, STM32H7S3A8I6, STM32H7S3I8K6, STM32H7S3I8T6, STM32H7S3L8H6, STM32H7S3L8H6H, STM32H7S3R8V6, STM32H7S3V8H6, STM32H7S3V8T6, STM32H7S3V8Y6TR, STM32H7S3Z8J6, STM32H7S3Z8T6, STM32H7S78-DK, STM32H7S7A8I6, STM32H7S7I8K6, STM32H7S7I8T6, STM32H7S7L8H6, STM32H7S7L8H6H, STM32H7S7Z8J6, STM32L4R5QGI6STR, STM32MP131AAE3, STM32MP131AAF3, STM32MP131AAG3, STM32MP131CAE3, STM32MP131CAF3, STM32MP131CAG3, STM32MP131DAE7, STM32MP131DAF7, STM32MP131DAG7, STM32MP131FAE7, STM32MP131FAF7, STM32MP131FAG7, STM32MP133AAE3, STM32MP133AAF3, STM32MP133AAG3, STM32MP133CAE3, STM32MP133CAF3, STM32MP133CAG3, STM32MP133DAE7, STM32MP133DAF7, STM32MP133DAG7, STM32MP133FAE7, STM32MP133FAF7, STM32MP133FAG7, STM32MP135AAE3, STM32MP135AAF3, STM32MP135AAG3, STM32MP135CAE3, STM32MP135CAF3, STM32MP135CAG3, STM32MP135DAE7, STM32MP135DAF7, STM32MP135DAG7, STM32MP135F-DK, STM32MP135FAE7, STM32MP135FAF7, STM32MP135FAF7T, STM32MP135FAF7U, STM32MP135FAG7, STM32MP211AAL3, STM32MP211AAM3, STM32MP211AAN3, STM32MP211AAO3, STM32MP211CAL3, STM32MP211CAM3, STM32MP211CAN3, STM32MP211CAO3, STM32MP211DAL3, STM32MP211DAM3, STM32MP211DAN3, STM32MP211DAO3, STM32MP211FAL3, STM32MP211FAM3, STM32MP211FAN3, STM32MP211FAO3, STM32MP213AAL3, STM32MP213AAM3, STM32MP213AAN3, STM32MP213AAO3, STM32MP213CAL3, STM32MP213CAM3, STM32MP213CAN3, STM32MP213CAO3, STM32MP213DAL3, STM32MP213DAM3, STM32MP213DAN3, STM32MP213DAO3, STM32MP213FAL3, STM32MP213FAM3, STM32MP213FAN3, STM32MP213FAO3, STM32MP215AAL3, STM32MP215AAM3, STM32MP215AAN3, STM32MP215AAO3, STM32MP215CAL3, STM32MP215CAM3, STM32MP215CAN3, STM32MP215CAO3, STM32MP215DAL3, STM32MP215DAM3, STM32MP215DAN3, STM32MP215DAO3, STM32MP215F-DK, STM32MP215FAL3, STM32MP215FAM3, STM32MP215FAN3, STM32MP215FAO3, STM32MP231AAJ3, STM32MP231AAK3, STM32MP231AAL3, STM32MP231CAJ3, STM32MP231CAK3, STM32MP231CAL3, STM32MP231DAJ3, STM32MP231DAK3, STM32MP231DAL3, STM32MP231FAJ3, STM32MP231FAK3, STM32MP231FAL3, STM32MP233AAJ3, STM32MP233AAK3, STM32MP233AAL3, STM32MP233CAJ3, STM32MP233CAK3, STM32MP233CAL3, STM32MP233DAJ3, STM32MP233DAK3, STM32MP233DAL3, STM32MP233FAJ3, STM32MP233FAK3, STM32MP233FAL3, STM32MP235AAJ3, STM32MP235AAK3, STM32MP235AAL3, STM32MP235CAJ3, STM32MP235CAK3, STM32MP235CAL3, STM32MP235DAJ3, STM32MP235DAK3, STM32MP235DAL3, STM32MP235FAJ3, STM32MP235FAK3, STM32MP235FAL3, STM32MP251AAI3, STM32MP251AAK3, STM32MP251AAL3, STM32MP251CAI3, STM32MP251CAK3, STM32MP251CAL3, STM32MP251DAI3, STM32MP251DAK3, STM32MP251DAL3, STM32MP251FAI3, STM32MP251FAK3, STM32MP251FAL3, STM32MP253AAI3, STM32MP253AAK3, STM32MP253AAL3, STM32MP253CAI3, STM32MP253CAK3, STM32MP253CAL3, STM32MP253DAI3, STM32MP253DAK3, STM32MP253DAL3, STM32MP253FAI3, STM32MP253FAK3, STM32MP253FAL3, STM32MP255AAI3, STM32MP255AAK3, STM32MP255AAL3, STM32MP255CAI3, STM32MP255CAK3, STM32MP255CAL3, STM32MP255DAI3, STM32MP255DAK3, STM32MP255DAL3, STM32MP255FAI3, STM32MP255FAK3, STM32MP255FAL3, STM32MP257AAI3, STM32MP257AAK3, STM32MP257AAL3, STM32MP257CAI3, STM32MP257CAK3, STM32MP257CAL3, STM32MP257DAI3, STM32MP257DAK3, STM32MP257DAL3, STM32MP257F-DK, STM32MP257F-EV1, STM32MP257FAI3, STM32MP257FAK3, STM32MP257FAL3, STM32N645A0H3Q, STM32N645B0H3Q, STM32N645I0H3Q, STM32N645L0H3Q, STM32N645X0H3Q, STM32N645Z0H3Q, STM32N647A0H3Q, STM32N647B0H3Q, STM32N647I0H3Q, STM32N647L0H3Q, STM32N647X0H3Q, STM32N647Z0H3Q, STM32N655A0H3Q, STM32N655B0H3Q, STM32N655I0H3Q, STM32N655L0H3Q, STM32N655X0H3Q, STM32N655Z0H3Q, STM32N6570-DK, STM32N657A0H3Q, STM32N657B0H3Q, STM32N657I0H3Q, STM32N657L0H3Q, STM32N657X0H3Q, STM32N657Z0H3Q, STM32U031C6T6, STM32U031C6U6, STM32U031C8T6, STM32U031C8U6, STM32U031F4P6, STM32U031F6P6, STM32U031F8P6, STM32U031G6Y6TR, STM32U031G8Y6TR, STM32U031K4U6, STM32U031K6U6, STM32U031K8U6, STM32U031R6I6, STM32U031R6T6, STM32U031R8I6, STM32U031R8T6, STM32U073C8T6, STM32U073C8U6, STM32U073CBT6, STM32U073CBU6, STM32U073CCT6, STM32U073CCU6, STM32U073H8Y6TR, STM32U073HBY6TR, STM32U073HCY6TR, STM32U073K8U6, STM32U073KBU6, STM32U073KCU6, STM32U073M8I6, STM32U073M8T6, STM32U073MBI6, STM32U073MBT6, STM32U073MCI6, STM32U073MCT6, STM32U073R8I6, STM32U073R8T6, STM32U073RBI6, STM32U073RBT6, STM32U073RCI6, STM32U073RCT6, STM32U083C-DK, STM32U083CCT6, STM32U083CCU6, STM32U083HCY6TR, STM32U083KCU6, STM32U083MCI6, STM32U083MCT6, STM32U083RCI6, STM32U083RCT6, STM32U375CET6, STM32U375CET6Q, STM32U375CEU6, STM32U375CEU6Q, STM32U375CEY6QTR, STM32U375CGT6, STM32U375CGT6Q, STM32U375CGU6, STM32U375CGU6Q, STM32U375CGY6QTR, STM32U375KEU6, STM32U375KGU6, STM32U375REI6, STM32U375REI6Q, STM32U375RET6, STM32U375RET6Q, STM32U375REY6GTR, STM32U375REY6QTR, STM32U375RGI6, STM32U375RGI6Q, STM32U375RGT6, STM32U375RGT6Q, STM32U375RGY6GTR, STM32U375RGY6QTR, STM32U375VEI6, STM32U375VEI6Q, STM32U375VET6, STM32U375VET6Q, STM32U375VGI6, STM32U375VGI6Q, STM32U375VGT6, STM32U375VGT6Q, STM32U385CGT6, STM32U385CGT6Q, STM32U385CGU6, STM32U385CGU6Q, STM32U385CGY6QTR, STM32U385KGU6, STM32U385RGI6, STM32U385RGI6Q, STM32U385RGT6, STM32U385RGT6Q, STM32U385RGY6GTR, STM32U385RGY6QTR, STM32U385VGI6, STM32U385VGI6Q, STM32U385VGT6, STM32U385VGT6Q, STM32U535CBT6, STM32U535CBT6Q, STM32U535CBU6, STM32U535CBU6Q, STM32U535CCT6, STM32U535CCT6Q, STM32U535CCU6, STM32U535CCU6Q, STM32U535CET6, STM32U535CET6Q, STM32U535CEU6, STM32U535CEU6Q, STM32U535JEY6QTR, STM32U535NCY6QTR, STM32U535NEY6QTR, STM32U535RBI6, STM32U535RBI6Q, STM32U535RBT6, STM32U535RBT6Q, STM32U535RCI6, STM32U535RCI6Q, STM32U535RCT6, STM32U535RCT6Q, STM32U535REI6, STM32U535REI6Q, STM32U535RET6, STM32U535RET6Q, STM32U535VCI6, STM32U535VCI6Q, STM32U535VCT6, STM32U535VCT6Q, STM32U535VEI6, STM32U535VEI6Q, STM32U535VET6, STM32U535VET6Q, STM32U545CET6, STM32U545CET6Q, STM32U545CEU6, STM32U545CEU6Q, STM32U545JEY6QTR, STM32U545NEY6QTR, STM32U545REI6, STM32U545REI6Q, STM32U545RET6, STM32U545RET6Q, STM32U545VEI6, STM32U545VEI6Q, STM32U545VET6, STM32U545VET6Q, STM32U595AIH6, STM32U595AIH6Q, STM32U595AJH6, STM32U595AJH6Q, STM32U595QII6, STM32U595QII6Q, STM32U595QJI6, STM32U595QJI6Q, STM32U595RIT6, STM32U595RIT6Q, STM32U595RJT6, STM32U595RJT6Q, STM32U595VIT6, STM32U595VIT6Q, STM32U595VJT6, STM32U595VJT6Q, STM32U595ZIT6, STM32U595ZIT6Q, STM32U595ZIY6QTR, STM32U595ZJT6, STM32U595ZJT6Q, STM32U595ZJY6QTR, STM32U599BJY6QTR, STM32U599NIH6Q, STM32U599NJH6Q, STM32U599VIT6Q, STM32U599VJT6, STM32U599VJT6Q, STM32U599ZIT6Q, STM32U599ZIY6QTR, STM32U599ZJT6Q, STM32U599ZJY6QTR, STM32U5A5AJH6, STM32U5A5AJH6Q, STM32U5A5QII3Q , STM32U5A5QJI6, STM32U5A5QJI6Q, STM32U5A5RJT6, STM32U5A5RJT6Q, STM32U5A5VJT6, STM32U5A5VJT6Q, STM32U5A5ZJT6, STM32U5A5ZJT6Q, STM32U5A5ZJY6QTR, STM32U5A9BJY6QTR, STM32U5A9J-DK, STM32U5A9NJH6Q, STM32U5A9VJT6Q, STM32U5A9ZJT6Q, STM32U5A9ZJY6QTR, STM32U5F7VIT6, STM32U5F7VIT6Q, STM32U5F7VJT6, STM32U5F7VJT6Q, STM32U5F9BJY6QTR, STM32U5F9NJH6Q, STM32U5F9VIT6Q, STM32U5F9VJT6Q, STM32U5F9ZIJ6QTR, STM32U5F9ZIT6Q, STM32U5F9ZJJ6QTR, STM32U5F9ZJT6Q, STM32U5G7VJT6, STM32U5G7VJT6Q, STM32U5G9BJY6QTR, STM32U5G9J-DK1, STM32U5G9J-DK2, STM32U5G9NJH6Q, STM32U5G9VJT6Q, STM32U5G9ZJJ6QTR, STM32U5G9ZJT6Q, STM32WB05KZV6TR, STM32WB05KZV7TR, STM32WB05TZF6TR, STM32WB05TZF7TR, STM32WB06CCF6TR, STM32WB06CCF7TR, STM32WB06CCV6TR, STM32WB06CCV7TR, STM32WB06KCV6TR, STM32WB06KCV7TR, STM32WB07CCF6TR, STM32WB07CCF7TR, STM32WB07CCV6TR, STM32WB07CCV7TR, STM32WB07KCV6TR, STM32WB07KCV7TR, STM32WB09KEV6TR, STM32WB09KEV7TR, STM32WB09TEF6TR, STM32WB09TEF7TR, STM32WB1MMCH6, STM32WBA50KGU6, STM32WBA50KGU6TR, STM32WBA52CEU6, STM32WBA52CEU6TR, STM32WBA52CEU7, STM32WBA52CEU7TR, STM32WBA52CGU6, STM32WBA52CGU6TR, STM32WBA52CGU6U, STM32WBA52CGU7, STM32WBA52CGU7TR, STM32WBA52KEU6, STM32WBA52KEU6TR, STM32WBA52KGU6, STM32WBA52KGU6TR, STM32WBA54CEU6, STM32WBA54CEU6TR, STM32WBA54CEU7, STM32WBA54CEU7TR, STM32WBA54CGU6, STM32WBA54CGU6TR, STM32WBA54CGU7, STM32WBA54CGU7TR, STM32WBA54KEU6, STM32WBA54KEU6TR, STM32WBA54KEU7, STM32WBA54KEU7TR, STM32WBA54KGU6, STM32WBA54KGU6TR, STM32WBA54KGU7, STM32WBA54KGU7TR, STM32WBA55CEU6, STM32WBA55CEU6TR, STM32WBA55CEU7, STM32WBA55CEU7TR, STM32WBA55CGU6, STM32WBA55CGU6TR, STM32WBA55CGU6U, STM32WBA55CGU7, STM32WBA55CGU7TR, STM32WBA55G-DK1, STM32WBA55HEF6, STM32WBA55HEF7, STM32WBA55HGF6, STM32WBA55HGF7, STM32WBA55UEI6, STM32WBA55UEI6TR, STM32WBA55UEI7, STM32WBA55UEI7TR, STM32WBA55UGI6, STM32WBA55UGI6TR, STM32WBA55UGI7, STM32WBA55UGI7TR, STM32WBA5MMGH6TR, STM32WBA62MGF6, STM32WBA62MIF6, STM32WBA65MGF7, STM32WBA65MIF6, STM32WBA65MIF7, STM32WL30K8V6, STM32WL30KBV6, STM32WL31C8V6, STM32WL31CBV6, STM32WL31K8V6, STM32WL31KBV6, STM32WL33C8V6, STM32WL33C8V6X, STM32WL33CBV6, STM32WL33CBV6X, STM32WL33CCV6, STM32WL33CCV6A, STM32WL33CCV6X, STM32WL33K8V7, STM32WL33K8V7X, STM32WL33KBV7 , STM32WL33KBV7X, STM32WL33KCV7, STM32WL33KCV7X, STM32WL5MOCH6, STM32WL5MOCH6TR]
2026-05-14 13:37:08,417 [INFO] DbMcus:218 - Found 5086 MCUs, 4968 are supported
2026-05-14 13:37:08,419 [INFO] ApiDb:423 - Load user favorites file C:\Users\justa/.stm32cubeide/favorites.mcus.txt: 1 item(s)
2026-05-14 13:37:08,419 [INFO] ApiDb:427 - User favorites MCUs=[STM32F407VGT6]
2026-05-14 13:37:08,419 [INFO] DbMcus:224 - Set 1 / 1 favorites MCUs
2026-05-14 13:37:08,960 [INFO] BoardInfo:889 - No configuration file found for board NUCLEO-H5E5ZJ
2026-05-14 13:37:08,963 [INFO] DbBoards:161 - Board is not supported: NUCLEO-H5E5ZJ
2026-05-14 13:37:09,026 [INFO] BoardInfo:889 - No configuration file found for board NUCLEO-U3C5ZI-Q
2026-05-14 13:37:09,028 [INFO] DbBoards:161 - Board is not supported: NUCLEO-U3C5ZI-Q
2026-05-14 13:37:09,033 [ERROR] LogOutputStream:75 - [STDERR_REDIRECT] [Fatal Error] :1:1: Premature end of file.
2026-05-14 13:37:09,033 [ERROR] LogOutputStream:75 - [STDERR_REDIRECT] 
2026-05-14 13:37:09,045 [INFO] BoardInfo:889 - No configuration file found for board NUCLEO-WBA25CE1
2026-05-14 13:37:09,046 [INFO] DbBoards:161 - Board is not supported: NUCLEO-WBA25CE1
2026-05-14 13:37:09,057 [INFO] BoardInfo:889 - No configuration file found for board NUCLEO-WL3RKB1
2026-05-14 13:37:09,057 [INFO] DbBoards:161 - Board is not supported: NUCLEO-WL3RKB1
2026-05-14 13:37:09,059 [INFO] BoardInfo:889 - No configuration file found for board NUCLEO-WL3RKB2
2026-05-14 13:37:09,060 [INFO] DbBoards:161 - Board is not supported: NUCLEO-WL3RKB2
2026-05-14 13:37:09,070 [INFO] BoardInfo:889 - No configuration file found for board P-NUCLEO-WB55
2026-05-14 13:37:09,072 [INFO] DbBoards:161 - Kit is not supported: P-NUCLEO-WB55
2026-05-14 13:37:09,078 [INFO] BoardInfo:889 - No configuration file found for board STEVAL-BFA001V1B
2026-05-14 13:37:09,079 [INFO] DbBoards:161 - Kit is not supported: STEVAL-BFA001V1B
2026-05-14 13:37:09,080 [INFO] BoardInfo:889 - No configuration file found for board STEVAL-BFA001V2B
2026-05-14 13:37:09,082 [INFO] DbBoards:161 - Kit is not supported: STEVAL-BFA001V2B
2026-05-14 13:37:09,203 [INFO] BoardInfo:889 - No configuration file found for board STM32H5F5J-DK
2026-05-14 13:37:09,204 [INFO] DbBoards:161 - Board is not supported: STM32H5F5J-DK
2026-05-14 13:37:09,294 [INFO] DbBoards:168 - Found 218 boards, 209 are supported
2026-05-14 13:37:09,294 [INFO] DbBoards:169 - Found 218 boards, 43 of them is supported for  Bsp
2026-05-14 13:37:09,302 [INFO] ApiDb:423 - Load user favorites file C:\Users\justa/.stm32cubeide/favorites.boards.txt: 0 item(s)
2026-05-14 13:37:09,302 [INFO] ApiDb:427 - User favorites Boards=[]
2026-05-14 13:37:09,302 [INFO] DbBoards:198 - Set 0 / 0 favorites Boards
2026-05-14 13:37:09,342 [INFO] UtilMem:75 - End LoadConfig() Used Memory: 268961024 Bytes (371195904)
2026-05-14 13:37:09,455 [WARN] ThirdParty:833 - waiting for thirdparty lock release [change project]
2026-05-14 13:37:09,456 [INFO] ThirdParty:835 - entering critical section [change project]
2026-05-14 13:37:09,456 [INFO] ThirdParty:1030 - CMSIS Pack Vendor :STMicroelectronics X-CUBE-AZRTOS-H7 3.5.0
2026-05-14 13:37:09,456 [INFO] ThirdParty:1030 - CMSIS Pack Vendor :STMicroelectronics X-CUBE-PM33A1 1.0.0
2026-05-14 13:37:09,456 [INFO] ThirdParty:1030 - CMSIS Pack Vendor :STMicroelectronics USBPD 4.1
2026-05-14 13:37:09,456 [INFO] ThirdParty:1030 - CMSIS Pack Vendor :STMicroelectronics X-CUBE-NFC9 1.0.0
2026-05-14 13:37:09,456 [INFO] ThirdParty:1030 - CMSIS Pack Vendor :STMicroelectronics USB_HOST 2.0.0
2026-05-14 13:37:09,456 [INFO] ThirdParty:1030 - CMSIS Pack Vendor :STMicroelectronics X-CUBE-AZRTOS-F4 1.1.0
2026-05-14 13:37:09,456 [INFO] ThirdParty:1030 - CMSIS Pack Vendor :STMicroelectronics LIBJPEG 8.0.0
2026-05-14 13:37:09,456 [INFO] ThirdParty:1030 - CMSIS Pack Vendor :STMicroelectronics FP-ATR-ASTRA1 2.0.2
2026-05-14 13:37:09,456 [INFO] ThirdParty:1030 - CMSIS Pack Vendor :STMicroelectronics X-CUBE-BLE1 7.1.0
2026-05-14 13:37:09,456 [INFO] ThirdParty:1030 - CMSIS Pack Vendor :STMicroelectronics X-CUBE-SMBUS 2.1.0
2026-05-14 13:37:09,456 [INFO] ThirdParty:1030 - CMSIS Pack Vendor :wolfSSL I-CUBE-wolfMQTT 1.19.2
2026-05-14 13:37:09,456 [INFO] ThirdParty:1030 - CMSIS Pack Vendor :STMicroelectronics USB_DEVICE 3.0.0
2026-05-14 13:37:09,456 [INFO] ThirdParty:1030 - CMSIS Pack Vendor :STMicroelectronics X-CUBE-ISPU 2.1.0
2026-05-14 13:37:09,456 [INFO] ThirdParty:1030 - CMSIS Pack Vendor :STMicroelectronics X-CUBE-EEPRMA1 5.2.0
2026-05-14 13:37:09,456 [INFO] ThirdParty:1030 - CMSIS Pack Vendor :STMicroelectronics X-CUBE-IPS 3.2.0
2026-05-14 13:37:09,456 [INFO] ThirdParty:1030 - CMSIS Pack Vendor :STMicroelectronics X-CUBE-BLEMGR 4.1.0
2026-05-14 13:37:09,456 [INFO] ThirdParty:1030 - CMSIS Pack Vendor :STMicroelectronics eDS-WB_DPC_TT-BIDIR 2.1.1
2026-05-14 13:37:09,456 [INFO] ThirdParty:1030 - CMSIS Pack Vendor :STMicroelectronics X-CUBE-AZRTOS-WB 2.0.0
2026-05-14 13:37:09,456 [INFO] ThirdParty:1030 - CMSIS Pack Vendor :STMicroelectronics X-CUBE-NFC12 1.0.0
2026-05-14 13:37:09,456 [INFO] ThirdParty:1030 - CMSIS Pack Vendor :STMicroelectronics X-CUBE-AZRTOS-F7 1.1.0
2026-05-14 13:37:09,456 [INFO] ThirdParty:1030 - CMSIS Pack Vendor :STMicroelectronics X-CUBE-AZRTOS-L5 2.0.0
2026-05-14 13:37:09,457 [INFO] ThirdParty:1030 - CMSIS Pack Vendor :STMicroelectronics USB_DEVICE 2.0.0
2026-05-14 13:37:09,457 [INFO] ThirdParty:1030 - CMSIS Pack Vendor :STMicroelectronics FP-SNS-STAIOTCFT 1.1.0
2026-05-14 13:37:09,457 [INFO] ThirdParty:1030 - CMSIS Pack Vendor :quantropi X-CUBE-qispace-sdk-base 2.1.0
2026-05-14 13:37:09,457 [INFO] ThirdParty:1030 - CMSIS Pack Vendor :STMicroelectronics X-CUBE-MEMS1 12.0.0
2026-05-14 13:37:09,457 [INFO] ThirdParty:1030 - CMSIS Pack Vendor :STMicroelectronics X-CUBE-STSE01 2.0.0
2026-05-14 13:37:09,457 [INFO] ThirdParty:1030 - CMSIS Pack Vendor :STMicroelectronics FP-SNS-MOTENV1 5.1.0
2026-05-14 13:37:09,457 [INFO] ThirdParty:1030 - CMSIS Pack Vendor :STMicroelectronics FreeRTOS 0.0.1
2026-05-14 13:37:09,457 [INFO] ThirdParty:1030 - CMSIS Pack Vendor :STMicroelectronics X-CUBE-AZRTOS-G0 1.1.0
2026-05-14 13:37:09,457 [INFO] ThirdParty:1030 - CMSIS Pack Vendor :STMicroelectronics X-CUBE-NFC4 3.0.0
2026-05-14 13:37:09,457 [INFO] ThirdParty:1030 - CMSIS Pack Vendor :STMicroelectronics X-CUBE-SUBG2 5.0.0
2026-05-14 13:37:09,457 [INFO] ThirdParty:1030 - CMSIS Pack Vendor :STMicroelectronics STM32_WPAN 1.0.0
2026-05-14 13:37:09,457 [INFO] ThirdParty:1030 - CMSIS Pack Vendor :STMicroelectronics eDS-WB_DPC_VIENNA 1.2.0
2026-05-14 13:37:09,457 [INFO] ThirdParty:1030 - CMSIS Pack Vendor :EmbeddedOffice I-CUBE-FS-RTOS 1.0.1
2026-05-14 13:37:09,457 [INFO] ThirdParty:1030 - CMSIS Pack Vendor :STMicroelectronics lwIP 2.0.3
2026-05-14 13:37:09,457 [INFO] ThirdParty:1030 - CMSIS Pack Vendor :WES I-CUBE-Cesium 1.4.0
2026-05-14 13:37:09,457 [INFO] ThirdParty:1030 - CMSIS Pack Vendor :STMicroelectronics eDS-WB_DPC_3PH2L-BIDIR 1.1.1
2026-05-14 13:37:09,457 [INFO] ThirdParty:1030 - CMSIS Pack Vendor :STMicroelectronics USB_HOST 1.0.0
2026-05-14 13:37:09,457 [INFO] ThirdParty:1030 - CMSIS Pack Vendor :STMicroelectronics X-CUBE-AZRTOS-G4 2.0.0
2026-05-14 13:37:09,457 [INFO] ThirdParty:1030 - CMSIS Pack Vendor :STMicroelectronics PDM2PCM 3.1.0
2026-05-14 13:37:09,457 [INFO] ThirdParty:1030 - CMSIS Pack Vendor :STMicroelectronics PDM2PCM 3.3.0
2026-05-14 13:37:09,457 [INFO] ThirdParty:1030 - CMSIS Pack Vendor :wolfSSL I-CUBE-wolfTPM 3.8.0
2026-05-14 13:37:09,457 [INFO] ThirdParty:1030 - CMSIS Pack Vendor :STMicroelectronics X-CUBE-DISPLAY 3.0.0
2026-05-14 13:37:09,457 [INFO] ThirdParty:1030 - CMSIS Pack Vendor :wolfSSL I-CUBE-wolfSSH 1.4.20
2026-05-14 13:37:09,457 [INFO] ThirdParty:1030 - CMSIS Pack Vendor :STMicroelectronics X-CUBE-NFC7 2.0.0
2026-05-14 13:37:09,457 [INFO] ThirdParty:1030 - CMSIS Pack Vendor :STMicroelectronics X-CUBE-GNSS1 7.1.1
2026-05-14 13:37:09,457 [INFO] ThirdParty:1030 - CMSIS Pack Vendor :STMicroelectronics FP-SNS-MOTENVWB1 1.5.0
2026-05-14 13:37:09,457 [INFO] ThirdParty:1030 - CMSIS Pack Vendor :STMicroelectronics X-CUBE-TCPP 4.2.0
2026-05-14 13:37:09,457 [INFO] ThirdParty:1030 - CMSIS Pack Vendor :RealThread X-CUBE-RT-Thread_Nano 4.1.1
2026-05-14 13:37:09,457 [INFO] ThirdParty:1030 - CMSIS Pack Vendor :wolfSSL I-CUBE-wolfSSL 5.9.1
2026-05-14 13:37:09,457 [INFO] ThirdParty:1030 - CMSIS Pack Vendor :STMicroelectronics FP-ATR-SIGFOX1 3.2.0
2026-05-14 13:37:09,457 [INFO] ThirdParty:1030 - CMSIS Pack Vendor :STMicroelectronics X-CUBE-NFC10 1.0.0
2026-05-14 13:37:09,457 [INFO] ThirdParty:1030 - CMSIS Pack Vendor :STMicroelectronics HAL Drivers 0.0.0
2026-05-14 13:37:09,457 [INFO] ThirdParty:1030 - CMSIS Pack Vendor :STMicroelectronics X-CUBE-FREERTOS 1.5.0
2026-05-14 13:37:09,457 [INFO] ThirdParty:1030 - CMSIS Pack Vendor :STMicroelectronics MBEDTLS 2.16.2
2026-05-14 13:37:09,457 [INFO] ThirdParty:1030 - CMSIS Pack Vendor :STMicroelectronics X-CUBE-ST60 1.1.0
2026-05-14 13:37:09,457 [INFO] ThirdParty:1030 - CMSIS Pack Vendor :STMicroelectronics X-CUBE-ALS 1.0.2
2026-05-14 13:37:09,457 [INFO] ThirdParty:1030 - CMSIS Pack Vendor :emotas I-CUBE-CANOPEN 1.3.0
2026-05-14 13:37:09,457 [INFO] ThirdParty:1030 - CMSIS Pack Vendor :STMicroelectronics MBEDTLS 2.14.1
2026-05-14 13:37:09,457 [INFO] ThirdParty:1030 - CMSIS Pack Vendor :STMicroelectronics X-CUBE-GNSS1 7.1.0
2026-05-14 13:37:09,457 [INFO] ThirdParty:1030 - CMSIS Pack Vendor :ITTIA_DB I-CUBE-ITTIADB 8.9.0
2026-05-14 13:37:09,457 [INFO] ThirdParty:1030 - CMSIS Pack Vendor :Cesanta I-CUBE-Mongoose 7.21.7
2026-05-14 13:37:09,457 [INFO] ThirdParty:1030 - CMSIS Pack Vendor :STMicroelectronics X-CUBE-TOUCHGFX 4.26.1
2026-05-14 13:37:09,457 [INFO] ThirdParty:1030 - CMSIS Pack Vendor :STMicroelectronics X-CUBE-NFC6 3.2.0
2026-05-14 13:37:09,457 [INFO] ThirdParty:1030 - CMSIS Pack Vendor :STMicroelectronics FP-SNS-STBOX1 2.1.0
2026-05-14 13:37:09,457 [INFO] ThirdParty:1030 - CMSIS Pack Vendor :STMicroelectronics X-CUBE-AI 10.2.0
2026-05-14 13:37:09,459 [INFO] ThirdParty:1030 - CMSIS Pack Vendor :STMicroelectronics ThreadX 1.0.0
2026-05-14 13:37:09,459 [INFO] ThirdParty:1030 - CMSIS Pack Vendor :STMicroelectronics FP-SNS-SMARTAG2 1.2.0
2026-05-14 13:37:09,459 [INFO] ThirdParty:1030 - CMSIS Pack Vendor :STMicroelectronics X-CUBE-MEMS1 12.1.0
2026-05-14 13:37:09,459 [INFO] ThirdParty:1030 - CMSIS Pack Vendor :STMicroelectronics FP-SNS-FLIGHT1 5.1.0
2026-05-14 13:37:09,459 [INFO] ThirdParty:1030 - CMSIS Pack Vendor :STMicroelectronics X-CUBE-AZRTOS-WL 2.0.0
2026-05-14 13:37:09,459 [INFO] ThirdParty:1030 - CMSIS Pack Vendor :SEGGER I-CUBE-embOS 1.3.1
2026-05-14 13:37:09,459 [INFO] ThirdParty:1030 - CMSIS Pack Vendor :STMicroelectronics X-CUBE-ALGOBUILD 1.4.0
2026-05-14 13:37:09,459 [INFO] ThirdParty:1030 - CMSIS Pack Vendor :STMicroelectronics X-CUBE-DPower 1.3.0
2026-05-14 13:37:09,459 [INFO] ThirdParty:1030 - CMSIS Pack Vendor :STMicroelectronics USB_DEVICE 1.0.0
2026-05-14 13:37:09,459 [INFO] ThirdParty:1030 - CMSIS Pack Vendor :STMicroelectronics X-CUBE-AZRTOS-H7RS 1.2.0
2026-05-14 13:37:09,459 [INFO] ThirdParty:1030 - CMSIS Pack Vendor :STMicroelectronics X-CUBE-AZRTOS-L4 2.0.0
2026-05-14 13:37:09,459 [INFO] ThirdParty:1030 - CMSIS Pack Vendor :STMicroelectronics ThreadX 0.0.2
2026-05-14 13:37:09,459 [INFO] ThirdParty:1030 - CMSIS Pack Vendor :STMicroelectronics lwIP 2.1.2
2026-05-14 13:37:09,459 [INFO] ThirdParty:1030 - CMSIS Pack Vendor :STMicroelectronics X-CUBE-SFXS2LP1 4.0.0
2026-05-14 13:37:09,459 [INFO] ThirdParty:1030 - CMSIS Pack Vendor :STMicroelectronics X-CUBE-BLE2 3.3.0
2026-05-14 13:37:09,459 [INFO] ThirdParty:1030 - CMSIS Pack Vendor :Avnet-IOTCONNECT X-CUBE-iotc-st67-sdk 1.0.0
2026-05-14 13:37:09,459 [INFO] ThirdParty:1030 - CMSIS Pack Vendor :STMicroelectronics X-CUBE-TOF1 3.4.3
2026-05-14 13:37:09,459 [INFO] ThirdParty:1030 - CMSIS Pack Vendor :Infineon AIROC-Wi-Fi-Bluetooth-STM32 1.8.0
2026-05-14 13:37:09,459 [INFO] ThirdParty:1030 - CMSIS Pack Vendor :STMicroelectronics PDM2PCM 3.2.0
2026-05-14 13:37:09,459 [INFO] ThirdParty:1030 - CMSIS Pack Vendor :STMicroelectronics X-CUBE-WB05N 2.1.0
2026-05-14 13:37:09,459 [INFO] ThirdParty:841 - exiting critical section [change project]
2026-05-14 13:37:09,836 [INFO] PinOutPanel:1589 - setPackage(No Configuration,No Configuration)
2026-05-14 13:37:09,838 [INFO] PinOutPanel:1589 - setPackage(STM32F407VGTx,LQFP100)
2026-05-14 13:37:10,050 [ERROR] LogOutputStream:75 - [STDERR_REDIRECT] [Fatal Error] :1:1: Premature end of file.
2026-05-14 13:37:10,051 [ERROR] LogOutputStream:75 - [STDERR_REDIRECT] 
2026-05-14 13:37:10,156 [INFO] UtilMem:75 - Before build in PCC Used Memory: 229951576 Bytes (371195904)
2026-05-14 13:37:10,777 [INFO] UtilMem:75 - After build in PCC Used Memory: 304992408 Bytes (390070272)
2026-05-14 13:37:10,802 [INFO] IPUIPlugin:80 - create IPUIPlugin
2026-05-14 13:37:10,803 [INFO] IPUIPlugin:80 - create IPUIPlugin
2026-05-14 13:37:10,803 [INFO] IPUIPlugin:80 - create IPUIPlugin
2026-05-14 13:37:10,803 [INFO] IPUIPlugin:80 - create IPUIPlugin
2026-05-14 13:37:10,803 [INFO] IPUIPlugin:80 - create IPUIPlugin
2026-05-14 13:37:10,803 [INFO] IPUIPlugin:80 - create IPUIPlugin
2026-05-14 13:37:10,803 [INFO] IPUIPlugin:80 - create IPUIPlugin
2026-05-14 13:37:10,803 [INFO] IPUIPlugin:80 - create IPUIPlugin
2026-05-14 13:37:10,804 [INFO] IPUIPlugin:80 - create IPUIPlugin
2026-05-14 13:37:10,804 [INFO] IPUIPlugin:80 - create IPUIPlugin
2026-05-14 13:37:10,804 [INFO] IPUIPlugin:80 - create IPUIPlugin
2026-05-14 13:37:10,804 [INFO] IPUIPlugin:80 - create IPUIPlugin
2026-05-14 13:37:10,804 [INFO] IPUIPlugin:80 - create IPUIPlugin
2026-05-14 13:37:10,804 [INFO] IPUIPlugin:80 - create IPUIPlugin
2026-05-14 13:37:10,804 [INFO] IPUIPlugin:80 - create IPUIPlugin
2026-05-14 13:37:10,804 [INFO] IPUIPlugin:80 - create IPUIPlugin
2026-05-14 13:37:10,804 [INFO] IPUIPlugin:80 - create IPUIPlugin
2026-05-14 13:37:10,804 [INFO] IPUIPlugin:80 - create IPUIPlugin
2026-05-14 13:37:10,804 [INFO] IPUIPlugin:80 - create IPUIPlugin
2026-05-14 13:37:10,804 [INFO] IPUIPlugin:80 - create IPUIPlugin
2026-05-14 13:37:10,805 [INFO] IPUIPlugin:80 - create IPUIPlugin
2026-05-14 13:37:10,805 [INFO] IPUIPlugin:80 - create IPUIPlugin
2026-05-14 13:37:10,805 [INFO] IPUIPlugin:80 - create IPUIPlugin
2026-05-14 13:37:10,805 [INFO] IPUIPlugin:80 - create IPUIPlugin
2026-05-14 13:37:10,805 [INFO] IPUIPlugin:80 - create IPUIPlugin
2026-05-14 13:37:10,805 [INFO] IPUIPlugin:80 - create IPUIPlugin
2026-05-14 13:37:10,806 [INFO] IPUIPlugin:80 - create IPUIPlugin
2026-05-14 13:37:10,806 [INFO] IPUIPlugin:80 - create IPUIPlugin
2026-05-14 13:37:10,806 [INFO] IPUIPlugin:80 - create IPUIPlugin
2026-05-14 13:37:10,806 [INFO] IPUIPlugin:80 - create IPUIPlugin
2026-05-14 13:37:10,806 [INFO] IPUIPlugin:80 - create IPUIPlugin
2026-05-14 13:37:10,806 [INFO] IPUIPlugin:80 - create IPUIPlugin
2026-05-14 13:37:10,806 [INFO] IPUIPlugin:80 - create IPUIPlugin
2026-05-14 13:37:10,807 [INFO] IPUIPlugin:80 - create IPUIPlugin
2026-05-14 13:37:10,807 [INFO] IPUIPlugin:80 - create IPUIPlugin
2026-05-14 13:37:10,808 [INFO] IPUIPlugin:80 - create IPUIPlugin
2026-05-14 13:37:10,808 [INFO] IPUIPlugin:80 - create IPUIPlugin
2026-05-14 13:37:10,808 [INFO] IPUIPlugin:80 - create IPUIPlugin
2026-05-14 13:37:10,808 [INFO] IPUIPlugin:80 - create IPUIPlugin
2026-05-14 13:37:10,808 [INFO] IPUIPlugin:80 - create IPUIPlugin
2026-05-14 13:37:10,808 [INFO] IPUIPlugin:80 - create IPUIPlugin
2026-05-14 13:37:10,808 [INFO] IPUIPlugin:80 - create IPUIPlugin
2026-05-14 13:37:10,809 [INFO] IPUIPlugin:80 - create IPUIPlugin
2026-05-14 13:37:10,809 [INFO] IPUIPlugin:80 - create IPUIPlugin
2026-05-14 13:37:10,809 [INFO] IPUIPlugin:80 - create IPUIPlugin
2026-05-14 13:37:10,809 [INFO] IPUIPlugin:80 - create IPUIPlugin
2026-05-14 13:37:10,809 [INFO] IPUIPlugin:80 - create IPUIPlugin
2026-05-14 13:37:10,809 [INFO] IPUIPlugin:80 - create IPUIPlugin
2026-05-14 13:37:10,809 [INFO] IPUIPlugin:80 - create IPUIPlugin
2026-05-14 13:37:10,810 [INFO] IPUIPlugin:80 - create IPUIPlugin
2026-05-14 13:37:10,810 [INFO] IPUIPlugin:80 - create IPUIPlugin
2026-05-14 13:37:10,810 [INFO] IPUIPlugin:80 - create IPUIPlugin
2026-05-14 13:37:10,810 [INFO] IPUIPlugin:80 - create IPUIPlugin
2026-05-14 13:37:10,810 [INFO] IPUIPlugin:80 - create IPUIPlugin
2026-05-14 13:37:10,811 [INFO] IPUIPlugin:80 - create IPUIPlugin
2026-05-14 13:37:10,811 [INFO] IPUIPlugin:80 - create IPUIPlugin
2026-05-14 13:37:10,811 [INFO] IPUIPlugin:80 - create IPUIPlugin
2026-05-14 13:37:10,811 [INFO] IPUIPlugin:80 - create IPUIPlugin
2026-05-14 13:37:10,859 [INFO] ApiDbMcu:532 - Load IP Config File for PDM2PCM
2026-05-14 13:37:10,865 [WARN] IP:2250 - I2C_Coeff_DF not found: check if there is a RefParameter without a condition.
2026-05-14 13:37:10,865 [WARN] IP:2250 - Analog_Filter not found: check if there is a RefParameter without a condition.
2026-05-14 13:37:10,871 [INFO] I2sManager:658 - 9.6E7
2026-05-14 13:37:10,872 [INFO] I2sManager:195 - I2S Clock Value : 9.6E7
2026-05-14 13:37:10,874 [INFO] I2sManager:553 - AudioClock : 46875Divider : 4Odd : 0
2026-05-14 13:37:11,041 [ERROR] LogOutputStream:75 - [STDERR_REDIRECT] [Fatal Error] :1:1: Premature end of file.
2026-05-14 13:37:11,041 [ERROR] LogOutputStream:75 - [STDERR_REDIRECT] 
2026-05-14 13:37:11,049 [INFO] CADModel:165 - CPN selected for project levelSTM32F407VGT6
2026-05-14 13:37:11,049 [INFO] CADModel:114 - Register for checkConnection events
2026-05-14 13:37:11,097 [INFO] OpenFileManager:386 - Restore cursor
2026-05-14 13:37:11,252 [WARN] IP:2250 - I2C_Coeff_DF not found: check if there is a RefParameter without a condition.
2026-05-14 13:37:11,252 [WARN] IP:2250 - Analog_Filter not found: check if there is a RefParameter without a condition.
2026-05-14 13:37:11,252 [WARN] IP:2250 - I2C_Coeff_DF not found: check if there is a RefParameter without a condition.
2026-05-14 13:37:11,252 [WARN] IP:2250 - Analog_Filter not found: check if there is a RefParameter without a condition.
2026-05-14 13:37:12,061 [ERROR] LogOutputStream:75 - [STDERR_REDIRECT] [Fatal Error] :1:1: Premature end of file.
2026-05-14 13:37:12,062 [ERROR] LogOutputStream:75 - [STDERR_REDIRECT] 
2026-05-14 13:37:13,032 [ERROR] LogOutputStream:75 - [STDERR_REDIRECT] [Fatal Error] :1:1: Premature end of file.
2026-05-14 13:37:13,032 [ERROR] LogOutputStream:75 - [STDERR_REDIRECT] 
2026-05-14 13:37:14,033 [ERROR] LogOutputStream:75 - [STDERR_REDIRECT] [Fatal Error] :1:1: Premature end of file.
2026-05-14 13:37:14,033 [ERROR] LogOutputStream:75 - [STDERR_REDIRECT] 
2026-05-14 13:37:15,110 [ERROR] LogOutputStream:75 - [STDERR_REDIRECT] [Fatal Error] :1:1: Premature end of file.
2026-05-14 13:37:15,110 [ERROR] LogOutputStream:75 - [STDERR_REDIRECT] 
2026-05-14 13:37:16,040 [ERROR] LogOutputStream:75 - [STDERR_REDIRECT] [Fatal Error] :1:1: Premature end of file.
2026-05-14 13:37:16,041 [ERROR] LogOutputStream:75 - [STDERR_REDIRECT] 
2026-05-14 13:37:17,027 [ERROR] LogOutputStream:75 - [STDERR_REDIRECT] [Fatal Error] :1:1: Premature end of file.
2026-05-14 13:37:17,027 [ERROR] LogOutputStream:75 - [STDERR_REDIRECT] 
2026-05-14 13:37:18,031 [ERROR] LogOutputStream:75 - [STDERR_REDIRECT] [Fatal Error] :1:1: Premature end of file.
2026-05-14 13:37:18,031 [ERROR] LogOutputStream:75 - [STDERR_REDIRECT] 
2026-05-14 13:37:19,035 [ERROR] LogOutputStream:75 - [STDERR_REDIRECT] [Fatal Error] :1:1: Premature end of file.
2026-05-14 13:37:19,036 [ERROR] LogOutputStream:75 - [STDERR_REDIRECT] 
2026-05-14 13:37:20,030 [ERROR] LogOutputStream:75 - [STDERR_REDIRECT] [Fatal Error] :1:1: Premature end of file.
2026-05-14 13:37:20,031 [ERROR] LogOutputStream:75 - [STDERR_REDIRECT] 
2026-05-14 13:37:21,027 [ERROR] LogOutputStream:75 - [STDERR_REDIRECT] [Fatal Error] :1:1: Premature end of file.
2026-05-14 13:37:21,027 [ERROR] LogOutputStream:75 - [STDERR_REDIRECT] 
2026-05-14 13:37:22,034 [ERROR] LogOutputStream:75 - [STDERR_REDIRECT] [Fatal Error] :1:1: Premature end of file.
2026-05-14 13:37:22,034 [ERROR] LogOutputStream:75 - [STDERR_REDIRECT] 
2026-05-14 13:37:23,038 [ERROR] LogOutputStream:75 - [STDERR_REDIRECT] [Fatal Error] :1:1: Premature end of file.
2026-05-14 13:37:23,040 [ERROR] LogOutputStream:75 - [STDERR_REDIRECT] 
2026-05-14 13:37:24,027 [ERROR] LogOutputStream:75 - [STDERR_REDIRECT] [Fatal Error] :1:1: Premature end of file.
2026-05-14 13:37:24,028 [ERROR] LogOutputStream:75 - [STDERR_REDIRECT] 
2026-05-14 13:37:25,027 [ERROR] LogOutputStream:75 - [STDERR_REDIRECT] [Fatal Error] :1:1: Premature end of file.
2026-05-14 13:37:25,027 [ERROR] LogOutputStream:75 - [STDERR_REDIRECT] 
2026-05-14 13:37:26,032 [ERROR] LogOutputStream:75 - [STDERR_REDIRECT] [Fatal Error] :1:1: Premature end of file.
2026-05-14 13:37:26,032 [ERROR] LogOutputStream:75 - [STDERR_REDIRECT] 
2026-05-14 13:37:27,036 [ERROR] LogOutputStream:75 - [STDERR_REDIRECT] [Fatal Error] :1:1: Premature end of file.
2026-05-14 13:37:27,036 [ERROR] LogOutputStream:75 - [STDERR_REDIRECT] 
2026-05-14 13:37:28,035 [ERROR] LogOutputStream:75 - [STDERR_REDIRECT] [Fatal Error] :1:1: Premature end of file.
2026-05-14 13:37:28,035 [ERROR] LogOutputStream:75 - [STDERR_REDIRECT] 
2026-05-14 13:37:29,029 [ERROR] LogOutputStream:75 - [STDERR_REDIRECT] [Fatal Error] :1:1: Premature end of file.
2026-05-14 13:37:29,030 [ERROR] LogOutputStream:75 - [STDERR_REDIRECT] 
2026-05-14 13:37:30,033 [ERROR] LogOutputStream:75 - [STDERR_REDIRECT] [Fatal Error] :1:1: Premature end of file.
2026-05-14 13:37:30,033 [ERROR] LogOutputStream:75 - [STDERR_REDIRECT] 
2026-05-14 13:37:31,031 [ERROR] LogOutputStream:75 - [STDERR_REDIRECT] [Fatal Error] :1:1: Premature end of file.
2026-05-14 13:37:31,031 [ERROR] LogOutputStream:75 - [STDERR_REDIRECT] 
2026-05-14 13:37:32,037 [ERROR] LogOutputStream:75 - [STDERR_REDIRECT] [Fatal Error] :1:1: Premature end of file.
2026-05-14 13:37:32,037 [ERROR] LogOutputStream:75 - [STDERR_REDIRECT] 
2026-05-14 13:37:33,041 [ERROR] LogOutputStream:75 - [STDERR_REDIRECT] [Fatal Error] :1:1: Premature end of file.
2026-05-14 13:37:33,042 [ERROR] LogOutputStream:75 - [STDERR_REDIRECT] 
2026-05-14 13:37:34,034 [ERROR] LogOutputStream:75 - [STDERR_REDIRECT] [Fatal Error] :1:1: Premature end of file.
2026-05-14 13:37:34,035 [ERROR] LogOutputStream:75 - [STDERR_REDIRECT] 
2026-05-14 13:37:35,031 [ERROR] LogOutputStream:75 - [STDERR_REDIRECT] [Fatal Error] :1:1: Premature end of file.
2026-05-14 13:37:35,031 [ERROR] LogOutputStream:75 - [STDERR_REDIRECT] 
2026-05-14 13:37:36,033 [ERROR] LogOutputStream:75 - [STDERR_REDIRECT] [Fatal Error] :1:1: Premature end of file.
2026-05-14 13:37:36,033 [ERROR] LogOutputStream:75 - [STDERR_REDIRECT] 
2026-05-14 13:37:37,032 [ERROR] LogOutputStream:75 - [STDERR_REDIRECT] [Fatal Error] :1:1: Premature end of file.
2026-05-14 13:37:37,033 [ERROR] LogOutputStream:75 - [STDERR_REDIRECT] 
2026-05-14 13:37:38,033 [ERROR] LogOutputStream:75 - [STDERR_REDIRECT] [Fatal Error] :1:1: Premature end of file.
2026-05-14 13:37:38,033 [ERROR] LogOutputStream:75 - [STDERR_REDIRECT] 
2026-05-14 13:37:39,031 [ERROR] LogOutputStream:75 - [STDERR_REDIRECT] [Fatal Error] :1:1: Premature end of file.
2026-05-14 13:37:39,032 [ERROR] LogOutputStream:75 - [STDERR_REDIRECT] 
2026-05-14 13:37:40,037 [ERROR] LogOutputStream:75 - [STDERR_REDIRECT] [Fatal Error] :1:1: Premature end of file.
2026-05-14 13:37:40,037 [ERROR] LogOutputStream:75 - [STDERR_REDIRECT] 
2026-05-14 13:37:41,054 [ERROR] LogOutputStream:75 - [STDERR_REDIRECT] [Fatal Error] :1:1: Premature end of file.
2026-05-14 13:37:41,054 [ERROR] LogOutputStream:75 - [STDERR_REDIRECT] 
2026-05-14 13:37:42,035 [ERROR] LogOutputStream:75 - [STDERR_REDIRECT] [Fatal Error] :1:1: Premature end of file.
2026-05-14 13:37:42,035 [ERROR] LogOutputStream:75 - [STDERR_REDIRECT] 
2026-05-14 13:37:43,036 [ERROR] LogOutputStream:75 - [STDERR_REDIRECT] [Fatal Error] :1:1: Premature end of file.
2026-05-14 13:37:43,036 [ERROR] LogOutputStream:75 - [STDERR_REDIRECT] 
2026-05-14 13:37:44,041 [ERROR] LogOutputStream:75 - [STDERR_REDIRECT] [Fatal Error] :1:1: Premature end of file.
2026-05-14 13:37:44,041 [ERROR] LogOutputStream:75 - [STDERR_REDIRECT] 
2026-05-14 13:37:45,033 [ERROR] LogOutputStream:75 - [STDERR_REDIRECT] [Fatal Error] :1:1: Premature end of file.
2026-05-14 13:37:45,033 [ERROR] LogOutputStream:75 - [STDERR_REDIRECT] 
2026-05-14 13:37:46,038 [ERROR] LogOutputStream:75 - [STDERR_REDIRECT] [Fatal Error] :1:1: Premature end of file.
2026-05-14 13:37:46,038 [ERROR] LogOutputStream:75 - [STDERR_REDIRECT] 
2026-05-14 13:37:47,031 [ERROR] LogOutputStream:75 - [STDERR_REDIRECT] [Fatal Error] :1:1: Premature end of file.
2026-05-14 13:37:47,031 [ERROR] LogOutputStream:75 - [STDERR_REDIRECT] 
2026-05-14 13:37:48,037 [ERROR] LogOutputStream:75 - [STDERR_REDIRECT] [Fatal Error] :1:1: Premature end of file.
2026-05-14 13:37:48,037 [ERROR] LogOutputStream:75 - [STDERR_REDIRECT] 
2026-05-14 13:37:49,035 [ERROR] LogOutputStream:75 - [STDERR_REDIRECT] [Fatal Error] :1:1: Premature end of file.
2026-05-14 13:37:49,035 [ERROR] LogOutputStream:75 - [STDERR_REDIRECT] 
2026-05-14 13:37:50,035 [ERROR] LogOutputStream:75 - [STDERR_REDIRECT] [Fatal Error] :1:1: Premature end of file.
2026-05-14 13:37:50,035 [ERROR] LogOutputStream:75 - [STDERR_REDIRECT] 
2026-05-14 13:37:51,036 [ERROR] LogOutputStream:75 - [STDERR_REDIRECT] [Fatal Error] :1:1: Premature end of file.
2026-05-14 13:37:51,036 [ERROR] LogOutputStream:75 - [STDERR_REDIRECT] 
2026-05-14 13:37:52,036 [ERROR] LogOutputStream:75 - [STDERR_REDIRECT] [Fatal Error] :1:1: Premature end of file.
2026-05-14 13:37:52,038 [ERROR] LogOutputStream:75 - [STDERR_REDIRECT] 
2026-05-14 13:37:53,032 [ERROR] LogOutputStream:75 - [STDERR_REDIRECT] [Fatal Error] :1:1: Premature end of file.
2026-05-14 13:37:53,032 [ERROR] LogOutputStream:75 - [STDERR_REDIRECT] 
2026-05-14 13:37:54,054 [ERROR] LogOutputStream:75 - [STDERR_REDIRECT] [Fatal Error] :1:1: Premature end of file.
2026-05-14 13:37:54,055 [ERROR] LogOutputStream:75 - [STDERR_REDIRECT] 
2026-05-14 13:37:55,049 [ERROR] LogOutputStream:75 - [STDERR_REDIRECT] [Fatal Error] :1:1: Premature end of file.
2026-05-14 13:37:55,050 [ERROR] LogOutputStream:75 - [STDERR_REDIRECT] 
2026-05-14 13:37:56,226 [ERROR] LogOutputStream:75 - [STDERR_REDIRECT] [Fatal Error] :1:1: Premature end of file.
2026-05-14 13:37:56,228 [ERROR] LogOutputStream:75 - [STDERR_REDIRECT] 
2026-05-14 13:37:57,056 [ERROR] LogOutputStream:75 - [STDERR_REDIRECT] [Fatal Error] :1:1: Premature end of file.
2026-05-14 13:37:57,056 [ERROR] LogOutputStream:75 - [STDERR_REDIRECT] 
2026-05-14 13:37:58,059 [ERROR] LogOutputStream:75 - [STDERR_REDIRECT] [Fatal Error] :1:1: Premature end of file.
2026-05-14 13:37:58,059 [ERROR] LogOutputStream:75 - [STDERR_REDIRECT] 
2026-05-14 13:37:59,033 [ERROR] LogOutputStream:75 - [STDERR_REDIRECT] [Fatal Error] :1:1: Premature end of file.
2026-05-14 13:37:59,033 [ERROR] LogOutputStream:75 - [STDERR_REDIRECT] 
2026-05-14 13:38:00,034 [ERROR] LogOutputStream:75 - [STDERR_REDIRECT] [Fatal Error] :1:1: Premature end of file.
2026-05-14 13:38:00,034 [ERROR] LogOutputStream:75 - [STDERR_REDIRECT] 
2026-05-14 13:38:01,149 [ERROR] LogOutputStream:75 - [STDERR_REDIRECT] [Fatal Error] :1:1: Premature end of file.
2026-05-14 13:38:01,149 [ERROR] LogOutputStream:75 - [STDERR_REDIRECT] 
2026-05-14 13:38:02,034 [ERROR] LogOutputStream:75 - [STDERR_REDIRECT] [Fatal Error] :1:1: Premature end of file.
2026-05-14 13:38:02,034 [ERROR] LogOutputStream:75 - [STDERR_REDIRECT] 
2026-05-14 13:38:03,031 [ERROR] LogOutputStream:75 - [STDERR_REDIRECT] [Fatal Error] :1:1: Premature end of file.
2026-05-14 13:38:03,031 [ERROR] LogOutputStream:75 - [STDERR_REDIRECT] 
2026-05-14 13:38:04,031 [ERROR] LogOutputStream:75 - [STDERR_REDIRECT] [Fatal Error] :1:1: Premature end of file.
2026-05-14 13:38:04,031 [ERROR] LogOutputStream:75 - [STDERR_REDIRECT] 
2026-05-14 13:38:05,031 [ERROR] LogOutputStream:75 - [STDERR_REDIRECT] [Fatal Error] :1:1: Premature end of file.
2026-05-14 13:38:05,031 [ERROR] LogOutputStream:75 - [STDERR_REDIRECT] 
2026-05-14 13:38:06,034 [ERROR] LogOutputStream:75 - [STDERR_REDIRECT] [Fatal Error] :1:1: Premature end of file.
2026-05-14 13:38:06,034 [ERROR] LogOutputStream:75 - [STDERR_REDIRECT] 
2026-05-14 13:38:07,049 [ERROR] LogOutputStream:75 - [STDERR_REDIRECT] [Fatal Error] :1:1: Premature end of file.
2026-05-14 13:38:07,049 [ERROR] LogOutputStream:75 - [STDERR_REDIRECT] 
2026-05-14 13:38:08,040 [ERROR] LogOutputStream:75 - [STDERR_REDIRECT] [Fatal Error] :1:1: Premature end of file.
2026-05-14 13:38:08,040 [ERROR] LogOutputStream:75 - [STDERR_REDIRECT] 
2026-05-14 13:38:09,039 [ERROR] LogOutputStream:75 - [STDERR_REDIRECT] [Fatal Error] :1:1: Premature end of file.
2026-05-14 13:38:09,039 [ERROR] LogOutputStream:75 - [STDERR_REDIRECT] 
2026-05-14 13:38:10,049 [ERROR] LogOutputStream:75 - [STDERR_REDIRECT] [Fatal Error] :1:1: Premature end of file.
2026-05-14 13:38:10,049 [ERROR] LogOutputStream:75 - [STDERR_REDIRECT] 
2026-05-14 13:38:11,039 [ERROR] LogOutputStream:75 - [STDERR_REDIRECT] [Fatal Error] :1:1: Premature end of file.
2026-05-14 13:38:11,039 [ERROR] LogOutputStream:75 - [STDERR_REDIRECT] 
2026-05-14 13:38:12,036 [ERROR] LogOutputStream:75 - [STDERR_REDIRECT] [Fatal Error] :1:1: Premature end of file.
2026-05-14 13:38:12,036 [ERROR] LogOutputStream:75 - [STDERR_REDIRECT] 
2026-05-14 13:38:13,034 [ERROR] LogOutputStream:75 - [STDERR_REDIRECT] [Fatal Error] :1:1: Premature end of file.
2026-05-14 13:38:13,034 [ERROR] LogOutputStream:75 - [STDERR_REDIRECT] 
2026-05-14 13:38:14,045 [ERROR] LogOutputStream:75 - [STDERR_REDIRECT] [Fatal Error] :1:1: Premature end of file.
2026-05-14 13:38:14,045 [ERROR] LogOutputStream:75 - [STDERR_REDIRECT] 
2026-05-14 13:38:15,037 [ERROR] LogOutputStream:75 - [STDERR_REDIRECT] [Fatal Error] :1:1: Premature end of file.
2026-05-14 13:38:15,037 [ERROR] LogOutputStream:75 - [STDERR_REDIRECT] 
2026-05-14 13:38:16,044 [ERROR] LogOutputStream:75 - [STDERR_REDIRECT] [Fatal Error] :1:1: Premature end of file.
2026-05-14 13:38:16,044 [ERROR] LogOutputStream:75 - [STDERR_REDIRECT] 
2026-05-14 13:38:17,046 [ERROR] LogOutputStream:75 - [STDERR_REDIRECT] [Fatal Error] :1:1: Premature end of file.
2026-05-14 13:38:17,047 [ERROR] LogOutputStream:75 - [STDERR_REDIRECT] 
2026-05-14 13:38:18,044 [ERROR] LogOutputStream:75 - [STDERR_REDIRECT] [Fatal Error] :1:1: Premature end of file.
2026-05-14 13:38:18,045 [ERROR] LogOutputStream:75 - [STDERR_REDIRECT] 
2026-05-14 13:38:19,043 [ERROR] LogOutputStream:75 - [STDERR_REDIRECT] [Fatal Error] :1:1: Premature end of file.
2026-05-14 13:38:19,043 [ERROR] LogOutputStream:75 - [STDERR_REDIRECT] 
2026-05-14 13:38:20,070 [ERROR] LogOutputStream:75 - [STDERR_REDIRECT] [Fatal Error] :1:1: Premature end of file.
2026-05-14 13:38:20,071 [ERROR] LogOutputStream:75 - [STDERR_REDIRECT] 
2026-05-14 13:38:21,032 [ERROR] LogOutputStream:75 - [STDERR_REDIRECT] [Fatal Error] :1:1: Premature end of file.
2026-05-14 13:38:21,033 [ERROR] LogOutputStream:75 - [STDERR_REDIRECT] 
2026-05-14 13:38:22,036 [ERROR] LogOutputStream:75 - [STDERR_REDIRECT] [Fatal Error] :1:1: Premature end of file.
2026-05-14 13:38:22,036 [ERROR] LogOutputStream:75 - [STDERR_REDIRECT] 
2026-05-14 13:38:23,046 [ERROR] LogOutputStream:75 - [STDERR_REDIRECT] [Fatal Error] :1:1: Premature end of file.
2026-05-14 13:38:23,046 [ERROR] LogOutputStream:75 - [STDERR_REDIRECT] 
2026-05-14 13:38:24,042 [ERROR] LogOutputStream:75 - [STDERR_REDIRECT] [Fatal Error] :1:1: Premature end of file.
2026-05-14 13:38:24,043 [ERROR] LogOutputStream:75 - [STDERR_REDIRECT] 
2026-05-14 13:38:25,044 [ERROR] LogOutputStream:75 - [STDERR_REDIRECT] [Fatal Error] :1:1: Premature end of file.
2026-05-14 13:38:25,044 [ERROR] LogOutputStream:75 - [STDERR_REDIRECT] 
2026-05-14 13:38:26,044 [ERROR] LogOutputStream:75 - [STDERR_REDIRECT] [Fatal Error] :1:1: Premature end of file.
2026-05-14 13:38:26,044 [ERROR] LogOutputStream:75 - [STDERR_REDIRECT] 
2026-05-14 13:38:27,046 [ERROR] LogOutputStream:75 - [STDERR_REDIRECT] [Fatal Error] :1:1: Premature end of file.
2026-05-14 13:38:27,046 [ERROR] LogOutputStream:75 - [STDERR_REDIRECT] 
2026-05-14 13:38:28,044 [ERROR] LogOutputStream:75 - [STDERR_REDIRECT] [Fatal Error] :1:1: Premature end of file.
2026-05-14 13:38:28,046 [ERROR] LogOutputStream:75 - [STDERR_REDIRECT] 
2026-05-14 13:38:29,040 [ERROR] LogOutputStream:75 - [STDERR_REDIRECT] [Fatal Error] :1:1: Premature end of file.
2026-05-14 13:38:29,040 [ERROR] LogOutputStream:75 - [STDERR_REDIRECT] 
2026-05-14 13:38:30,035 [ERROR] LogOutputStream:75 - [STDERR_REDIRECT] [Fatal Error] :1:1: Premature end of file.
2026-05-14 13:38:30,035 [ERROR] LogOutputStream:75 - [STDERR_REDIRECT] 
2026-05-14 13:38:31,037 [ERROR] LogOutputStream:75 - [STDERR_REDIRECT] [Fatal Error] :1:1: Premature end of file.
2026-05-14 13:38:31,037 [ERROR] LogOutputStream:75 - [STDERR_REDIRECT] 
2026-05-14 13:38:32,047 [ERROR] LogOutputStream:75 - [STDERR_REDIRECT] [Fatal Error] :1:1: Premature end of file.
2026-05-14 13:38:32,047 [ERROR] LogOutputStream:75 - [STDERR_REDIRECT] 
2026-05-14 13:38:33,033 [ERROR] LogOutputStream:75 - [STDERR_REDIRECT] [Fatal Error] :1:1: Premature end of file.
2026-05-14 13:38:33,033 [ERROR] LogOutputStream:75 - [STDERR_REDIRECT] 
2026-05-14 13:38:34,033 [ERROR] LogOutputStream:75 - [STDERR_REDIRECT] [Fatal Error] :1:1: Premature end of file.
2026-05-14 13:38:34,033 [ERROR] LogOutputStream:75 - [STDERR_REDIRECT] 
2026-05-14 13:38:35,032 [ERROR] LogOutputStream:75 - [STDERR_REDIRECT] [Fatal Error] :1:1: Premature end of file.
2026-05-14 13:38:35,032 [ERROR] LogOutputStream:75 - [STDERR_REDIRECT] 
2026-05-14 13:38:36,032 [ERROR] LogOutputStream:75 - [STDERR_REDIRECT] [Fatal Error] :1:1: Premature end of file.
2026-05-14 13:38:36,032 [ERROR] LogOutputStream:75 - [STDERR_REDIRECT] 
2026-05-14 13:38:37,033 [ERROR] LogOutputStream:75 - [STDERR_REDIRECT] [Fatal Error] :1:1: Premature end of file.
2026-05-14 13:38:37,033 [ERROR] LogOutputStream:75 - [STDERR_REDIRECT] 
2026-05-14 13:38:38,123 [ERROR] LogOutputStream:75 - [STDERR_REDIRECT] [Fatal Error] :1:1: Premature end of file.
2026-05-14 13:38:38,123 [ERROR] LogOutputStream:75 - [STDERR_REDIRECT] 
2026-05-14 13:38:39,030 [ERROR] LogOutputStream:75 - [STDERR_REDIRECT] [Fatal Error] :1:1: Premature end of file.
2026-05-14 13:38:39,030 [ERROR] LogOutputStream:75 - [STDERR_REDIRECT] 
2026-05-14 13:38:40,031 [ERROR] LogOutputStream:75 - [STDERR_REDIRECT] [Fatal Error] :1:1: Premature end of file.
2026-05-14 13:38:40,031 [ERROR] LogOutputStream:75 - [STDERR_REDIRECT] 
2026-05-14 13:38:41,031 [ERROR] LogOutputStream:75 - [STDERR_REDIRECT] [Fatal Error] :1:1: Premature end of file.
2026-05-14 13:38:41,031 [ERROR] LogOutputStream:75 - [STDERR_REDIRECT] 
2026-05-14 13:38:42,032 [ERROR] LogOutputStream:75 - [STDERR_REDIRECT] [Fatal Error] :1:1: Premature end of file.
2026-05-14 13:38:42,033 [ERROR] LogOutputStream:75 - [STDERR_REDIRECT] 
2026-05-14 13:38:43,030 [ERROR] LogOutputStream:75 - [STDERR_REDIRECT] [Fatal Error] :1:1: Premature end of file.
2026-05-14 13:38:43,031 [ERROR] LogOutputStream:75 - [STDERR_REDIRECT] 
2026-05-14 13:38:44,028 [ERROR] LogOutputStream:75 - [STDERR_REDIRECT] [Fatal Error] :1:1: Premature end of file.
2026-05-14 13:38:44,029 [ERROR] LogOutputStream:75 - [STDERR_REDIRECT] 
2026-05-14 13:38:45,033 [ERROR] LogOutputStream:75 - [STDERR_REDIRECT] [Fatal Error] :1:1: Premature end of file.
2026-05-14 13:38:45,033 [ERROR] LogOutputStream:75 - [STDERR_REDIRECT] 
2026-05-14 13:38:46,031 [ERROR] LogOutputStream:75 - [STDERR_REDIRECT] [Fatal Error] :1:1: Premature end of file.
2026-05-14 13:38:46,031 [ERROR] LogOutputStream:75 - [STDERR_REDIRECT] 
2026-05-14 13:38:47,031 [ERROR] LogOutputStream:75 - [STDERR_REDIRECT] [Fatal Error] :1:1: Premature end of file.
2026-05-14 13:38:47,031 [ERROR] LogOutputStream:75 - [STDERR_REDIRECT] 
2026-05-14 13:38:48,030 [ERROR] LogOutputStream:75 - [STDERR_REDIRECT] [Fatal Error] :1:1: Premature end of file.
2026-05-14 13:38:48,030 [ERROR] LogOutputStream:75 - [STDERR_REDIRECT] 
2026-05-14 13:38:49,030 [ERROR] LogOutputStream:75 - [STDERR_REDIRECT] [Fatal Error] :1:1: Premature end of file.
2026-05-14 13:38:49,031 [ERROR] LogOutputStream:75 - [STDERR_REDIRECT] 
2026-05-14 13:38:50,031 [ERROR] LogOutputStream:75 - [STDERR_REDIRECT] [Fatal Error] :1:1: Premature end of file.
2026-05-14 13:38:50,031 [ERROR] LogOutputStream:75 - [STDERR_REDIRECT] 
2026-05-14 13:38:51,031 [ERROR] LogOutputStream:75 - [STDERR_REDIRECT] [Fatal Error] :1:1: Premature end of file.
2026-05-14 13:38:51,031 [ERROR] LogOutputStream:75 - [STDERR_REDIRECT] 
2026-05-14 13:38:52,032 [ERROR] LogOutputStream:75 - [STDERR_REDIRECT] [Fatal Error] :1:1: Premature end of file.
2026-05-14 13:38:52,032 [ERROR] LogOutputStream:75 - [STDERR_REDIRECT] 
2026-05-14 13:38:53,031 [ERROR] LogOutputStream:75 - [STDERR_REDIRECT] [Fatal Error] :1:1: Premature end of file.
2026-05-14 13:38:53,031 [ERROR] LogOutputStream:75 - [STDERR_REDIRECT] 
2026-05-14 13:38:54,030 [ERROR] LogOutputStream:75 - [STDERR_REDIRECT] [Fatal Error] :1:1: Premature end of file.
2026-05-14 13:38:54,030 [ERROR] LogOutputStream:75 - [STDERR_REDIRECT] 
2026-05-14 13:38:55,030 [ERROR] LogOutputStream:75 - [STDERR_REDIRECT] [Fatal Error] :1:1: Premature end of file.
2026-05-14 13:38:55,030 [ERROR] LogOutputStream:75 - [STDERR_REDIRECT] 
2026-05-14 13:38:56,030 [ERROR] LogOutputStream:75 - [STDERR_REDIRECT] [Fatal Error] :1:1: Premature end of file.
2026-05-14 13:38:56,030 [ERROR] LogOutputStream:75 - [STDERR_REDIRECT] 
2026-05-14 13:38:57,032 [ERROR] LogOutputStream:75 - [STDERR_REDIRECT] [Fatal Error] :1:1: Premature end of file.
2026-05-14 13:38:57,033 [ERROR] LogOutputStream:75 - [STDERR_REDIRECT] 
2026-05-14 13:38:58,031 [ERROR] LogOutputStream:75 - [STDERR_REDIRECT] [Fatal Error] :1:1: Premature end of file.
2026-05-14 13:38:58,031 [ERROR] LogOutputStream:75 - [STDERR_REDIRECT] 
2026-05-14 13:38:59,030 [ERROR] LogOutputStream:75 - [STDERR_REDIRECT] [Fatal Error] :1:1: Premature end of file.
2026-05-14 13:38:59,030 [ERROR] LogOutputStream:75 - [STDERR_REDIRECT] 
2026-05-14 13:39:00,033 [ERROR] LogOutputStream:75 - [STDERR_REDIRECT] [Fatal Error] :1:1: Premature end of file.
2026-05-14 13:39:00,033 [ERROR] LogOutputStream:75 - [STDERR_REDIRECT] 
2026-05-14 13:39:01,029 [ERROR] LogOutputStream:75 - [STDERR_REDIRECT] [Fatal Error] :1:1: Premature end of file.
2026-05-14 13:39:01,030 [ERROR] LogOutputStream:75 - [STDERR_REDIRECT] 
2026-05-14 13:39:02,025 [ERROR] LogOutputStream:75 - [STDERR_REDIRECT] [Fatal Error] :1:1: Premature end of file.
2026-05-14 13:39:02,025 [ERROR] LogOutputStream:75 - [STDERR_REDIRECT] 
2026-05-14 13:39:03,029 [ERROR] LogOutputStream:75 - [STDERR_REDIRECT] [Fatal Error] :1:1: Premature end of file.
2026-05-14 13:39:03,029 [ERROR] LogOutputStream:75 - [STDERR_REDIRECT] 
2026-05-14 13:39:04,032 [ERROR] LogOutputStream:75 - [STDERR_REDIRECT] [Fatal Error] :1:1: Premature end of file.
2026-05-14 13:39:04,032 [ERROR] LogOutputStream:75 - [STDERR_REDIRECT] 
2026-05-14 13:39:05,030 [ERROR] LogOutputStream:75 - [STDERR_REDIRECT] [Fatal Error] :1:1: Premature end of file.
2026-05-14 13:39:05,031 [ERROR] LogOutputStream:75 - [STDERR_REDIRECT] 
2026-05-14 13:39:06,032 [ERROR] LogOutputStream:75 - [STDERR_REDIRECT] [Fatal Error] :1:1: Premature end of file.
2026-05-14 13:39:06,033 [ERROR] LogOutputStream:75 - [STDERR_REDIRECT] 
2026-05-14 13:39:07,029 [ERROR] LogOutputStream:75 - [STDERR_REDIRECT] [Fatal Error] :1:1: Premature end of file.
2026-05-14 13:39:07,029 [ERROR] LogOutputStream:75 - [STDERR_REDIRECT] 
2026-05-14 13:39:08,030 [ERROR] LogOutputStream:75 - [STDERR_REDIRECT] [Fatal Error] :1:1: Premature end of file.
2026-05-14 13:39:08,030 [ERROR] LogOutputStream:75 - [STDERR_REDIRECT] 
2026-05-14 13:39:09,030 [ERROR] LogOutputStream:75 - [STDERR_REDIRECT] [Fatal Error] :1:1: Premature end of file.
2026-05-14 13:39:09,030 [ERROR] LogOutputStream:75 - [STDERR_REDIRECT] 
2026-05-14 13:39:10,030 [ERROR] LogOutputStream:75 - [STDERR_REDIRECT] [Fatal Error] :1:1: Premature end of file.
2026-05-14 13:39:10,030 [ERROR] LogOutputStream:75 - [STDERR_REDIRECT] 
2026-05-14 13:39:11,030 [ERROR] LogOutputStream:75 - [STDERR_REDIRECT] [Fatal Error] :1:1: Premature end of file.
2026-05-14 13:39:11,030 [ERROR] LogOutputStream:75 - [STDERR_REDIRECT] 
2026-05-14 13:39:12,030 [ERROR] LogOutputStream:75 - [STDERR_REDIRECT] [Fatal Error] :1:1: Premature end of file.
2026-05-14 13:39:12,030 [ERROR] LogOutputStream:75 - [STDERR_REDIRECT] 
2026-05-14 13:39:13,030 [ERROR] LogOutputStream:75 - [STDERR_REDIRECT] [Fatal Error] :1:1: Premature end of file.
2026-05-14 13:39:13,030 [ERROR] LogOutputStream:75 - [STDERR_REDIRECT] 
2026-05-14 13:39:14,031 [ERROR] LogOutputStream:75 - [STDERR_REDIRECT] [Fatal Error] :1:1: Premature end of file.
2026-05-14 13:39:14,031 [ERROR] LogOutputStream:75 - [STDERR_REDIRECT] 
2026-05-14 13:39:15,029 [ERROR] LogOutputStream:75 - [STDERR_REDIRECT] [Fatal Error] :1:1: Premature end of file.
2026-05-14 13:39:15,029 [ERROR] LogOutputStream:75 - [STDERR_REDIRECT] 
2026-05-14 13:39:16,031 [ERROR] LogOutputStream:75 - [STDERR_REDIRECT] [Fatal Error] :1:1: Premature end of file.
2026-05-14 13:39:16,032 [ERROR] LogOutputStream:75 - [STDERR_REDIRECT] 
2026-05-14 13:39:17,031 [ERROR] LogOutputStream:75 - [STDERR_REDIRECT] [Fatal Error] :1:1: Premature end of file.
2026-05-14 13:39:17,031 [ERROR] LogOutputStream:75 - [STDERR_REDIRECT] 
2026-05-14 13:39:18,029 [ERROR] LogOutputStream:75 - [STDERR_REDIRECT] [Fatal Error] :1:1: Premature end of file.
2026-05-14 13:39:18,030 [ERROR] LogOutputStream:75 - [STDERR_REDIRECT] 
2026-05-14 13:39:19,031 [ERROR] LogOutputStream:75 - [STDERR_REDIRECT] [Fatal Error] :1:1: Premature end of file.
2026-05-14 13:39:19,031 [ERROR] LogOutputStream:75 - [STDERR_REDIRECT] 
2026-05-14 13:39:20,034 [ERROR] LogOutputStream:75 - [STDERR_REDIRECT] [Fatal Error] :1:1: Premature end of file.
2026-05-14 13:39:20,034 [ERROR] LogOutputStream:75 - [STDERR_REDIRECT] 
2026-05-14 13:39:21,031 [ERROR] LogOutputStream:75 - [STDERR_REDIRECT] [Fatal Error] :1:1: Premature end of file.
2026-05-14 13:39:21,031 [ERROR] LogOutputStream:75 - [STDERR_REDIRECT] 
2026-05-14 13:39:22,030 [ERROR] LogOutputStream:75 - [STDERR_REDIRECT] [Fatal Error] :1:1: Premature end of file.
2026-05-14 13:39:22,030 [ERROR] LogOutputStream:75 - [STDERR_REDIRECT] 
2026-05-14 13:39:23,033 [ERROR] LogOutputStream:75 - [STDERR_REDIRECT] [Fatal Error] :1:1: Premature end of file.
2026-05-14 13:39:23,033 [ERROR] LogOutputStream:75 - [STDERR_REDIRECT] 
2026-05-14 13:39:24,028 [ERROR] LogOutputStream:75 - [STDERR_REDIRECT] [Fatal Error] :1:1: Premature end of file.
2026-05-14 13:39:24,028 [ERROR] LogOutputStream:75 - [STDERR_REDIRECT] 
2026-05-14 13:39:25,029 [ERROR] LogOutputStream:75 - [STDERR_REDIRECT] [Fatal Error] :1:1: Premature end of file.
2026-05-14 13:39:25,029 [ERROR] LogOutputStream:75 - [STDERR_REDIRECT] 
2026-05-14 13:39:26,030 [ERROR] LogOutputStream:75 - [STDERR_REDIRECT] [Fatal Error] :1:1: Premature end of file.
2026-05-14 13:39:26,032 [ERROR] LogOutputStream:75 - [STDERR_REDIRECT] 
2026-05-14 13:39:27,029 [ERROR] LogOutputStream:75 - [STDERR_REDIRECT] [Fatal Error] :1:1: Premature end of file.
2026-05-14 13:39:27,029 [ERROR] LogOutputStream:75 - [STDERR_REDIRECT] 
2026-05-14 13:39:28,033 [ERROR] LogOutputStream:75 - [STDERR_REDIRECT] [Fatal Error] :1:1: Premature end of file.
2026-05-14 13:39:28,033 [ERROR] LogOutputStream:75 - [STDERR_REDIRECT] 
2026-05-14 13:39:29,031 [ERROR] LogOutputStream:75 - [STDERR_REDIRECT] [Fatal Error] :1:1: Premature end of file.
2026-05-14 13:39:29,033 [ERROR] LogOutputStream:75 - [STDERR_REDIRECT] 
2026-05-14 13:39:30,034 [ERROR] LogOutputStream:75 - [STDERR_REDIRECT] [Fatal Error] :1:1: Premature end of file.
2026-05-14 13:39:30,034 [ERROR] LogOutputStream:75 - [STDERR_REDIRECT] 
2026-05-14 13:39:31,035 [ERROR] LogOutputStream:75 - [STDERR_REDIRECT] [Fatal Error] :1:1: Premature end of file.
2026-05-14 13:39:31,035 [ERROR] LogOutputStream:75 - [STDERR_REDIRECT] 
2026-05-14 13:39:32,031 [ERROR] LogOutputStream:75 - [STDERR_REDIRECT] [Fatal Error] :1:1: Premature end of file.
2026-05-14 13:39:32,031 [ERROR] LogOutputStream:75 - [STDERR_REDIRECT] 
2026-05-14 13:39:33,030 [ERROR] LogOutputStream:75 - [STDERR_REDIRECT] [Fatal Error] :1:1: Premature end of file.
2026-05-14 13:39:33,031 [ERROR] LogOutputStream:75 - [STDERR_REDIRECT] 
2026-05-14 13:39:34,028 [ERROR] LogOutputStream:75 - [STDERR_REDIRECT] [Fatal Error] :1:1: Premature end of file.
2026-05-14 13:39:34,028 [ERROR] LogOutputStream:75 - [STDERR_REDIRECT] 
2026-05-14 13:39:35,032 [ERROR] LogOutputStream:75 - [STDERR_REDIRECT] [Fatal Error] :1:1: Premature end of file.
2026-05-14 13:39:35,032 [ERROR] LogOutputStream:75 - [STDERR_REDIRECT] 
2026-05-14 13:39:36,034 [ERROR] LogOutputStream:75 - [STDERR_REDIRECT] [Fatal Error] :1:1: Premature end of file.
2026-05-14 13:39:36,034 [ERROR] LogOutputStream:75 - [STDERR_REDIRECT] 
2026-05-14 13:39:37,033 [ERROR] LogOutputStream:75 - [STDERR_REDIRECT] [Fatal Error] :1:1: Premature end of file.
2026-05-14 13:39:37,033 [ERROR] LogOutputStream:75 - [STDERR_REDIRECT] 
2026-05-14 13:39:38,032 [ERROR] LogOutputStream:75 - [STDERR_REDIRECT] [Fatal Error] :1:1: Premature end of file.
2026-05-14 13:39:38,032 [ERROR] LogOutputStream:75 - [STDERR_REDIRECT] 
2026-05-14 13:39:39,034 [ERROR] LogOutputStream:75 - [STDERR_REDIRECT] [Fatal Error] :1:1: Premature end of file.
2026-05-14 13:39:39,034 [ERROR] LogOutputStream:75 - [STDERR_REDIRECT] 
2026-05-14 13:39:40,030 [ERROR] LogOutputStream:75 - [STDERR_REDIRECT] [Fatal Error] :1:1: Premature end of file.
2026-05-14 13:39:40,030 [ERROR] LogOutputStream:75 - [STDERR_REDIRECT] 
2026-05-14 13:39:41,034 [ERROR] LogOutputStream:75 - [STDERR_REDIRECT] [Fatal Error] :1:1: Premature end of file.
2026-05-14 13:39:41,034 [ERROR] LogOutputStream:75 - [STDERR_REDIRECT] 
2026-05-14 13:39:42,032 [ERROR] LogOutputStream:75 - [STDERR_REDIRECT] [Fatal Error] :1:1: Premature end of file.
2026-05-14 13:39:42,032 [ERROR] LogOutputStream:75 - [STDERR_REDIRECT] 
2026-05-14 13:39:43,028 [ERROR] LogOutputStream:75 - [STDERR_REDIRECT] [Fatal Error] :1:1: Premature end of file.
2026-05-14 13:39:43,030 [ERROR] LogOutputStream:75 - [STDERR_REDIRECT] 
2026-05-14 13:39:44,044 [ERROR] LogOutputStream:75 - [STDERR_REDIRECT] [Fatal Error] :1:1: Premature end of file.
2026-05-14 13:39:44,044 [ERROR] LogOutputStream:75 - [STDERR_REDIRECT] 
2026-05-14 13:39:45,041 [ERROR] LogOutputStream:75 - [STDERR_REDIRECT] [Fatal Error] :1:1: Premature end of file.
2026-05-14 13:39:45,041 [ERROR] LogOutputStream:75 - [STDERR_REDIRECT] 
2026-05-14 13:39:46,029 [ERROR] LogOutputStream:75 - [STDERR_REDIRECT] [Fatal Error] :1:1: Premature end of file.
2026-05-14 13:39:46,029 [ERROR] LogOutputStream:75 - [STDERR_REDIRECT] 
2026-05-14 13:39:47,036 [ERROR] LogOutputStream:75 - [STDERR_REDIRECT] [Fatal Error] :1:1: Premature end of file.
2026-05-14 13:39:47,036 [ERROR] LogOutputStream:75 - [STDERR_REDIRECT] 
2026-05-14 13:39:48,032 [ERROR] LogOutputStream:75 - [STDERR_REDIRECT] [Fatal Error] :1:1: Premature end of file.
2026-05-14 13:39:48,032 [ERROR] LogOutputStream:75 - [STDERR_REDIRECT] 
2026-05-14 13:39:49,032 [ERROR] LogOutputStream:75 - [STDERR_REDIRECT] [Fatal Error] :1:1: Premature end of file.
2026-05-14 13:39:49,033 [ERROR] LogOutputStream:75 - [STDERR_REDIRECT] 
2026-05-14 13:39:50,028 [ERROR] LogOutputStream:75 - [STDERR_REDIRECT] [Fatal Error] :1:1: Premature end of file.
2026-05-14 13:39:50,029 [ERROR] LogOutputStream:75 - [STDERR_REDIRECT] 
2026-05-14 13:39:51,034 [ERROR] LogOutputStream:75 - [STDERR_REDIRECT] [Fatal Error] :1:1: Premature end of file.
2026-05-14 13:39:51,034 [ERROR] LogOutputStream:75 - [STDERR_REDIRECT] 
2026-05-14 13:39:52,034 [ERROR] LogOutputStream:75 - [STDERR_REDIRECT] [Fatal Error] :1:1: Premature end of file.
2026-05-14 13:39:52,034 [ERROR] LogOutputStream:75 - [STDERR_REDIRECT] 
2026-05-14 13:39:53,029 [ERROR] LogOutputStream:75 - [STDERR_REDIRECT] [Fatal Error] :1:1: Premature end of file.
2026-05-14 13:39:53,029 [ERROR] LogOutputStream:75 - [STDERR_REDIRECT] 
2026-05-14 13:39:54,031 [ERROR] LogOutputStream:75 - [STDERR_REDIRECT] [Fatal Error] :1:1: Premature end of file.
2026-05-14 13:39:54,031 [ERROR] LogOutputStream:75 - [STDERR_REDIRECT] 
2026-05-14 13:39:55,031 [ERROR] LogOutputStream:75 - [STDERR_REDIRECT] [Fatal Error] :1:1: Premature end of file.
2026-05-14 13:39:55,031 [ERROR] LogOutputStream:75 - [STDERR_REDIRECT] 
2026-05-14 13:39:56,034 [ERROR] LogOutputStream:75 - [STDERR_REDIRECT] [Fatal Error] :1:1: Premature end of file.
2026-05-14 13:39:56,034 [ERROR] LogOutputStream:75 - [STDERR_REDIRECT] 
2026-05-14 13:39:57,031 [ERROR] LogOutputStream:75 - [STDERR_REDIRECT] [Fatal Error] :1:1: Premature end of file.
2026-05-14 13:39:57,032 [ERROR] LogOutputStream:75 - [STDERR_REDIRECT] 
2026-05-14 13:39:58,031 [ERROR] LogOutputStream:75 - [STDERR_REDIRECT] [Fatal Error] :1:1: Premature end of file.
2026-05-14 13:39:58,031 [ERROR] LogOutputStream:75 - [STDERR_REDIRECT] 
2026-05-14 13:39:59,029 [ERROR] LogOutputStream:75 - [STDERR_REDIRECT] [Fatal Error] :1:1: Premature end of file.
2026-05-14 13:39:59,029 [ERROR] LogOutputStream:75 - [STDERR_REDIRECT] 
2026-05-14 13:40:00,030 [ERROR] LogOutputStream:75 - [STDERR_REDIRECT] [Fatal Error] :1:1: Premature end of file.
2026-05-14 13:40:00,030 [ERROR] LogOutputStream:75 - [STDERR_REDIRECT] 
2026-05-14 13:40:01,029 [ERROR] LogOutputStream:75 - [STDERR_REDIRECT] [Fatal Error] :1:1: Premature end of file.
2026-05-14 13:40:01,031 [ERROR] LogOutputStream:75 - [STDERR_REDIRECT] 
2026-05-14 13:40:02,032 [ERROR] LogOutputStream:75 - [STDERR_REDIRECT] [Fatal Error] :1:1: Premature end of file.
2026-05-14 13:40:02,032 [ERROR] LogOutputStream:75 - [STDERR_REDIRECT] 
2026-05-14 13:40:03,032 [ERROR] LogOutputStream:75 - [STDERR_REDIRECT] [Fatal Error] :1:1: Premature end of file.
2026-05-14 13:40:03,032 [ERROR] LogOutputStream:75 - [STDERR_REDIRECT] 
2026-05-14 13:40:04,032 [ERROR] LogOutputStream:75 - [STDERR_REDIRECT] [Fatal Error] :1:1: Premature end of file.
2026-05-14 13:40:04,032 [ERROR] LogOutputStream:75 - [STDERR_REDIRECT] 
2026-05-14 13:40:05,032 [ERROR] LogOutputStream:75 - [STDERR_REDIRECT] [Fatal Error] :1:1: Premature end of file.
2026-05-14 13:40:05,032 [ERROR] LogOutputStream:75 - [STDERR_REDIRECT] 
2026-05-14 13:40:06,031 [ERROR] LogOutputStream:75 - [STDERR_REDIRECT] [Fatal Error] :1:1: Premature end of file.
2026-05-14 13:40:06,031 [ERROR] LogOutputStream:75 - [STDERR_REDIRECT] 
2026-05-14 13:40:07,030 [ERROR] LogOutputStream:75 - [STDERR_REDIRECT] [Fatal Error] :1:1: Premature end of file.
2026-05-14 13:40:07,030 [ERROR] LogOutputStream:75 - [STDERR_REDIRECT] 
2026-05-14 13:40:08,034 [ERROR] LogOutputStream:75 - [STDERR_REDIRECT] [Fatal Error] :1:1: Premature end of file.
2026-05-14 13:40:08,034 [ERROR] LogOutputStream:75 - [STDERR_REDIRECT] 
2026-05-14 13:40:09,027 [ERROR] LogOutputStream:75 - [STDERR_REDIRECT] [Fatal Error] :1:1: Premature end of file.
2026-05-14 13:40:09,027 [ERROR] LogOutputStream:75 - [STDERR_REDIRECT] 
2026-05-14 13:40:10,029 [ERROR] LogOutputStream:75 - [STDERR_REDIRECT] [Fatal Error] :1:1: Premature end of file.
2026-05-14 13:40:10,030 [ERROR] LogOutputStream:75 - [STDERR_REDIRECT] 
2026-05-14 13:40:11,032 [ERROR] LogOutputStream:75 - [STDERR_REDIRECT] [Fatal Error] :1:1: Premature end of file.
2026-05-14 13:40:11,032 [ERROR] LogOutputStream:75 - [STDERR_REDIRECT] 
2026-05-14 13:40:12,027 [ERROR] LogOutputStream:75 - [STDERR_REDIRECT] [Fatal Error] :1:1: Premature end of file.
2026-05-14 13:40:12,027 [ERROR] LogOutputStream:75 - [STDERR_REDIRECT] 
2026-05-14 13:40:13,029 [ERROR] LogOutputStream:75 - [STDERR_REDIRECT] [Fatal Error] :1:1: Premature end of file.
2026-05-14 13:40:13,030 [ERROR] LogOutputStream:75 - [STDERR_REDIRECT] 
2026-05-14 13:40:14,032 [ERROR] LogOutputStream:75 - [STDERR_REDIRECT] [Fatal Error] :1:1: Premature end of file.
2026-05-14 13:40:14,032 [ERROR] LogOutputStream:75 - [STDERR_REDIRECT] 
2026-05-14 13:40:15,030 [ERROR] LogOutputStream:75 - [STDERR_REDIRECT] [Fatal Error] :1:1: Premature end of file.
2026-05-14 13:40:15,030 [ERROR] LogOutputStream:75 - [STDERR_REDIRECT] 
2026-05-14 13:40:16,028 [ERROR] LogOutputStream:75 - [STDERR_REDIRECT] [Fatal Error] :1:1: Premature end of file.
2026-05-14 13:40:16,028 [ERROR] LogOutputStream:75 - [STDERR_REDIRECT] 
2026-05-14 13:40:17,026 [ERROR] LogOutputStream:75 - [STDERR_REDIRECT] [Fatal Error] :1:1: Premature end of file.
2026-05-14 13:40:17,026 [ERROR] LogOutputStream:75 - [STDERR_REDIRECT] 
2026-05-14 13:40:18,027 [ERROR] LogOutputStream:75 - [STDERR_REDIRECT] [Fatal Error] :1:1: Premature end of file.
2026-05-14 13:40:18,027 [ERROR] LogOutputStream:75 - [STDERR_REDIRECT] 
2026-05-14 13:40:19,029 [ERROR] LogOutputStream:75 - [STDERR_REDIRECT] [Fatal Error] :1:1: Premature end of file.
2026-05-14 13:40:19,029 [ERROR] LogOutputStream:75 - [STDERR_REDIRECT] 
2026-05-14 13:40:20,026 [ERROR] LogOutputStream:75 - [STDERR_REDIRECT] [Fatal Error] :1:1: Premature end of file.
2026-05-14 13:40:20,026 [ERROR] LogOutputStream:75 - [STDERR_REDIRECT] 
2026-05-14 13:40:21,028 [ERROR] LogOutputStream:75 - [STDERR_REDIRECT] [Fatal Error] :1:1: Premature end of file.
2026-05-14 13:40:21,028 [ERROR] LogOutputStream:75 - [STDERR_REDIRECT] 
2026-05-14 13:40:22,027 [ERROR] LogOutputStream:75 - [STDERR_REDIRECT] [Fatal Error] :1:1: Premature end of file.
2026-05-14 13:40:22,027 [ERROR] LogOutputStream:75 - [STDERR_REDIRECT] 
2026-05-14 13:40:23,029 [ERROR] LogOutputStream:75 - [STDERR_REDIRECT] [Fatal Error] :1:1: Premature end of file.
2026-05-14 13:40:23,030 [ERROR] LogOutputStream:75 - [STDERR_REDIRECT] 
2026-05-14 13:40:24,028 [ERROR] LogOutputStream:75 - [STDERR_REDIRECT] [Fatal Error] :1:1: Premature end of file.
2026-05-14 13:40:24,028 [ERROR] LogOutputStream:75 - [STDERR_REDIRECT] 
2026-05-14 13:40:25,029 [ERROR] LogOutputStream:75 - [STDERR_REDIRECT] [Fatal Error] :1:1: Premature end of file.
2026-05-14 13:40:25,029 [ERROR] LogOutputStream:75 - [STDERR_REDIRECT] 
2026-05-14 13:40:26,035 [ERROR] LogOutputStream:75 - [STDERR_REDIRECT] [Fatal Error] :1:1: Premature end of file.
2026-05-14 13:40:26,035 [ERROR] LogOutputStream:75 - [STDERR_REDIRECT] 
2026-05-14 13:40:27,030 [ERROR] LogOutputStream:75 - [STDERR_REDIRECT] [Fatal Error] :1:1: Premature end of file.
2026-05-14 13:40:27,031 [ERROR] LogOutputStream:75 - [STDERR_REDIRECT] 
2026-05-14 13:40:28,030 [ERROR] LogOutputStream:75 - [STDERR_REDIRECT] [Fatal Error] :1:1: Premature end of file.
2026-05-14 13:40:28,030 [ERROR] LogOutputStream:75 - [STDERR_REDIRECT] 
2026-05-14 13:40:29,027 [ERROR] LogOutputStream:75 - [STDERR_REDIRECT] [Fatal Error] :1:1: Premature end of file.
2026-05-14 13:40:29,028 [ERROR] LogOutputStream:75 - [STDERR_REDIRECT] 
2026-05-14 13:40:30,029 [ERROR] LogOutputStream:75 - [STDERR_REDIRECT] [Fatal Error] :1:1: Premature end of file.
2026-05-14 13:40:30,029 [ERROR] LogOutputStream:75 - [STDERR_REDIRECT] 
2026-05-14 13:40:31,025 [ERROR] LogOutputStream:75 - [STDERR_REDIRECT] [Fatal Error] :1:1: Premature end of file.
2026-05-14 13:40:31,027 [ERROR] LogOutputStream:75 - [STDERR_REDIRECT] 
2026-05-14 13:40:32,026 [ERROR] LogOutputStream:75 - [STDERR_REDIRECT] [Fatal Error] :1:1: Premature end of file.
2026-05-14 13:40:32,026 [ERROR] LogOutputStream:75 - [STDERR_REDIRECT] 
2026-05-14 13:40:33,027 [ERROR] LogOutputStream:75 - [STDERR_REDIRECT] [Fatal Error] :1:1: Premature end of file.
2026-05-14 13:40:33,028 [ERROR] LogOutputStream:75 - [STDERR_REDIRECT] 
2026-05-14 13:40:34,028 [ERROR] LogOutputStream:75 - [STDERR_REDIRECT] [Fatal Error] :1:1: Premature end of file.
2026-05-14 13:40:34,028 [ERROR] LogOutputStream:75 - [STDERR_REDIRECT] 
2026-05-14 13:40:35,035 [ERROR] LogOutputStream:75 - [STDERR_REDIRECT] [Fatal Error] :1:1: Premature end of file.
2026-05-14 13:40:35,035 [ERROR] LogOutputStream:75 - [STDERR_REDIRECT] 
2026-05-14 13:40:36,027 [ERROR] LogOutputStream:75 - [STDERR_REDIRECT] [Fatal Error] :1:1: Premature end of file.
2026-05-14 13:40:36,028 [ERROR] LogOutputStream:75 - [STDERR_REDIRECT] 
2026-05-14 13:40:37,030 [ERROR] LogOutputStream:75 - [STDERR_REDIRECT] [Fatal Error] :1:1: Premature end of file.
2026-05-14 13:40:37,030 [ERROR] LogOutputStream:75 - [STDERR_REDIRECT] 
2026-05-14 13:40:38,028 [ERROR] LogOutputStream:75 - [STDERR_REDIRECT] [Fatal Error] :1:1: Premature end of file.
2026-05-14 13:40:38,029 [ERROR] LogOutputStream:75 - [STDERR_REDIRECT] 
2026-05-14 13:40:39,026 [ERROR] LogOutputStream:75 - [STDERR_REDIRECT] [Fatal Error] :1:1: Premature end of file.
2026-05-14 13:40:39,026 [ERROR] LogOutputStream:75 - [STDERR_REDIRECT] 
2026-05-14 13:40:40,028 [ERROR] LogOutputStream:75 - [STDERR_REDIRECT] [Fatal Error] :1:1: Premature end of file.
2026-05-14 13:40:40,028 [ERROR] LogOutputStream:75 - [STDERR_REDIRECT] 
2026-05-14 13:40:41,026 [ERROR] LogOutputStream:75 - [STDERR_REDIRECT] [Fatal Error] :1:1: Premature end of file.
2026-05-14 13:40:41,026 [ERROR] LogOutputStream:75 - [STDERR_REDIRECT] 
2026-05-14 13:40:42,025 [ERROR] LogOutputStream:75 - [STDERR_REDIRECT] [Fatal Error] :1:1: Premature end of file.
2026-05-14 13:40:42,025 [ERROR] LogOutputStream:75 - [STDERR_REDIRECT] 
2026-05-14 13:40:43,032 [ERROR] LogOutputStream:75 - [STDERR_REDIRECT] [Fatal Error] :1:1: Premature end of file.
2026-05-14 13:40:43,032 [ERROR] LogOutputStream:75 - [STDERR_REDIRECT] 
2026-05-14 13:40:44,027 [ERROR] LogOutputStream:75 - [STDERR_REDIRECT] [Fatal Error] :1:1: Premature end of file.
2026-05-14 13:40:44,027 [ERROR] LogOutputStream:75 - [STDERR_REDIRECT] 
2026-05-14 13:40:45,028 [ERROR] LogOutputStream:75 - [STDERR_REDIRECT] [Fatal Error] :1:1: Premature end of file.
2026-05-14 13:40:45,029 [ERROR] LogOutputStream:75 - [STDERR_REDIRECT] 
2026-05-14 13:40:46,028 [ERROR] LogOutputStream:75 - [STDERR_REDIRECT] [Fatal Error] :1:1: Premature end of file.
2026-05-14 13:40:46,028 [ERROR] LogOutputStream:75 - [STDERR_REDIRECT] 
2026-05-14 13:40:47,032 [ERROR] LogOutputStream:75 - [STDERR_REDIRECT] [Fatal Error] :1:1: Premature end of file.
2026-05-14 13:40:47,033 [ERROR] LogOutputStream:75 - [STDERR_REDIRECT] 
2026-05-14 13:40:48,028 [ERROR] LogOutputStream:75 - [STDERR_REDIRECT] [Fatal Error] :1:1: Premature end of file.
2026-05-14 13:40:48,028 [ERROR] LogOutputStream:75 - [STDERR_REDIRECT] 
2026-05-14 13:40:49,031 [ERROR] LogOutputStream:75 - [STDERR_REDIRECT] [Fatal Error] :1:1: Premature end of file.
2026-05-14 13:40:49,031 [ERROR] LogOutputStream:75 - [STDERR_REDIRECT] 
2026-05-14 13:40:50,030 [ERROR] LogOutputStream:75 - [STDERR_REDIRECT] [Fatal Error] :1:1: Premature end of file.
2026-05-14 13:40:50,030 [ERROR] LogOutputStream:75 - [STDERR_REDIRECT] 
2026-05-14 13:40:51,031 [ERROR] LogOutputStream:75 - [STDERR_REDIRECT] [Fatal Error] :1:1: Premature end of file.
2026-05-14 13:40:51,032 [ERROR] LogOutputStream:75 - [STDERR_REDIRECT] 
2026-05-14 13:40:52,032 [ERROR] LogOutputStream:75 - [STDERR_REDIRECT] [Fatal Error] :1:1: Premature end of file.
2026-05-14 13:40:52,032 [ERROR] LogOutputStream:75 - [STDERR_REDIRECT] 
2026-05-14 13:40:53,028 [ERROR] LogOutputStream:75 - [STDERR_REDIRECT] [Fatal Error] :1:1: Premature end of file.
2026-05-14 13:40:53,028 [ERROR] LogOutputStream:75 - [STDERR_REDIRECT] 
2026-05-14 13:40:54,028 [ERROR] LogOutputStream:75 - [STDERR_REDIRECT] [Fatal Error] :1:1: Premature end of file.
2026-05-14 13:40:54,028 [ERROR] LogOutputStream:75 - [STDERR_REDIRECT] 
2026-05-14 13:40:55,027 [ERROR] LogOutputStream:75 - [STDERR_REDIRECT] [Fatal Error] :1:1: Premature end of file.
2026-05-14 13:40:55,027 [ERROR] LogOutputStream:75 - [STDERR_REDIRECT] 
2026-05-14 13:40:56,029 [ERROR] LogOutputStream:75 - [STDERR_REDIRECT] [Fatal Error] :1:1: Premature end of file.
2026-05-14 13:40:56,029 [ERROR] LogOutputStream:75 - [STDERR_REDIRECT] 
2026-05-14 13:40:57,031 [ERROR] LogOutputStream:75 - [STDERR_REDIRECT] [Fatal Error] :1:1: Premature end of file.
2026-05-14 13:40:57,033 [ERROR] LogOutputStream:75 - [STDERR_REDIRECT] 
2026-05-14 13:40:58,027 [ERROR] LogOutputStream:75 - [STDERR_REDIRECT] [Fatal Error] :1:1: Premature end of file.
2026-05-14 13:40:58,028 [ERROR] LogOutputStream:75 - [STDERR_REDIRECT] 
2026-05-14 13:40:59,027 [ERROR] LogOutputStream:75 - [STDERR_REDIRECT] [Fatal Error] :1:1: Premature end of file.
2026-05-14 13:40:59,028 [ERROR] LogOutputStream:75 - [STDERR_REDIRECT] 
2026-05-14 13:41:00,030 [ERROR] LogOutputStream:75 - [STDERR_REDIRECT] [Fatal Error] :1:1: Premature end of file.
2026-05-14 13:41:00,030 [ERROR] LogOutputStream:75 - [STDERR_REDIRECT] 
2026-05-14 13:41:01,028 [ERROR] LogOutputStream:75 - [STDERR_REDIRECT] [Fatal Error] :1:1: Premature end of file.
2026-05-14 13:41:01,028 [ERROR] LogOutputStream:75 - [STDERR_REDIRECT] 
2026-05-14 13:41:02,027 [ERROR] LogOutputStream:75 - [STDERR_REDIRECT] [Fatal Error] :1:1: Premature end of file.
2026-05-14 13:41:02,027 [ERROR] LogOutputStream:75 - [STDERR_REDIRECT] 
2026-05-14 13:41:03,029 [ERROR] LogOutputStream:75 - [STDERR_REDIRECT] [Fatal Error] :1:1: Premature end of file.
2026-05-14 13:41:03,029 [ERROR] LogOutputStream:75 - [STDERR_REDIRECT] 
2026-05-14 13:41:04,029 [ERROR] LogOutputStream:75 - [STDERR_REDIRECT] [Fatal Error] :1:1: Premature end of file.
2026-05-14 13:41:04,029 [ERROR] LogOutputStream:75 - [STDERR_REDIRECT] 
2026-05-14 13:41:05,027 [ERROR] LogOutputStream:75 - [STDERR_REDIRECT] [Fatal Error] :1:1: Premature end of file.
2026-05-14 13:41:05,027 [ERROR] LogOutputStream:75 - [STDERR_REDIRECT] 
2026-05-14 13:41:06,029 [ERROR] LogOutputStream:75 - [STDERR_REDIRECT] [Fatal Error] :1:1: Premature end of file.
2026-05-14 13:41:06,029 [ERROR] LogOutputStream:75 - [STDERR_REDIRECT] 
2026-05-14 13:41:07,031 [ERROR] LogOutputStream:75 - [STDERR_REDIRECT] [Fatal Error] :1:1: Premature end of file.
2026-05-14 13:41:07,031 [ERROR] LogOutputStream:75 - [STDERR_REDIRECT] 
2026-05-14 13:41:08,029 [ERROR] LogOutputStream:75 - [STDERR_REDIRECT] [Fatal Error] :1:1: Premature end of file.
2026-05-14 13:41:08,030 [ERROR] LogOutputStream:75 - [STDERR_REDIRECT] 
2026-05-14 13:41:09,027 [ERROR] LogOutputStream:75 - [STDERR_REDIRECT] [Fatal Error] :1:1: Premature end of file.
2026-05-14 13:41:09,027 [ERROR] LogOutputStream:75 - [STDERR_REDIRECT] 
2026-05-14 13:41:10,029 [ERROR] LogOutputStream:75 - [STDERR_REDIRECT] [Fatal Error] :1:1: Premature end of file.
2026-05-14 13:41:10,029 [ERROR] LogOutputStream:75 - [STDERR_REDIRECT] 
2026-05-14 13:41:11,027 [ERROR] LogOutputStream:75 - [STDERR_REDIRECT] [Fatal Error] :1:1: Premature end of file.
2026-05-14 13:41:11,028 [ERROR] LogOutputStream:75 - [STDERR_REDIRECT] 
2026-05-14 13:41:12,028 [ERROR] LogOutputStream:75 - [STDERR_REDIRECT] [Fatal Error] :1:1: Premature end of file.
2026-05-14 13:41:12,028 [ERROR] LogOutputStream:75 - [STDERR_REDIRECT] 
2026-05-14 13:41:13,028 [ERROR] LogOutputStream:75 - [STDERR_REDIRECT] [Fatal Error] :1:1: Premature end of file.
2026-05-14 13:41:13,028 [ERROR] LogOutputStream:75 - [STDERR_REDIRECT] 
2026-05-14 13:41:14,029 [ERROR] LogOutputStream:75 - [STDERR_REDIRECT] [Fatal Error] :1:1: Premature end of file.
2026-05-14 13:41:14,029 [ERROR] LogOutputStream:75 - [STDERR_REDIRECT] 
2026-05-14 13:41:15,027 [ERROR] LogOutputStream:75 - [STDERR_REDIRECT] [Fatal Error] :1:1: Premature end of file.
2026-05-14 13:41:15,027 [ERROR] LogOutputStream:75 - [STDERR_REDIRECT] 
2026-05-14 13:41:16,028 [ERROR] LogOutputStream:75 - [STDERR_REDIRECT] [Fatal Error] :1:1: Premature end of file.
2026-05-14 13:41:16,028 [ERROR] LogOutputStream:75 - [STDERR_REDIRECT] 
2026-05-14 13:41:17,029 [ERROR] LogOutputStream:75 - [STDERR_REDIRECT] [Fatal Error] :1:1: Premature end of file.
2026-05-14 13:41:17,029 [ERROR] LogOutputStream:75 - [STDERR_REDIRECT] 
2026-05-14 13:41:18,029 [ERROR] LogOutputStream:75 - [STDERR_REDIRECT] [Fatal Error] :1:1: Premature end of file.
2026-05-14 13:41:18,029 [ERROR] LogOutputStream:75 - [STDERR_REDIRECT] 
2026-05-14 13:41:19,029 [ERROR] LogOutputStream:75 - [STDERR_REDIRECT] [Fatal Error] :1:1: Premature end of file.
2026-05-14 13:41:19,029 [ERROR] LogOutputStream:75 - [STDERR_REDIRECT] 
2026-05-14 13:41:20,028 [ERROR] LogOutputStream:75 - [STDERR_REDIRECT] [Fatal Error] :1:1: Premature end of file.
2026-05-14 13:41:20,028 [ERROR] LogOutputStream:75 - [STDERR_REDIRECT] 
2026-05-14 13:41:21,030 [ERROR] LogOutputStream:75 - [STDERR_REDIRECT] [Fatal Error] :1:1: Premature end of file.
2026-05-14 13:41:21,030 [ERROR] LogOutputStream:75 - [STDERR_REDIRECT] 
2026-05-14 13:41:22,029 [ERROR] LogOutputStream:75 - [STDERR_REDIRECT] [Fatal Error] :1:1: Premature end of file.
2026-05-14 13:41:22,029 [ERROR] LogOutputStream:75 - [STDERR_REDIRECT] 
2026-05-14 13:41:23,028 [ERROR] LogOutputStream:75 - [STDERR_REDIRECT] [Fatal Error] :1:1: Premature end of file.
2026-05-14 13:41:23,028 [ERROR] LogOutputStream:75 - [STDERR_REDIRECT] 
2026-05-14 13:41:24,028 [ERROR] LogOutputStream:75 - [STDERR_REDIRECT] [Fatal Error] :1:1: Premature end of file.
2026-05-14 13:41:24,028 [ERROR] LogOutputStream:75 - [STDERR_REDIRECT] 
2026-05-14 13:41:25,029 [ERROR] LogOutputStream:75 - [STDERR_REDIRECT] [Fatal Error] :1:1: Premature end of file.
2026-05-14 13:41:25,029 [ERROR] LogOutputStream:75 - [STDERR_REDIRECT] 
2026-05-14 13:41:26,030 [ERROR] LogOutputStream:75 - [STDERR_REDIRECT] [Fatal Error] :1:1: Premature end of file.
2026-05-14 13:41:26,030 [ERROR] LogOutputStream:75 - [STDERR_REDIRECT] 
2026-05-14 13:41:27,031 [ERROR] LogOutputStream:75 - [STDERR_REDIRECT] [Fatal Error] :1:1: Premature end of file.
2026-05-14 13:41:27,031 [ERROR] LogOutputStream:75 - [STDERR_REDIRECT] 
2026-05-14 13:41:28,030 [ERROR] LogOutputStream:75 - [STDERR_REDIRECT] [Fatal Error] :1:1: Premature end of file.
2026-05-14 13:41:28,030 [ERROR] LogOutputStream:75 - [STDERR_REDIRECT] 
2026-05-14 13:41:29,028 [ERROR] LogOutputStream:75 - [STDERR_REDIRECT] [Fatal Error] :1:1: Premature end of file.
2026-05-14 13:41:29,028 [ERROR] LogOutputStream:75 - [STDERR_REDIRECT] 
2026-05-14 13:41:30,031 [ERROR] LogOutputStream:75 - [STDERR_REDIRECT] [Fatal Error] :1:1: Premature end of file.
2026-05-14 13:41:30,031 [ERROR] LogOutputStream:75 - [STDERR_REDIRECT] 
2026-05-14 13:41:31,029 [ERROR] LogOutputStream:75 - [STDERR_REDIRECT] [Fatal Error] :1:1: Premature end of file.
2026-05-14 13:41:31,029 [ERROR] LogOutputStream:75 - [STDERR_REDIRECT] 
2026-05-14 13:41:32,030 [ERROR] LogOutputStream:75 - [STDERR_REDIRECT] [Fatal Error] :1:1: Premature end of file.
2026-05-14 13:41:32,030 [ERROR] LogOutputStream:75 - [STDERR_REDIRECT] 
2026-05-14 13:41:33,029 [ERROR] LogOutputStream:75 - [STDERR_REDIRECT] [Fatal Error] :1:1: Premature end of file.
2026-05-14 13:41:33,029 [ERROR] LogOutputStream:75 - [STDERR_REDIRECT] 
2026-05-14 13:41:34,033 [ERROR] LogOutputStream:75 - [STDERR_REDIRECT] [Fatal Error] :1:1: Premature end of file.
2026-05-14 13:41:34,033 [ERROR] LogOutputStream:75 - [STDERR_REDIRECT] 
2026-05-14 13:41:35,038 [ERROR] LogOutputStream:75 - [STDERR_REDIRECT] [Fatal Error] :1:1: Premature end of file.
2026-05-14 13:41:35,038 [ERROR] LogOutputStream:75 - [STDERR_REDIRECT] 
2026-05-14 13:41:36,031 [ERROR] LogOutputStream:75 - [STDERR_REDIRECT] [Fatal Error] :1:1: Premature end of file.
2026-05-14 13:41:36,031 [ERROR] LogOutputStream:75 - [STDERR_REDIRECT] 
2026-05-14 13:41:37,030 [ERROR] LogOutputStream:75 - [STDERR_REDIRECT] [Fatal Error] :1:1: Premature end of file.
2026-05-14 13:41:37,030 [ERROR] LogOutputStream:75 - [STDERR_REDIRECT] 
2026-05-14 13:41:38,026 [ERROR] LogOutputStream:75 - [STDERR_REDIRECT] [Fatal Error] :1:1: Premature end of file.
2026-05-14 13:41:38,027 [ERROR] LogOutputStream:75 - [STDERR_REDIRECT] 
2026-05-14 13:41:39,026 [ERROR] LogOutputStream:75 - [STDERR_REDIRECT] [Fatal Error] :1:1: Premature end of file.
2026-05-14 13:41:39,026 [ERROR] LogOutputStream:75 - [STDERR_REDIRECT] 
2026-05-14 13:41:40,028 [ERROR] LogOutputStream:75 - [STDERR_REDIRECT] [Fatal Error] :1:1: Premature end of file.
2026-05-14 13:41:40,028 [ERROR] LogOutputStream:75 - [STDERR_REDIRECT] 
2026-05-14 13:41:41,030 [ERROR] LogOutputStream:75 - [STDERR_REDIRECT] [Fatal Error] :1:1: Premature end of file.
2026-05-14 13:41:41,030 [ERROR] LogOutputStream:75 - [STDERR_REDIRECT] 
2026-05-14 13:41:42,029 [ERROR] LogOutputStream:75 - [STDERR_REDIRECT] [Fatal Error] :1:1: Premature end of file.
2026-05-14 13:41:42,029 [ERROR] LogOutputStream:75 - [STDERR_REDIRECT] 
2026-05-14 13:41:43,030 [ERROR] LogOutputStream:75 - [STDERR_REDIRECT] [Fatal Error] :1:1: Premature end of file.
2026-05-14 13:41:43,030 [ERROR] LogOutputStream:75 - [STDERR_REDIRECT] 
2026-05-14 13:41:44,029 [ERROR] LogOutputStream:75 - [STDERR_REDIRECT] [Fatal Error] :1:1: Premature end of file.
2026-05-14 13:41:44,029 [ERROR] LogOutputStream:75 - [STDERR_REDIRECT] 
2026-05-14 13:41:45,031 [ERROR] LogOutputStream:75 - [STDERR_REDIRECT] [Fatal Error] :1:1: Premature end of file.
2026-05-14 13:41:45,031 [ERROR] LogOutputStream:75 - [STDERR_REDIRECT] 
2026-05-14 13:41:46,028 [ERROR] LogOutputStream:75 - [STDERR_REDIRECT] [Fatal Error] :1:1: Premature end of file.
2026-05-14 13:41:46,028 [ERROR] LogOutputStream:75 - [STDERR_REDIRECT] 
2026-05-14 13:41:47,027 [ERROR] LogOutputStream:75 - [STDERR_REDIRECT] [Fatal Error] :1:1: Premature end of file.
2026-05-14 13:41:47,028 [ERROR] LogOutputStream:75 - [STDERR_REDIRECT] 
2026-05-14 13:41:48,032 [ERROR] LogOutputStream:75 - [STDERR_REDIRECT] [Fatal Error] :1:1: Premature end of file.
2026-05-14 13:41:48,032 [ERROR] LogOutputStream:75 - [STDERR_REDIRECT] 
2026-05-14 13:41:49,030 [ERROR] LogOutputStream:75 - [STDERR_REDIRECT] [Fatal Error] :1:1: Premature end of file.
2026-05-14 13:41:49,030 [ERROR] LogOutputStream:75 - [STDERR_REDIRECT] 
2026-05-14 13:41:50,027 [ERROR] LogOutputStream:75 - [STDERR_REDIRECT] [Fatal Error] :1:1: Premature end of file.
2026-05-14 13:41:50,027 [ERROR] LogOutputStream:75 - [STDERR_REDIRECT] 
2026-05-14 13:41:51,029 [ERROR] LogOutputStream:75 - [STDERR_REDIRECT] [Fatal Error] :1:1: Premature end of file.
2026-05-14 13:41:51,029 [ERROR] LogOutputStream:75 - [STDERR_REDIRECT] 
2026-05-14 13:41:52,030 [ERROR] LogOutputStream:75 - [STDERR_REDIRECT] [Fatal Error] :1:1: Premature end of file.
2026-05-14 13:41:52,030 [ERROR] LogOutputStream:75 - [STDERR_REDIRECT] 
2026-05-14 13:41:53,028 [ERROR] LogOutputStream:75 - [STDERR_REDIRECT] [Fatal Error] :1:1: Premature end of file.
2026-05-14 13:41:53,028 [ERROR] LogOutputStream:75 - [STDERR_REDIRECT] 
2026-05-14 13:41:54,030 [ERROR] LogOutputStream:75 - [STDERR_REDIRECT] [Fatal Error] :1:1: Premature end of file.
2026-05-14 13:41:54,030 [ERROR] LogOutputStream:75 - [STDERR_REDIRECT] 
2026-05-14 13:41:55,031 [ERROR] LogOutputStream:75 - [STDERR_REDIRECT] [Fatal Error] :1:1: Premature end of file.
2026-05-14 13:41:55,031 [ERROR] LogOutputStream:75 - [STDERR_REDIRECT] 
2026-05-14 13:41:56,029 [ERROR] LogOutputStream:75 - [STDERR_REDIRECT] [Fatal Error] :1:1: Premature end of file.
2026-05-14 13:41:56,029 [ERROR] LogOutputStream:75 - [STDERR_REDIRECT] 
2026-05-14 13:41:57,028 [ERROR] LogOutputStream:75 - [STDERR_REDIRECT] [Fatal Error] :1:1: Premature end of file.
2026-05-14 13:41:57,028 [ERROR] LogOutputStream:75 - [STDERR_REDIRECT] 
2026-05-14 13:41:58,029 [ERROR] LogOutputStream:75 - [STDERR_REDIRECT] [Fatal Error] :1:1: Premature end of file.
2026-05-14 13:41:58,029 [ERROR] LogOutputStream:75 - [STDERR_REDIRECT] 
2026-05-14 13:41:59,027 [ERROR] LogOutputStream:75 - [STDERR_REDIRECT] [Fatal Error] :1:1: Premature end of file.
2026-05-14 13:41:59,027 [ERROR] LogOutputStream:75 - [STDERR_REDIRECT] 
2026-05-14 13:42:00,027 [ERROR] LogOutputStream:75 - [STDERR_REDIRECT] [Fatal Error] :1:1: Premature end of file.
2026-05-14 13:42:00,027 [ERROR] LogOutputStream:75 - [STDERR_REDIRECT] 
2026-05-14 13:42:01,027 [ERROR] LogOutputStream:75 - [STDERR_REDIRECT] [Fatal Error] :1:1: Premature end of file.
2026-05-14 13:42:01,027 [ERROR] LogOutputStream:75 - [STDERR_REDIRECT] 
2026-05-14 13:42:02,027 [ERROR] LogOutputStream:75 - [STDERR_REDIRECT] [Fatal Error] :1:1: Premature end of file.
2026-05-14 13:42:02,027 [ERROR] LogOutputStream:75 - [STDERR_REDIRECT] 
2026-05-14 13:42:03,026 [ERROR] LogOutputStream:75 - [STDERR_REDIRECT] [Fatal Error] :1:1: Premature end of file.
2026-05-14 13:42:03,026 [ERROR] LogOutputStream:75 - [STDERR_REDIRECT] 
2026-05-14 13:42:04,026 [ERROR] LogOutputStream:75 - [STDERR_REDIRECT] [Fatal Error] :1:1: Premature end of file.
2026-05-14 13:42:04,026 [ERROR] LogOutputStream:75 - [STDERR_REDIRECT] 
2026-05-14 13:42:05,025 [ERROR] LogOutputStream:75 - [STDERR_REDIRECT] [Fatal Error] :1:1: Premature end of file.
2026-05-14 13:42:05,025 [ERROR] LogOutputStream:75 - [STDERR_REDIRECT] 
2026-05-14 13:42:06,027 [ERROR] LogOutputStream:75 - [STDERR_REDIRECT] [Fatal Error] :1:1: Premature end of file.
2026-05-14 13:42:06,027 [ERROR] LogOutputStream:75 - [STDERR_REDIRECT] 
2026-05-14 13:42:07,028 [ERROR] LogOutputStream:75 - [STDERR_REDIRECT] [Fatal Error] :1:1: Premature end of file.
2026-05-14 13:42:07,029 [ERROR] LogOutputStream:75 - [STDERR_REDIRECT] 
2026-05-14 13:42:08,028 [ERROR] LogOutputStream:75 - [STDERR_REDIRECT] [Fatal Error] :1:1: Premature end of file.
2026-05-14 13:42:08,028 [ERROR] LogOutputStream:75 - [STDERR_REDIRECT] 
2026-05-14 13:42:09,029 [ERROR] LogOutputStream:75 - [STDERR_REDIRECT] [Fatal Error] :1:1: Premature end of file.
2026-05-14 13:42:09,029 [ERROR] LogOutputStream:75 - [STDERR_REDIRECT] 
2026-05-14 13:42:10,028 [ERROR] LogOutputStream:75 - [STDERR_REDIRECT] [Fatal Error] :1:1: Premature end of file.
2026-05-14 13:42:10,029 [ERROR] LogOutputStream:75 - [STDERR_REDIRECT] 
2026-05-14 13:42:11,027 [ERROR] LogOutputStream:75 - [STDERR_REDIRECT] [Fatal Error] :1:1: Premature end of file.
2026-05-14 13:42:11,028 [ERROR] LogOutputStream:75 - [STDERR_REDIRECT] 
2026-05-14 13:42:12,030 [ERROR] LogOutputStream:75 - [STDERR_REDIRECT] [Fatal Error] :1:1: Premature end of file.
2026-05-14 13:42:12,030 [ERROR] LogOutputStream:75 - [STDERR_REDIRECT] 
2026-05-14 13:42:13,027 [ERROR] LogOutputStream:75 - [STDERR_REDIRECT] [Fatal Error] :1:1: Premature end of file.
2026-05-14 13:42:13,027 [ERROR] LogOutputStream:75 - [STDERR_REDIRECT] 
2026-05-14 13:42:14,028 [ERROR] LogOutputStream:75 - [STDERR_REDIRECT] [Fatal Error] :1:1: Premature end of file.
2026-05-14 13:42:14,029 [ERROR] LogOutputStream:75 - [STDERR_REDIRECT] 
2026-05-14 13:42:15,032 [ERROR] LogOutputStream:75 - [STDERR_REDIRECT] [Fatal Error] :1:1: Premature end of file.
2026-05-14 13:42:15,032 [ERROR] LogOutputStream:75 - [STDERR_REDIRECT] 
2026-05-14 13:42:16,028 [ERROR] LogOutputStream:75 - [STDERR_REDIRECT] [Fatal Error] :1:1: Premature end of file.
2026-05-14 13:42:16,028 [ERROR] LogOutputStream:75 - [STDERR_REDIRECT] 
2026-05-14 13:42:17,030 [ERROR] LogOutputStream:75 - [STDERR_REDIRECT] [Fatal Error] :1:1: Premature end of file.
2026-05-14 13:42:17,031 [ERROR] LogOutputStream:75 - [STDERR_REDIRECT] 
2026-05-14 13:42:18,030 [ERROR] LogOutputStream:75 - [STDERR_REDIRECT] [Fatal Error] :1:1: Premature end of file.
2026-05-14 13:42:18,030 [ERROR] LogOutputStream:75 - [STDERR_REDIRECT] 
2026-05-14 13:42:19,031 [ERROR] LogOutputStream:75 - [STDERR_REDIRECT] [Fatal Error] :1:1: Premature end of file.
2026-05-14 13:42:19,031 [ERROR] LogOutputStream:75 - [STDERR_REDIRECT] 
2026-05-14 13:42:20,031 [ERROR] LogOutputStream:75 - [STDERR_REDIRECT] [Fatal Error] :1:1: Premature end of file.
2026-05-14 13:42:20,031 [ERROR] LogOutputStream:75 - [STDERR_REDIRECT] 
2026-05-14 13:42:21,029 [ERROR] LogOutputStream:75 - [STDERR_REDIRECT] [Fatal Error] :1:1: Premature end of file.
2026-05-14 13:42:21,029 [ERROR] LogOutputStream:75 - [STDERR_REDIRECT] 
2026-05-14 13:42:22,027 [ERROR] LogOutputStream:75 - [STDERR_REDIRECT] [Fatal Error] :1:1: Premature end of file.
2026-05-14 13:42:22,027 [ERROR] LogOutputStream:75 - [STDERR_REDIRECT] 
2026-05-14 13:42:23,027 [ERROR] LogOutputStream:75 - [STDERR_REDIRECT] [Fatal Error] :1:1: Premature end of file.
2026-05-14 13:42:23,027 [ERROR] LogOutputStream:75 - [STDERR_REDIRECT] 
2026-05-14 13:42:24,028 [ERROR] LogOutputStream:75 - [STDERR_REDIRECT] [Fatal Error] :1:1: Premature end of file.
2026-05-14 13:42:24,028 [ERROR] LogOutputStream:75 - [STDERR_REDIRECT] 
2026-05-14 13:42:25,029 [ERROR] LogOutputStream:75 - [STDERR_REDIRECT] [Fatal Error] :1:1: Premature end of file.
2026-05-14 13:42:25,029 [ERROR] LogOutputStream:75 - [STDERR_REDIRECT] 
2026-05-14 13:42:26,030 [ERROR] LogOutputStream:75 - [STDERR_REDIRECT] [Fatal Error] :1:1: Premature end of file.
2026-05-14 13:42:26,030 [ERROR] LogOutputStream:75 - [STDERR_REDIRECT] 
2026-05-14 13:42:27,029 [ERROR] LogOutputStream:75 - [STDERR_REDIRECT] [Fatal Error] :1:1: Premature end of file.
2026-05-14 13:42:27,029 [ERROR] LogOutputStream:75 - [STDERR_REDIRECT] 
2026-05-14 13:42:28,030 [ERROR] LogOutputStream:75 - [STDERR_REDIRECT] [Fatal Error] :1:1: Premature end of file.
2026-05-14 13:42:28,030 [ERROR] LogOutputStream:75 - [STDERR_REDIRECT] 
2026-05-14 13:42:29,028 [ERROR] LogOutputStream:75 - [STDERR_REDIRECT] [Fatal Error] :1:1: Premature end of file.
2026-05-14 13:42:29,028 [ERROR] LogOutputStream:75 - [STDERR_REDIRECT] 
2026-05-14 13:42:30,027 [ERROR] LogOutputStream:75 - [STDERR_REDIRECT] [Fatal Error] :1:1: Premature end of file.
2026-05-14 13:42:30,027 [ERROR] LogOutputStream:75 - [STDERR_REDIRECT] 
2026-05-14 13:42:31,028 [ERROR] LogOutputStream:75 - [STDERR_REDIRECT] [Fatal Error] :1:1: Premature end of file.
2026-05-14 13:42:31,028 [ERROR] LogOutputStream:75 - [STDERR_REDIRECT] 
2026-05-14 13:42:32,029 [ERROR] LogOutputStream:75 - [STDERR_REDIRECT] [Fatal Error] :1:1: Premature end of file.
2026-05-14 13:42:32,029 [ERROR] LogOutputStream:75 - [STDERR_REDIRECT] 
2026-05-14 13:42:33,025 [ERROR] LogOutputStream:75 - [STDERR_REDIRECT] [Fatal Error] :1:1: Premature end of file.
2026-05-14 13:42:33,026 [ERROR] LogOutputStream:75 - [STDERR_REDIRECT] 
2026-05-14 13:42:34,027 [ERROR] LogOutputStream:75 - [STDERR_REDIRECT] [Fatal Error] :1:1: Premature end of file.
2026-05-14 13:42:34,028 [ERROR] LogOutputStream:75 - [STDERR_REDIRECT] 
2026-05-14 13:42:35,026 [ERROR] LogOutputStream:75 - [STDERR_REDIRECT] [Fatal Error] :1:1: Premature end of file.
2026-05-14 13:42:35,026 [ERROR] LogOutputStream:75 - [STDERR_REDIRECT] 
2026-05-14 13:42:36,027 [ERROR] LogOutputStream:75 - [STDERR_REDIRECT] [Fatal Error] :1:1: Premature end of file.
2026-05-14 13:42:36,027 [ERROR] LogOutputStream:75 - [STDERR_REDIRECT] 
2026-05-14 13:42:37,028 [ERROR] LogOutputStream:75 - [STDERR_REDIRECT] [Fatal Error] :1:1: Premature end of file.
2026-05-14 13:42:37,029 [ERROR] LogOutputStream:75 - [STDERR_REDIRECT] 
2026-05-14 13:42:38,029 [ERROR] LogOutputStream:75 - [STDERR_REDIRECT] [Fatal Error] :1:1: Premature end of file.
2026-05-14 13:42:38,029 [ERROR] LogOutputStream:75 - [STDERR_REDIRECT] 
2026-05-14 13:42:39,029 [ERROR] LogOutputStream:75 - [STDERR_REDIRECT] [Fatal Error] :1:1: Premature end of file.
2026-05-14 13:42:39,030 [ERROR] LogOutputStream:75 - [STDERR_REDIRECT] 
2026-05-14 13:42:40,029 [ERROR] LogOutputStream:75 - [STDERR_REDIRECT] [Fatal Error] :1:1: Premature end of file.
2026-05-14 13:42:40,031 [ERROR] LogOutputStream:75 - [STDERR_REDIRECT] 
2026-05-14 13:42:41,027 [ERROR] LogOutputStream:75 - [STDERR_REDIRECT] [Fatal Error] :1:1: Premature end of file.
2026-05-14 13:42:41,027 [ERROR] LogOutputStream:75 - [STDERR_REDIRECT] 
2026-05-14 13:42:42,027 [ERROR] LogOutputStream:75 - [STDERR_REDIRECT] [Fatal Error] :1:1: Premature end of file.
2026-05-14 13:42:42,027 [ERROR] LogOutputStream:75 - [STDERR_REDIRECT] 
2026-05-14 13:42:43,028 [ERROR] LogOutputStream:75 - [STDERR_REDIRECT] [Fatal Error] :1:1: Premature end of file.
2026-05-14 13:42:43,028 [ERROR] LogOutputStream:75 - [STDERR_REDIRECT] 
2026-05-14 13:42:44,026 [ERROR] LogOutputStream:75 - [STDERR_REDIRECT] [Fatal Error] :1:1: Premature end of file.
2026-05-14 13:42:44,026 [ERROR] LogOutputStream:75 - [STDERR_REDIRECT] 
2026-05-14 13:42:45,027 [ERROR] LogOutputStream:75 - [STDERR_REDIRECT] [Fatal Error] :1:1: Premature end of file.
2026-05-14 13:42:45,027 [ERROR] LogOutputStream:75 - [STDERR_REDIRECT] 
2026-05-14 13:42:46,031 [ERROR] LogOutputStream:75 - [STDERR_REDIRECT] [Fatal Error] :1:1: Premature end of file.
2026-05-14 13:42:46,031 [ERROR] LogOutputStream:75 - [STDERR_REDIRECT] 
2026-05-14 13:42:47,027 [ERROR] LogOutputStream:75 - [STDERR_REDIRECT] [Fatal Error] :1:1: Premature end of file.
2026-05-14 13:42:47,027 [ERROR] LogOutputStream:75 - [STDERR_REDIRECT] 
2026-05-14 13:42:48,028 [ERROR] LogOutputStream:75 - [STDERR_REDIRECT] [Fatal Error] :1:1: Premature end of file.
2026-05-14 13:42:48,028 [ERROR] LogOutputStream:75 - [STDERR_REDIRECT] 
2026-05-14 13:42:49,028 [ERROR] LogOutputStream:75 - [STDERR_REDIRECT] [Fatal Error] :1:1: Premature end of file.
2026-05-14 13:42:49,028 [ERROR] LogOutputStream:75 - [STDERR_REDIRECT] 
2026-05-14 13:42:50,028 [ERROR] LogOutputStream:75 - [STDERR_REDIRECT] [Fatal Error] :1:1: Premature end of file.
2026-05-14 13:42:50,028 [ERROR] LogOutputStream:75 - [STDERR_REDIRECT] 
2026-05-14 13:42:51,026 [ERROR] LogOutputStream:75 - [STDERR_REDIRECT] [Fatal Error] :1:1: Premature end of file.
2026-05-14 13:42:51,026 [ERROR] LogOutputStream:75 - [STDERR_REDIRECT] 
2026-05-14 13:42:52,026 [ERROR] LogOutputStream:75 - [STDERR_REDIRECT] [Fatal Error] :1:1: Premature end of file.
2026-05-14 13:42:52,026 [ERROR] LogOutputStream:75 - [STDERR_REDIRECT] 
2026-05-14 13:42:53,026 [ERROR] LogOutputStream:75 - [STDERR_REDIRECT] [Fatal Error] :1:1: Premature end of file.
2026-05-14 13:42:53,026 [ERROR] LogOutputStream:75 - [STDERR_REDIRECT] 
2026-05-14 13:42:54,028 [ERROR] LogOutputStream:75 - [STDERR_REDIRECT] [Fatal Error] :1:1: Premature end of file.
2026-05-14 13:42:54,028 [ERROR] LogOutputStream:75 - [STDERR_REDIRECT] 
2026-05-14 13:42:55,025 [ERROR] LogOutputStream:75 - [STDERR_REDIRECT] [Fatal Error] :1:1: Premature end of file.
2026-05-14 13:42:55,025 [ERROR] LogOutputStream:75 - [STDERR_REDIRECT] 
2026-05-14 13:42:56,027 [ERROR] LogOutputStream:75 - [STDERR_REDIRECT] [Fatal Error] :1:1: Premature end of file.
2026-05-14 13:42:56,027 [ERROR] LogOutputStream:75 - [STDERR_REDIRECT] 
2026-05-14 13:42:57,032 [ERROR] LogOutputStream:75 - [STDERR_REDIRECT] [Fatal Error] :1:1: Premature end of file.
2026-05-14 13:42:57,032 [ERROR] LogOutputStream:75 - [STDERR_REDIRECT] 
2026-05-14 13:42:58,028 [ERROR] LogOutputStream:75 - [STDERR_REDIRECT] [Fatal Error] :1:1: Premature end of file.
2026-05-14 13:42:58,028 [ERROR] LogOutputStream:75 - [STDERR_REDIRECT] 
2026-05-14 13:42:59,032 [ERROR] LogOutputStream:75 - [STDERR_REDIRECT] [Fatal Error] :1:1: Premature end of file.
2026-05-14 13:42:59,032 [ERROR] LogOutputStream:75 - [STDERR_REDIRECT] 
2026-05-14 13:43:00,031 [ERROR] LogOutputStream:75 - [STDERR_REDIRECT] [Fatal Error] :1:1: Premature end of file.
2026-05-14 13:43:00,031 [ERROR] LogOutputStream:75 - [STDERR_REDIRECT] 
2026-05-14 13:43:01,025 [ERROR] LogOutputStream:75 - [STDERR_REDIRECT] [Fatal Error] :1:1: Premature end of file.
2026-05-14 13:43:01,025 [ERROR] LogOutputStream:75 - [STDERR_REDIRECT] 
2026-05-14 13:43:02,028 [ERROR] LogOutputStream:75 - [STDERR_REDIRECT] [Fatal Error] :1:1: Premature end of file.
2026-05-14 13:43:02,028 [ERROR] LogOutputStream:75 - [STDERR_REDIRECT] 
2026-05-14 13:43:03,026 [ERROR] LogOutputStream:75 - [STDERR_REDIRECT] [Fatal Error] :1:1: Premature end of file.
2026-05-14 13:43:03,026 [ERROR] LogOutputStream:75 - [STDERR_REDIRECT] 
2026-05-14 13:43:04,028 [ERROR] LogOutputStream:75 - [STDERR_REDIRECT] [Fatal Error] :1:1: Premature end of file.
2026-05-14 13:43:04,029 [ERROR] LogOutputStream:75 - [STDERR_REDIRECT] 
2026-05-14 13:43:05,029 [ERROR] LogOutputStream:75 - [STDERR_REDIRECT] [Fatal Error] :1:1: Premature end of file.
2026-05-14 13:43:05,029 [ERROR] LogOutputStream:75 - [STDERR_REDIRECT] 
2026-05-14 13:43:06,028 [ERROR] LogOutputStream:75 - [STDERR_REDIRECT] [Fatal Error] :1:1: Premature end of file.
2026-05-14 13:43:06,028 [ERROR] LogOutputStream:75 - [STDERR_REDIRECT] 
2026-05-14 13:43:07,028 [ERROR] LogOutputStream:75 - [STDERR_REDIRECT] [Fatal Error] :1:1: Premature end of file.
2026-05-14 13:43:07,028 [ERROR] LogOutputStream:75 - [STDERR_REDIRECT] 
2026-05-14 13:43:08,027 [ERROR] LogOutputStream:75 - [STDERR_REDIRECT] [Fatal Error] :1:1: Premature end of file.
2026-05-14 13:43:08,027 [ERROR] LogOutputStream:75 - [STDERR_REDIRECT] 
2026-05-14 13:43:09,028 [ERROR] LogOutputStream:75 - [STDERR_REDIRECT] [Fatal Error] :1:1: Premature end of file.
2026-05-14 13:43:09,028 [ERROR] LogOutputStream:75 - [STDERR_REDIRECT] 
2026-05-14 13:43:10,026 [ERROR] LogOutputStream:75 - [STDERR_REDIRECT] [Fatal Error] :1:1: Premature end of file.
2026-05-14 13:43:10,026 [ERROR] LogOutputStream:75 - [STDERR_REDIRECT] 
2026-05-14 13:43:11,029 [ERROR] LogOutputStream:75 - [STDERR_REDIRECT] [Fatal Error] :1:1: Premature end of file.
2026-05-14 13:43:11,029 [ERROR] LogOutputStream:75 - [STDERR_REDIRECT] 
2026-05-14 13:43:12,025 [ERROR] LogOutputStream:75 - [STDERR_REDIRECT] [Fatal Error] :1:1: Premature end of file.
2026-05-14 13:43:12,027 [ERROR] LogOutputStream:75 - [STDERR_REDIRECT] 
2026-05-14 13:43:13,028 [ERROR] LogOutputStream:75 - [STDERR_REDIRECT] [Fatal Error] :1:1: Premature end of file.
2026-05-14 13:43:13,028 [ERROR] LogOutputStream:75 - [STDERR_REDIRECT] 
2026-05-14 13:43:14,029 [ERROR] LogOutputStream:75 - [STDERR_REDIRECT] [Fatal Error] :1:1: Premature end of file.
2026-05-14 13:43:14,029 [ERROR] LogOutputStream:75 - [STDERR_REDIRECT] 
2026-05-14 13:43:15,027 [ERROR] LogOutputStream:75 - [STDERR_REDIRECT] [Fatal Error] :1:1: Premature end of file.
2026-05-14 13:43:15,028 [ERROR] LogOutputStream:75 - [STDERR_REDIRECT] 
2026-05-14 13:43:16,026 [ERROR] LogOutputStream:75 - [STDERR_REDIRECT] [Fatal Error] :1:1: Premature end of file.
2026-05-14 13:43:16,027 [ERROR] LogOutputStream:75 - [STDERR_REDIRECT] 
2026-05-14 13:43:17,031 [ERROR] LogOutputStream:75 - [STDERR_REDIRECT] [Fatal Error] :1:1: Premature end of file.
2026-05-14 13:43:17,031 [ERROR] LogOutputStream:75 - [STDERR_REDIRECT] 
2026-05-14 13:43:18,030 [ERROR] LogOutputStream:75 - [STDERR_REDIRECT] [Fatal Error] :1:1: Premature end of file.
2026-05-14 13:43:18,030 [ERROR] LogOutputStream:75 - [STDERR_REDIRECT] 
2026-05-14 13:43:19,029 [ERROR] LogOutputStream:75 - [STDERR_REDIRECT] [Fatal Error] :1:1: Premature end of file.
2026-05-14 13:43:19,030 [ERROR] LogOutputStream:75 - [STDERR_REDIRECT] 
2026-05-14 13:43:20,031 [ERROR] LogOutputStream:75 - [STDERR_REDIRECT] [Fatal Error] :1:1: Premature end of file.
2026-05-14 13:43:20,031 [ERROR] LogOutputStream:75 - [STDERR_REDIRECT] 
2026-05-14 13:43:21,030 [ERROR] LogOutputStream:75 - [STDERR_REDIRECT] [Fatal Error] :1:1: Premature end of file.
2026-05-14 13:43:21,030 [ERROR] LogOutputStream:75 - [STDERR_REDIRECT] 
2026-05-14 13:43:22,028 [ERROR] LogOutputStream:75 - [STDERR_REDIRECT] [Fatal Error] :1:1: Premature end of file.
2026-05-14 13:43:22,028 [ERROR] LogOutputStream:75 - [STDERR_REDIRECT] 
2026-05-14 13:43:23,029 [ERROR] LogOutputStream:75 - [STDERR_REDIRECT] [Fatal Error] :1:1: Premature end of file.
2026-05-14 13:43:23,029 [ERROR] LogOutputStream:75 - [STDERR_REDIRECT] 
2026-05-14 13:43:24,024 [ERROR] LogOutputStream:75 - [STDERR_REDIRECT] [Fatal Error] :1:1: Premature end of file.
2026-05-14 13:43:24,024 [ERROR] LogOutputStream:75 - [STDERR_REDIRECT] 
2026-05-14 13:43:25,031 [ERROR] LogOutputStream:75 - [STDERR_REDIRECT] [Fatal Error] :1:1: Premature end of file.
2026-05-14 13:43:25,031 [ERROR] LogOutputStream:75 - [STDERR_REDIRECT] 
2026-05-14 13:43:26,028 [ERROR] LogOutputStream:75 - [STDERR_REDIRECT] [Fatal Error] :1:1: Premature end of file.
2026-05-14 13:43:26,028 [ERROR] LogOutputStream:75 - [STDERR_REDIRECT] 
2026-05-14 13:43:27,029 [ERROR] LogOutputStream:75 - [STDERR_REDIRECT] [Fatal Error] :1:1: Premature end of file.
2026-05-14 13:43:27,029 [ERROR] LogOutputStream:75 - [STDERR_REDIRECT] 
2026-05-14 13:43:28,029 [ERROR] LogOutputStream:75 - [STDERR_REDIRECT] [Fatal Error] :1:1: Premature end of file.
2026-05-14 13:43:28,029 [ERROR] LogOutputStream:75 - [STDERR_REDIRECT] 
2026-05-14 13:43:29,028 [ERROR] LogOutputStream:75 - [STDERR_REDIRECT] [Fatal Error] :1:1: Premature end of file.
2026-05-14 13:43:29,029 [ERROR] LogOutputStream:75 - [STDERR_REDIRECT] 
2026-05-14 13:43:30,031 [ERROR] LogOutputStream:75 - [STDERR_REDIRECT] [Fatal Error] :1:1: Premature end of file.
2026-05-14 13:43:30,031 [ERROR] LogOutputStream:75 - [STDERR_REDIRECT] 
2026-05-14 13:43:31,029 [ERROR] LogOutputStream:75 - [STDERR_REDIRECT] [Fatal Error] :1:1: Premature end of file.
2026-05-14 13:43:31,029 [ERROR] LogOutputStream:75 - [STDERR_REDIRECT] 
2026-05-14 13:43:32,028 [ERROR] LogOutputStream:75 - [STDERR_REDIRECT] [Fatal Error] :1:1: Premature end of file.
2026-05-14 13:43:32,029 [ERROR] LogOutputStream:75 - [STDERR_REDIRECT] 
2026-05-14 13:43:33,027 [ERROR] LogOutputStream:75 - [STDERR_REDIRECT] [Fatal Error] :1:1: Premature end of file.
2026-05-14 13:43:33,027 [ERROR] LogOutputStream:75 - [STDERR_REDIRECT] 
2026-05-14 13:43:34,029 [ERROR] LogOutputStream:75 - [STDERR_REDIRECT] [Fatal Error] :1:1: Premature end of file.
2026-05-14 13:43:34,029 [ERROR] LogOutputStream:75 - [STDERR_REDIRECT] 
2026-05-14 13:43:35,027 [ERROR] LogOutputStream:75 - [STDERR_REDIRECT] [Fatal Error] :1:1: Premature end of file.
2026-05-14 13:43:35,027 [ERROR] LogOutputStream:75 - [STDERR_REDIRECT] 
2026-05-14 13:43:36,028 [ERROR] LogOutputStream:75 - [STDERR_REDIRECT] [Fatal Error] :1:1: Premature end of file.
2026-05-14 13:43:36,028 [ERROR] LogOutputStream:75 - [STDERR_REDIRECT] 
2026-05-14 13:43:37,029 [ERROR] LogOutputStream:75 - [STDERR_REDIRECT] [Fatal Error] :1:1: Premature end of file.
2026-05-14 13:43:37,029 [ERROR] LogOutputStream:75 - [STDERR_REDIRECT] 
2026-05-14 13:43:38,029 [ERROR] LogOutputStream:75 - [STDERR_REDIRECT] [Fatal Error] :1:1: Premature end of file.
2026-05-14 13:43:38,029 [ERROR] LogOutputStream:75 - [STDERR_REDIRECT] 
2026-05-14 13:43:39,030 [ERROR] LogOutputStream:75 - [STDERR_REDIRECT] [Fatal Error] :1:1: Premature end of file.
2026-05-14 13:43:39,030 [ERROR] LogOutputStream:75 - [STDERR_REDIRECT] 
2026-05-14 13:43:40,024 [ERROR] LogOutputStream:75 - [STDERR_REDIRECT] [Fatal Error] :1:1: Premature end of file.
2026-05-14 13:43:40,024 [ERROR] LogOutputStream:75 - [STDERR_REDIRECT] 
2026-05-14 13:43:41,028 [ERROR] LogOutputStream:75 - [STDERR_REDIRECT] [Fatal Error] :1:1: Premature end of file.
2026-05-14 13:43:41,028 [ERROR] LogOutputStream:75 - [STDERR_REDIRECT] 
2026-05-14 13:43:42,053 [ERROR] LogOutputStream:75 - [STDERR_REDIRECT] [Fatal Error] :1:1: Premature end of file.
2026-05-14 13:43:42,053 [ERROR] LogOutputStream:75 - [STDERR_REDIRECT] 
2026-05-14 13:43:43,027 [ERROR] LogOutputStream:75 - [STDERR_REDIRECT] [Fatal Error] :1:1: Premature end of file.
2026-05-14 13:43:43,027 [ERROR] LogOutputStream:75 - [STDERR_REDIRECT] 
2026-05-14 13:43:44,035 [ERROR] LogOutputStream:75 - [STDERR_REDIRECT] [Fatal Error] :1:1: Premature end of file.
2026-05-14 13:43:44,035 [ERROR] LogOutputStream:75 - [STDERR_REDIRECT] 
2026-05-14 13:43:45,031 [ERROR] LogOutputStream:75 - [STDERR_REDIRECT] [Fatal Error] :1:1: Premature end of file.
2026-05-14 13:43:45,031 [ERROR] LogOutputStream:75 - [STDERR_REDIRECT] 
2026-05-14 13:43:46,033 [ERROR] LogOutputStream:75 - [STDERR_REDIRECT] [Fatal Error] :1:1: Premature end of file.
2026-05-14 13:43:46,033 [ERROR] LogOutputStream:75 - [STDERR_REDIRECT] 
2026-05-14 13:43:47,038 [ERROR] LogOutputStream:75 - [STDERR_REDIRECT] [Fatal Error] :1:1: Premature end of file.
2026-05-14 13:43:47,038 [ERROR] LogOutputStream:75 - [STDERR_REDIRECT] 
2026-05-14 13:43:48,038 [ERROR] LogOutputStream:75 - [STDERR_REDIRECT] [Fatal Error] :1:1: Premature end of file.
2026-05-14 13:43:48,038 [ERROR] LogOutputStream:75 - [STDERR_REDIRECT] 
2026-05-14 13:43:49,036 [ERROR] LogOutputStream:75 - [STDERR_REDIRECT] [Fatal Error] :1:1: Premature end of file.
2026-05-14 13:43:49,038 [ERROR] LogOutputStream:75 - [STDERR_REDIRECT] 
2026-05-14 13:43:50,039 [ERROR] LogOutputStream:75 - [STDERR_REDIRECT] [Fatal Error] :1:1: Premature end of file.
2026-05-14 13:43:50,039 [ERROR] LogOutputStream:75 - [STDERR_REDIRECT] 
2026-05-14 13:43:51,039 [ERROR] LogOutputStream:75 - [STDERR_REDIRECT] [Fatal Error] :1:1: Premature end of file.
2026-05-14 13:43:51,039 [ERROR] LogOutputStream:75 - [STDERR_REDIRECT] 
2026-05-14 13:43:52,045 [ERROR] LogOutputStream:75 - [STDERR_REDIRECT] [Fatal Error] :1:1: Premature end of file.
2026-05-14 13:43:52,045 [ERROR] LogOutputStream:75 - [STDERR_REDIRECT] 
2026-05-14 13:43:53,037 [ERROR] LogOutputStream:75 - [STDERR_REDIRECT] [Fatal Error] :1:1: Premature end of file.
2026-05-14 13:43:53,037 [ERROR] LogOutputStream:75 - [STDERR_REDIRECT] 
2026-05-14 13:43:54,030 [ERROR] LogOutputStream:75 - [STDERR_REDIRECT] [Fatal Error] :1:1: Premature end of file.
2026-05-14 13:43:54,030 [ERROR] LogOutputStream:75 - [STDERR_REDIRECT] 
2026-05-14 13:43:55,028 [ERROR] LogOutputStream:75 - [STDERR_REDIRECT] [Fatal Error] :1:1: Premature end of file.
2026-05-14 13:43:55,028 [ERROR] LogOutputStream:75 - [STDERR_REDIRECT] 
2026-05-14 13:43:56,025 [ERROR] LogOutputStream:75 - [STDERR_REDIRECT] [Fatal Error] :1:1: Premature end of file.
2026-05-14 13:43:56,025 [ERROR] LogOutputStream:75 - [STDERR_REDIRECT] 
2026-05-14 13:43:57,034 [ERROR] LogOutputStream:75 - [STDERR_REDIRECT] [Fatal Error] :1:1: Premature end of file.
2026-05-14 13:43:57,034 [ERROR] LogOutputStream:75 - [STDERR_REDIRECT] 
2026-05-14 13:43:58,036 [ERROR] LogOutputStream:75 - [STDERR_REDIRECT] [Fatal Error] :1:1: Premature end of file.
2026-05-14 13:43:58,036 [ERROR] LogOutputStream:75 - [STDERR_REDIRECT] 
2026-05-14 13:43:59,038 [ERROR] LogOutputStream:75 - [STDERR_REDIRECT] [Fatal Error] :1:1: Premature end of file.
2026-05-14 13:43:59,038 [ERROR] LogOutputStream:75 - [STDERR_REDIRECT] 
2026-05-14 13:44:00,037 [ERROR] LogOutputStream:75 - [STDERR_REDIRECT] [Fatal Error] :1:1: Premature end of file.
2026-05-14 13:44:00,037 [ERROR] LogOutputStream:75 - [STDERR_REDIRECT] 
2026-05-14 13:44:01,039 [ERROR] LogOutputStream:75 - [STDERR_REDIRECT] [Fatal Error] :1:1: Premature end of file.
2026-05-14 13:44:01,039 [ERROR] LogOutputStream:75 - [STDERR_REDIRECT] 
2026-05-14 13:44:02,039 [ERROR] LogOutputStream:75 - [STDERR_REDIRECT] [Fatal Error] :1:1: Premature end of file.
2026-05-14 13:44:02,039 [ERROR] LogOutputStream:75 - [STDERR_REDIRECT] 
2026-05-14 13:44:03,039 [ERROR] LogOutputStream:75 - [STDERR_REDIRECT] [Fatal Error] :1:1: Premature end of file.
2026-05-14 13:44:03,039 [ERROR] LogOutputStream:75 - [STDERR_REDIRECT] 
2026-05-14 13:44:04,028 [ERROR] LogOutputStream:75 - [STDERR_REDIRECT] [Fatal Error] :1:1: Premature end of file.
2026-05-14 13:44:04,028 [ERROR] LogOutputStream:75 - [STDERR_REDIRECT] 
2026-05-14 13:44:05,044 [ERROR] LogOutputStream:75 - [STDERR_REDIRECT] [Fatal Error] :1:1: Premature end of file.
2026-05-14 13:44:05,044 [ERROR] LogOutputStream:75 - [STDERR_REDIRECT] 
2026-05-14 13:44:06,050 [ERROR] LogOutputStream:75 - [STDERR_REDIRECT] [Fatal Error] :1:1: Premature end of file.
2026-05-14 13:44:06,050 [ERROR] LogOutputStream:75 - [STDERR_REDIRECT] 
2026-05-14 13:44:07,045 [ERROR] LogOutputStream:75 - [STDERR_REDIRECT] [Fatal Error] :1:1: Premature end of file.
2026-05-14 13:44:07,045 [ERROR] LogOutputStream:75 - [STDERR_REDIRECT] 
2026-05-14 13:44:08,040 [ERROR] LogOutputStream:75 - [STDERR_REDIRECT] [Fatal Error] :1:1: Premature end of file.
2026-05-14 13:44:08,040 [ERROR] LogOutputStream:75 - [STDERR_REDIRECT] 
2026-05-14 13:44:09,050 [ERROR] LogOutputStream:75 - [STDERR_REDIRECT] [Fatal Error] :1:1: Premature end of file.
2026-05-14 13:44:09,050 [ERROR] LogOutputStream:75 - [STDERR_REDIRECT] 
2026-05-14 13:44:10,055 [ERROR] LogOutputStream:75 - [STDERR_REDIRECT] [Fatal Error] :1:1: Premature end of file.
2026-05-14 13:44:10,057 [ERROR] LogOutputStream:75 - [STDERR_REDIRECT] 
2026-05-14 13:44:11,054 [ERROR] LogOutputStream:75 - [STDERR_REDIRECT] [Fatal Error] :1:1: Premature end of file.
2026-05-14 13:44:11,054 [ERROR] LogOutputStream:75 - [STDERR_REDIRECT] 
2026-05-14 13:44:12,058 [ERROR] LogOutputStream:75 - [STDERR_REDIRECT] [Fatal Error] :1:1: Premature end of file.
2026-05-14 13:44:12,058 [ERROR] LogOutputStream:75 - [STDERR_REDIRECT] 
2026-05-14 13:44:13,047 [ERROR] LogOutputStream:75 - [STDERR_REDIRECT] [Fatal Error] :1:1: Premature end of file.
2026-05-14 13:44:13,047 [ERROR] LogOutputStream:75 - [STDERR_REDIRECT] 
2026-05-14 13:44:14,050 [ERROR] LogOutputStream:75 - [STDERR_REDIRECT] [Fatal Error] :1:1: Premature end of file.
2026-05-14 13:44:14,050 [ERROR] LogOutputStream:75 - [STDERR_REDIRECT] 
2026-05-14 13:44:15,040 [ERROR] LogOutputStream:75 - [STDERR_REDIRECT] [Fatal Error] :1:1: Premature end of file.
2026-05-14 13:44:15,044 [ERROR] LogOutputStream:75 - [STDERR_REDIRECT] 
2026-05-14 13:44:16,032 [ERROR] LogOutputStream:75 - [STDERR_REDIRECT] [Fatal Error] :1:1: Premature end of file.
2026-05-14 13:44:16,032 [ERROR] LogOutputStream:75 - [STDERR_REDIRECT] 
2026-05-14 13:44:17,030 [ERROR] LogOutputStream:75 - [STDERR_REDIRECT] [Fatal Error] :1:1: Premature end of file.
2026-05-14 13:44:17,030 [ERROR] LogOutputStream:75 - [STDERR_REDIRECT] 
2026-05-14 13:44:18,032 [ERROR] LogOutputStream:75 - [STDERR_REDIRECT] [Fatal Error] :1:1: Premature end of file.
2026-05-14 13:44:18,032 [ERROR] LogOutputStream:75 - [STDERR_REDIRECT] 
2026-05-14 13:44:19,032 [ERROR] LogOutputStream:75 - [STDERR_REDIRECT] [Fatal Error] :1:1: Premature end of file.
2026-05-14 13:44:19,032 [ERROR] LogOutputStream:75 - [STDERR_REDIRECT] 
2026-05-14 13:44:20,042 [ERROR] LogOutputStream:75 - [STDERR_REDIRECT] [Fatal Error] :1:1: Premature end of file.
2026-05-14 13:44:20,042 [ERROR] LogOutputStream:75 - [STDERR_REDIRECT] 
2026-05-14 13:44:21,040 [ERROR] LogOutputStream:75 - [STDERR_REDIRECT] [Fatal Error] :1:1: Premature end of file.
2026-05-14 13:44:21,040 [ERROR] LogOutputStream:75 - [STDERR_REDIRECT] 
2026-05-14 13:44:22,038 [ERROR] LogOutputStream:75 - [STDERR_REDIRECT] [Fatal Error] :1:1: Premature end of file.
2026-05-14 13:44:22,038 [ERROR] LogOutputStream:75 - [STDERR_REDIRECT] 
2026-05-14 13:44:23,038 [ERROR] LogOutputStream:75 - [STDERR_REDIRECT] [Fatal Error] :1:1: Premature end of file.
2026-05-14 13:44:23,038 [ERROR] LogOutputStream:75 - [STDERR_REDIRECT] 
2026-05-14 13:44:24,035 [ERROR] LogOutputStream:75 - [STDERR_REDIRECT] [Fatal Error] :1:1: Premature end of file.
2026-05-14 13:44:24,035 [ERROR] LogOutputStream:75 - [STDERR_REDIRECT] 
2026-05-14 13:44:25,039 [ERROR] LogOutputStream:75 - [STDERR_REDIRECT] [Fatal Error] :1:1: Premature end of file.
2026-05-14 13:44:25,039 [ERROR] LogOutputStream:75 - [STDERR_REDIRECT] 
2026-05-14 13:44:26,040 [ERROR] LogOutputStream:75 - [STDERR_REDIRECT] [Fatal Error] :1:1: Premature end of file.
2026-05-14 13:44:26,040 [ERROR] LogOutputStream:75 - [STDERR_REDIRECT] 
2026-05-14 13:44:27,040 [ERROR] LogOutputStream:75 - [STDERR_REDIRECT] [Fatal Error] :1:1: Premature end of file.
2026-05-14 13:44:27,040 [ERROR] LogOutputStream:75 - [STDERR_REDIRECT] 
2026-05-14 13:44:28,040 [ERROR] LogOutputStream:75 - [STDERR_REDIRECT] [Fatal Error] :1:1: Premature end of file.
2026-05-14 13:44:28,040 [ERROR] LogOutputStream:75 - [STDERR_REDIRECT] 
2026-05-14 13:44:29,029 [ERROR] LogOutputStream:75 - [STDERR_REDIRECT] [Fatal Error] :1:1: Premature end of file.
2026-05-14 13:44:29,029 [ERROR] LogOutputStream:75 - [STDERR_REDIRECT] 
2026-05-14 13:44:30,041 [ERROR] LogOutputStream:75 - [STDERR_REDIRECT] [Fatal Error] :1:1: Premature end of file.
2026-05-14 13:44:30,041 [ERROR] LogOutputStream:75 - [STDERR_REDIRECT] 
2026-05-14 13:44:31,033 [ERROR] LogOutputStream:75 - [STDERR_REDIRECT] [Fatal Error] :1:1: Premature end of file.
2026-05-14 13:44:31,033 [ERROR] LogOutputStream:75 - [STDERR_REDIRECT] 
2026-05-14 13:44:32,029 [ERROR] LogOutputStream:75 - [STDERR_REDIRECT] [Fatal Error] :1:1: Premature end of file.
2026-05-14 13:44:32,029 [ERROR] LogOutputStream:75 - [STDERR_REDIRECT] 
2026-05-14 13:44:33,040 [ERROR] LogOutputStream:75 - [STDERR_REDIRECT] [Fatal Error] :1:1: Premature end of file.
2026-05-14 13:44:33,040 [ERROR] LogOutputStream:75 - [STDERR_REDIRECT] 
2026-05-14 13:44:34,040 [ERROR] LogOutputStream:75 - [STDERR_REDIRECT] [Fatal Error] :1:1: Premature end of file.
2026-05-14 13:44:34,040 [ERROR] LogOutputStream:75 - [STDERR_REDIRECT] 
2026-05-14 13:44:35,035 [ERROR] LogOutputStream:75 - [STDERR_REDIRECT] [Fatal Error] :1:1: Premature end of file.
2026-05-14 13:44:35,035 [ERROR] LogOutputStream:75 - [STDERR_REDIRECT] 
2026-05-14 13:44:36,030 [ERROR] LogOutputStream:75 - [STDERR_REDIRECT] [Fatal Error] :1:1: Premature end of file.
2026-05-14 13:44:36,030 [ERROR] LogOutputStream:75 - [STDERR_REDIRECT] 
2026-05-14 13:44:37,035 [ERROR] LogOutputStream:75 - [STDERR_REDIRECT] [Fatal Error] :1:1: Premature end of file.
2026-05-14 13:44:37,035 [ERROR] LogOutputStream:75 - [STDERR_REDIRECT] 
2026-05-14 13:44:38,041 [ERROR] LogOutputStream:75 - [STDERR_REDIRECT] [Fatal Error] :1:1: Premature end of file.
2026-05-14 13:44:38,041 [ERROR] LogOutputStream:75 - [STDERR_REDIRECT] 
2026-05-14 13:44:39,038 [ERROR] LogOutputStream:75 - [STDERR_REDIRECT] [Fatal Error] :1:1: Premature end of file.
2026-05-14 13:44:39,038 [ERROR] LogOutputStream:75 - [STDERR_REDIRECT] 
2026-05-14 13:44:40,030 [ERROR] LogOutputStream:75 - [STDERR_REDIRECT] [Fatal Error] :1:1: Premature end of file.
2026-05-14 13:44:40,030 [ERROR] LogOutputStream:75 - [STDERR_REDIRECT] 
2026-05-14 13:44:41,033 [ERROR] LogOutputStream:75 - [STDERR_REDIRECT] [Fatal Error] :1:1: Premature end of file.
2026-05-14 13:44:41,033 [ERROR] LogOutputStream:75 - [STDERR_REDIRECT] 
2026-05-14 13:44:42,039 [ERROR] LogOutputStream:75 - [STDERR_REDIRECT] [Fatal Error] :1:1: Premature end of file.
2026-05-14 13:44:42,039 [ERROR] LogOutputStream:75 - [STDERR_REDIRECT] 
2026-05-14 13:44:43,040 [ERROR] LogOutputStream:75 - [STDERR_REDIRECT] [Fatal Error] :1:1: Premature end of file.
2026-05-14 13:44:43,040 [ERROR] LogOutputStream:75 - [STDERR_REDIRECT] 
2026-05-14 13:44:44,035 [ERROR] LogOutputStream:75 - [STDERR_REDIRECT] [Fatal Error] :1:1: Premature end of file.
2026-05-14 13:44:44,035 [ERROR] LogOutputStream:75 - [STDERR_REDIRECT] 
2026-05-14 13:44:45,037 [ERROR] LogOutputStream:75 - [STDERR_REDIRECT] [Fatal Error] :1:1: Premature end of file.
2026-05-14 13:44:45,037 [ERROR] LogOutputStream:75 - [STDERR_REDIRECT] 
2026-05-14 13:44:46,033 [ERROR] LogOutputStream:75 - [STDERR_REDIRECT] [Fatal Error] :1:1: Premature end of file.
2026-05-14 13:44:46,034 [ERROR] LogOutputStream:75 - [STDERR_REDIRECT] 
2026-05-14 13:44:47,028 [ERROR] LogOutputStream:75 - [STDERR_REDIRECT] [Fatal Error] :1:1: Premature end of file.
2026-05-14 13:44:47,028 [ERROR] LogOutputStream:75 - [STDERR_REDIRECT] 
2026-05-14 13:44:48,028 [ERROR] LogOutputStream:75 - [STDERR_REDIRECT] [Fatal Error] :1:1: Premature end of file.
2026-05-14 13:44:48,028 [ERROR] LogOutputStream:75 - [STDERR_REDIRECT] 
2026-05-14 13:44:49,041 [ERROR] LogOutputStream:75 - [STDERR_REDIRECT] [Fatal Error] :1:1: Premature end of file.
2026-05-14 13:44:49,041 [ERROR] LogOutputStream:75 - [STDERR_REDIRECT] 
2026-05-14 13:44:50,038 [ERROR] LogOutputStream:75 - [STDERR_REDIRECT] [Fatal Error] :1:1: Premature end of file.
2026-05-14 13:44:50,038 [ERROR] LogOutputStream:75 - [STDERR_REDIRECT] 
2026-05-14 13:44:51,032 [ERROR] LogOutputStream:75 - [STDERR_REDIRECT] [Fatal Error] :1:1: Premature end of file.
2026-05-14 13:44:51,032 [ERROR] LogOutputStream:75 - [STDERR_REDIRECT] 
2026-05-14 13:44:52,028 [ERROR] LogOutputStream:75 - [STDERR_REDIRECT] [Fatal Error] :1:1: Premature end of file.
2026-05-14 13:44:52,028 [ERROR] LogOutputStream:75 - [STDERR_REDIRECT] 
2026-05-14 13:44:53,033 [ERROR] LogOutputStream:75 - [STDERR_REDIRECT] [Fatal Error] :1:1: Premature end of file.
2026-05-14 13:44:53,033 [ERROR] LogOutputStream:75 - [STDERR_REDIRECT] 
2026-05-14 13:44:54,016 [ERROR] LogOutputStream:75 - [STDERR_REDIRECT] [Fatal Error] :1:1: Premature end of file.
2026-05-14 13:44:54,031 [ERROR] LogOutputStream:75 - [STDERR_REDIRECT] 
2026-05-14 13:44:55,032 [ERROR] LogOutputStream:75 - [STDERR_REDIRECT] [Fatal Error] :1:1: Premature end of file.
2026-05-14 13:44:55,032 [ERROR] LogOutputStream:75 - [STDERR_REDIRECT] 
2026-05-14 13:44:56,034 [ERROR] LogOutputStream:75 - [STDERR_REDIRECT] [Fatal Error] :1:1: Premature end of file.
2026-05-14 13:44:56,034 [ERROR] LogOutputStream:75 - [STDERR_REDIRECT] 
2026-05-14 13:44:57,035 [ERROR] LogOutputStream:75 - [STDERR_REDIRECT] [Fatal Error] :1:1: Premature end of file.
2026-05-14 13:44:57,035 [ERROR] LogOutputStream:75 - [STDERR_REDIRECT] 
2026-05-14 13:44:58,034 [ERROR] LogOutputStream:75 - [STDERR_REDIRECT] [Fatal Error] :1:1: Premature end of file.
2026-05-14 13:44:58,034 [ERROR] LogOutputStream:75 - [STDERR_REDIRECT] 
2026-05-14 13:44:59,042 [ERROR] LogOutputStream:75 - [STDERR_REDIRECT] [Fatal Error] :1:1: Premature end of file.
2026-05-14 13:44:59,042 [ERROR] LogOutputStream:75 - [STDERR_REDIRECT] 
2026-05-14 13:45:00,044 [ERROR] LogOutputStream:75 - [STDERR_REDIRECT] [Fatal Error] :1:1: Premature end of file.
2026-05-14 13:45:00,044 [ERROR] LogOutputStream:75 - [STDERR_REDIRECT] 
2026-05-14 13:45:01,039 [ERROR] LogOutputStream:75 - [STDERR_REDIRECT] [Fatal Error] :1:1: Premature end of file.
2026-05-14 13:45:01,039 [ERROR] LogOutputStream:75 - [STDERR_REDIRECT] 
2026-05-14 13:45:02,041 [ERROR] LogOutputStream:75 - [STDERR_REDIRECT] [Fatal Error] :1:1: Premature end of file.
2026-05-14 13:45:02,041 [ERROR] LogOutputStream:75 - [STDERR_REDIRECT] 
2026-05-14 13:45:03,030 [ERROR] LogOutputStream:75 - [STDERR_REDIRECT] [Fatal Error] :1:1: Premature end of file.
2026-05-14 13:45:03,030 [ERROR] LogOutputStream:75 - [STDERR_REDIRECT] 
2026-05-14 13:45:04,037 [ERROR] LogOutputStream:75 - [STDERR_REDIRECT] [Fatal Error] :1:1: Premature end of file.
2026-05-14 13:45:04,037 [ERROR] LogOutputStream:75 - [STDERR_REDIRECT] 
2026-05-14 13:45:05,030 [ERROR] LogOutputStream:75 - [STDERR_REDIRECT] [Fatal Error] :1:1: Premature end of file.
2026-05-14 13:45:05,030 [ERROR] LogOutputStream:75 - [STDERR_REDIRECT] 
2026-05-14 13:45:06,029 [ERROR] LogOutputStream:75 - [STDERR_REDIRECT] [Fatal Error] :1:1: Premature end of file.
2026-05-14 13:45:06,029 [ERROR] LogOutputStream:75 - [STDERR_REDIRECT] 
2026-05-14 13:45:07,029 [ERROR] LogOutputStream:75 - [STDERR_REDIRECT] [Fatal Error] :1:1: Premature end of file.
2026-05-14 13:45:07,030 [ERROR] LogOutputStream:75 - [STDERR_REDIRECT] 
2026-05-14 13:45:08,262 [ERROR] LogOutputStream:75 - [STDERR_REDIRECT] [Fatal Error] :1:1: Premature end of file.
2026-05-14 13:45:08,262 [ERROR] LogOutputStream:75 - [STDERR_REDIRECT] 
2026-05-14 13:45:09,029 [ERROR] LogOutputStream:75 - [STDERR_REDIRECT] [Fatal Error] :1:1: Premature end of file.
2026-05-14 13:45:09,029 [ERROR] LogOutputStream:75 - [STDERR_REDIRECT] 
2026-05-14 13:45:10,027 [ERROR] LogOutputStream:75 - [STDERR_REDIRECT] [Fatal Error] :1:1: Premature end of file.
2026-05-14 13:45:10,027 [ERROR] LogOutputStream:75 - [STDERR_REDIRECT] 
2026-05-14 13:45:11,076 [ERROR] LogOutputStream:75 - [STDERR_REDIRECT] [Fatal Error] :1:1: Premature end of file.
2026-05-14 13:45:11,076 [ERROR] LogOutputStream:75 - [STDERR_REDIRECT] 
2026-05-14 13:45:11,254 [ERROR] LogOutputStream:75 - [STDERR_REDIRECT] 
